,id,comment,User  id,Photo id,created Timestamp,posted date,emoji used,Hashtags used count
0,1,fantastic. wonderful experience.,2,1,13-04-2023 08:04,April 14,yes,1
1,2,broke easily. awful.,3,1,13-04-2023 08:04,April 14,no,2
2,3,met expectations. five stars.,5,1,13-04-2023 08:04,April 14,no,4
3,4,very satisfied. wonderful experience.,14,1,13-04-2023 08:04,April 14,yes,2
4,5,worst purchase. one star.,17,1,13-04-2023 08:04,April 14,yes,1
5,6,some pros and cons. works perfectly.,21,1,13-04-2023 08:04,April 14,no,2
6,7,highly recommend. amazing features.,24,1,13-04-2023 08:04,April 14,yes,0
7,8,waste of money. poor quality.,31,1,13-04-2023 08:04,April 14,no,5
8,9,love this product. highly recommend. nothing special.,36,1,13-04-2023 08:04,April 14,no,6
9,10,poor quality. worst purchase.,41,1,13-04-2023 08:04,April 14,yes,2
10,11,awful. customer service was bad. some pros and cons.,52,1,13-04-2023 08:04,April 14,yes,1
11,12,fantastic. best purchase ever.,54,1,13-04-2023 08:04,April 14,no,3
12,13,wonderful experience. love this product. some pros and cons.,55,1,13-04-2023 08:04,April 14,yes,1
13,14,broke easily. does not work.,57,1,13-04-2023 08:04,April 14,no,2
14,15,decent for the price. worst purchase.,62,1,13-04-2023 08:04,April 14,no,4
15,16,awful. one star.,63,1,13-04-2023 08:04,April 14,yes,2
16,17,exceeded expectations. works perfectly.,66,1,13-04-2023 08:04,April 14,yes,1
17,18,best purchase ever. easy to use.,71,1,13-04-2023 08:04,April 14,no,2
18,19,works as expected. easy to use.,72,1,13-04-2023 08:04,April 14,yes,0
19,20,difficult to use. difficult to use.,75,1,13-04-2023 08:04,April 14,no,5
20,21,neither good nor bad. very satisfied.,76,1,13-04-2023 08:04,April 14,no,6
21,22,amazing features. great value.,78,1,13-04-2023 08:04,April 14,yes,2
22,23,exceeded expectations. best purchase ever. some pros and cons.,87,1,13-04-2023 08:04,April 14,yes,1
23,24,would not recommend. bad experience.,91,1,13-04-2023 08:04,April 14,no,3
24,25,it's okay. five stars.,98,1,13-04-2023 08:04,April 14,yes,1
25,26,it's okay. five stars.,3,2,13-04-2023 08:04,April 14,no,2
26,27,broke easily. terrible product.,5,2,13-04-2023 08:04,April 14,no,4
27,28,love this product. works perfectly.,14,2,13-04-2023 08:04,April 14,yes,2
28,29,very satisfied. easy to use.,15,2,13-04-2023 08:04,April 14,yes,1
29,30,could be better. excellent quality.,18,2,13-04-2023 08:04,April 14,no,2
30,31,met expectations. does not work.,19,2,13-04-2023 08:04,April 14,yes,0
31,32,best purchase ever. works perfectly.,21,2,13-04-2023 08:04,April 14,no,5
32,33,easy to use. excellent quality.,24,2,13-04-2023 08:04,April 14,no,6
33,34,average product. customer service was bad.,28,2,13-04-2023 08:04,April 14,yes,2
34,35,worst purchase. missing features.,30,2,13-04-2023 08:04,April 14,yes,1
35,36,customer service was bad. one star.,31,2,13-04-2023 08:04,April 14,no,3
36,37,works as expected. very disappointed.,35,2,13-04-2023 08:04,April 14,yes,1
37,38,awful. would not recommend.,36,2,13-04-2023 08:04,April 14,no,2
38,39,amazing features. wonderful experience. average product.,41,2,13-04-2023 08:04,April 14,no,4
39,40,would not recommend. terrible product. decent for the price.,42,2,13-04-2023 08:04,April 14,yes,2
40,41,love this product. five stars.,43,2,13-04-2023 08:04,April 14,yes,1
41,42,exceeded expectations. excellent quality.,47,2,13-04-2023 08:04,April 14,no,2
42,43,waste of money. one star.,48,2,13-04-2023 08:04,April 14,yes,0
43,44,it's okay. five stars.,54,2,13-04-2023 08:04,April 14,no,5
44,45,very satisfied. works perfectly.,57,2,13-04-2023 08:04,April 14,no,6
45,46,works perfectly. five stars.,60,2,13-04-2023 08:04,April 14,yes,2
46,47,works perfectly. excellent quality.,65,2,13-04-2023 08:04,April 14,yes,1
47,48,very disappointed. difficult to use. average product.,66,2,13-04-2023 08:04,April 14,no,3
48,49,broke easily. very disappointed.,71,2,13-04-2023 08:04,April 14,yes,1
49,50,wonderful experience. five stars.,75,2,13-04-2023 08:04,April 14,no,2
50,51,terrible product. awful.,76,2,13-04-2023 08:04,April 14,no,4
51,52,five stars. excellent quality. neither good nor bad.,82,2,13-04-2023 08:04,April 14,yes,2
52,53,met expectations. very disappointed.,85,2,13-04-2023 08:04,April 14,yes,1
53,54,broke easily. one star.,87,2,13-04-2023 08:04,April 14,no,2
54,55,highly recommend. very satisfied. nothing special.,91,2,13-04-2023 08:04,April 14,yes,0
55,56,average product. customer service was bad.,95,2,13-04-2023 08:04,April 14,no,5
56,57,neither good nor bad. best purchase ever.,5,3,13-04-2023 08:04,April 14,no,6
57,58,best purchase ever. best purchase ever. average product.,14,3,13-04-2023 08:04,April 14,yes,2
58,59,bad experience. difficult to use.,15,3,13-04-2023 08:04,April 14,yes,1
59,60,best purchase ever. works perfectly.,21,3,13-04-2023 08:04,April 14,no,3
60,61,waste of money. terrible product.,24,3,13-04-2023 08:04,April 14,yes,1
61,62,best purchase ever. great value.,27,3,13-04-2023 08:04,April 14,no,2
62,63,very disappointed. waste of money.,35,3,13-04-2023 08:04,April 14,no,4
63,64,love this product. fantastic.,36,3,13-04-2023 08:04,April 14,yes,2
64,65,exceeded expectations. highly recommend.,37,3,13-04-2023 08:04,April 14,yes,1
65,66,broke easily. waste of money.,38,3,13-04-2023 08:04,April 14,no,2
66,67,one star. bad experience. average product.,41,3,13-04-2023 08:04,April 14,yes,0
67,68,love this product. best purchase ever.,43,3,13-04-2023 08:04,April 14,no,5
68,69,does not work. missing features.,44,3,13-04-2023 08:04,April 14,no,6
69,70,awful. would not recommend.,50,3,13-04-2023 08:04,April 14,yes,2
70,71,great value. amazing features.,54,3,13-04-2023 08:04,April 14,yes,1
71,72,average product. fantastic.,57,3,13-04-2023 08:04,April 14,no,3
72,73,easy to use. amazing features. it's okay.,62,3,13-04-2023 08:04,April 14,yes,1
73,74,bad experience. broke easily. nothing special.,63,3,13-04-2023 08:04,April 14,no,2
74,75,amazing features. easy to use.,66,3,13-04-2023 08:04,April 14,no,4
75,76,works perfectly. five stars.,67,3,13-04-2023 08:04,April 14,yes,2
76,77,neither good nor bad. difficult to use.,70,3,13-04-2023 08:04,April 14,yes,1
77,78,easy to use. best purchase ever.,71,3,13-04-2023 08:04,April 14,no,2
78,79,five stars. amazing features.,75,3,13-04-2023 08:04,April 14,yes,0
79,80,wonderful experience. fantastic. average product.,76,3,13-04-2023 08:04,April 14,no,5
80,81,decent for the price. fantastic.,79,3,13-04-2023 08:04,April 14,no,6
81,82,love this product. easy to use.,91,3,13-04-2023 08:04,April 14,yes,2
82,83,works perfectly. wonderful experience.,97,3,13-04-2023 08:04,April 14,yes,1
83,84,neither good nor bad. wonderful experience.,5,4,13-04-2023 08:04,April 14,no,3
84,85,best purchase ever. highly recommend. some pros and cons.,6,4,13-04-2023 08:04,April 14,yes,1
85,86,customer service was bad. missing features.,8,4,13-04-2023 08:04,April 14,no,2
86,87,very disappointed. worst purchase. decent for the price.,11,4,13-04-2023 08:04,April 14,no,4
87,88,works perfectly. highly recommend. some pros and cons.,14,4,13-04-2023 08:04,April 14,yes,2
88,89,difficult to use. missing features.,15,4,13-04-2023 08:04,April 14,yes,1
89,90,waste of money. awful. nothing special.,18,4,13-04-2023 08:04,April 14,no,2
90,91,one star. one star.,20,4,13-04-2023 08:04,April 14,yes,0
91,92,amazing features. love this product.,21,4,13-04-2023 08:04,April 14,no,5
92,93,works perfectly. wonderful experience.,22,4,13-04-2023 08:04,April 14,no,6
93,94,could be better. broke easily.,24,4,13-04-2023 08:04,April 14,yes,2
94,95,love this product. excellent quality.,26,4,13-04-2023 08:04,April 14,yes,1
95,96,missing features. very disappointed.,33,4,13-04-2023 08:04,April 14,no,3
96,97,missing features. does not work. decent for the price.,36,4,13-04-2023 08:04,April 14,yes,1
97,98,very satisfied. works perfectly.,41,4,13-04-2023 08:04,April 14,no,2
98,99,best purchase ever. works perfectly. some pros and cons.,42,4,13-04-2023 08:04,April 14,no,4
99,100,would not recommend. customer service was bad.,47,4,13-04-2023 08:04,April 14,yes,2
100,101,difficult to use. worst purchase.,50,4,13-04-2023 08:04,April 14,yes,1
101,102,it's okay. waste of money.,54,4,13-04-2023 08:04,April 14,no,2
102,103,neither good nor bad. waste of money.,57,4,13-04-2023 08:04,April 14,yes,0
103,104,very disappointed. one star.,66,4,13-04-2023 08:04,April 14,no,5
104,105,broke easily. does not work.,67,4,13-04-2023 08:04,April 14,no,6
105,106,fantastic. five stars. works as expected.,71,4,13-04-2023 08:04,April 14,yes,2
106,107,awful. terrible product.,75,4,13-04-2023 08:04,April 14,yes,1
107,108,excellent quality. very satisfied.,76,4,13-04-2023 08:04,April 14,no,3
108,109,amazing features. easy to use. met expectations.,79,4,13-04-2023 08:04,April 14,yes,1
109,110,works perfectly. works perfectly.,85,4,13-04-2023 08:04,April 14,no,2
110,111,waste of money. waste of money.,91,4,13-04-2023 08:04,April 14,no,4
111,112,very disappointed. terrible product.,95,4,13-04-2023 08:04,April 14,yes,2
112,113,love this product. best purchase ever.,97,4,13-04-2023 08:04,April 14,yes,1
113,114,very disappointed. awful.,98,4,13-04-2023 08:04,April 14,no,2
114,115,fantastic. love this product.,100,4,13-04-2023 08:04,April 14,yes,0
115,116,fantastic. excellent quality.,5,5,13-04-2023 08:04,April 14,no,5
116,117,neither good nor bad. one star.,14,5,13-04-2023 08:04,April 14,no,6
117,118,amazing features. easy to use.,17,5,13-04-2023 08:04,April 14,yes,2
118,119,very disappointed. worst purchase.,21,5,13-04-2023 08:04,April 14,yes,1
119,120,missing features. would not recommend.,22,5,13-04-2023 08:04,April 14,no,3
120,121,would not recommend. very disappointed.,24,5,13-04-2023 08:04,April 14,yes,1
121,122,missing features. waste of money.,26,5,13-04-2023 08:04,April 14,no,2
122,123,bad experience. very disappointed.,28,5,13-04-2023 08:04,April 14,no,4
123,124,very disappointed. very disappointed. nothing special.,36,5,13-04-2023 08:04,April 14,yes,2
124,125,could be better. awful.,41,5,13-04-2023 08:04,April 14,yes,1
125,126,would not recommend. very disappointed.,42,5,13-04-2023 08:04,April 14,no,2
126,127,could be better. wonderful experience.,44,5,13-04-2023 08:04,April 14,yes,0
127,128,very satisfied. highly recommend.,48,5,13-04-2023 08:04,April 14,no,5
128,129,terrible product. worst purchase.,54,5,13-04-2023 08:04,April 14,no,6
129,130,love this product. very satisfied.,57,5,13-04-2023 08:04,April 14,yes,2
130,131,one star. poor quality.,60,5,13-04-2023 08:04,April 14,yes,1
131,132,waste of money. missing features.,66,5,13-04-2023 08:04,April 14,no,3
132,133,it's okay. one star.,71,5,13-04-2023 08:04,April 14,yes,1
133,134,exceeded expectations. amazing features. works as expected.,72,5,13-04-2023 08:04,April 14,no,2
134,135,met expectations. wonderful experience.,75,5,13-04-2023 08:04,April 14,no,4
135,136,decent for the price. works perfectly.,76,5,13-04-2023 08:04,April 14,yes,2
136,137,some pros and cons. missing features.,79,5,13-04-2023 08:04,April 14,yes,1
137,138,terrible product. missing features.,84,5,13-04-2023 08:04,April 14,no,2
138,139,does not work. very disappointed.,91,5,13-04-2023 08:04,April 14,yes,0
139,140,it's okay. difficult to use.,94,5,13-04-2023 08:04,April 14,no,5
140,141,some pros and cons. great value.,95,5,13-04-2023 08:04,April 14,no,6
141,142,average product. broke easily.,97,5,13-04-2023 08:04,April 14,yes,2
142,143,would not recommend. bad experience. could be better.,5,6,13-04-2023 08:04,April 14,yes,1
143,144,highly recommend. five stars.,6,6,13-04-2023 08:04,April 14,no,3
144,145,decent for the price. customer service was bad.,11,6,13-04-2023 08:04,April 14,yes,1
145,146,one star. worst purchase.,14,6,13-04-2023 08:04,April 14,no,2
146,147,awful. one star.,19,6,13-04-2023 08:04,April 14,no,4
147,148,fantastic. great value.,21,6,13-04-2023 08:04,April 14,yes,2
148,149,missing features. very disappointed. could be better.,24,6,13-04-2023 08:04,April 14,yes,1
149,150,waste of money. worst purchase.,26,6,13-04-2023 08:04,April 14,no,2
150,151,does not work. awful.,36,6,13-04-2023 08:04,April 14,yes,0
151,152,would not recommend. missing features. some pros and cons.,41,6,13-04-2023 08:04,April 14,no,5
152,153,met expectations. excellent quality.,46,6,13-04-2023 08:04,April 14,no,6
153,154,works as expected. amazing features.,47,6,13-04-2023 08:04,April 14,yes,2
154,155,love this product. wonderful experience.,52,6,13-04-2023 08:04,April 14,yes,1
155,156,difficult to use. terrible product.,54,6,13-04-2023 08:04,April 14,no,3
156,157,bad experience. awful.,57,6,13-04-2023 08:04,April 14,yes,1
157,158,does not work. broke easily.,61,6,13-04-2023 08:04,April 14,no,2
158,159,fantastic. works perfectly. works as expected.,62,6,13-04-2023 08:04,April 14,no,4
159,160,poor quality. customer service was bad.,66,6,13-04-2023 08:04,April 14,yes,2
160,161,easy to use. works perfectly.,71,6,13-04-2023 08:04,April 14,yes,1
161,162,terrible product. difficult to use.,73,6,13-04-2023 08:04,April 14,no,2
162,163,difficult to use. does not work. could be better.,75,6,13-04-2023 08:04,April 14,yes,0
163,164,terrible product. one star. average product.,76,6,13-04-2023 08:04,April 14,no,5
164,165,nothing special. waste of money.,78,6,13-04-2023 08:04,April 14,no,6
165,166,difficult to use. waste of money. works as expected.,84,6,13-04-2023 08:04,April 14,yes,2
166,167,excellent quality. love this product.,91,6,13-04-2023 08:04,April 14,yes,1
167,168,easy to use. easy to use. decent for the price.,93,6,13-04-2023 08:04,April 14,no,3
168,169,five stars. works perfectly.,97,6,13-04-2023 08:04,April 14,yes,1
169,170,fantastic. exceeded expectations.,99,6,13-04-2023 08:04,April 14,no,2
170,171,missing features. awful.,100,6,13-04-2023 08:04,April 14,no,4
171,172,customer service was bad. would not recommend. average product.,5,7,13-04-2023 08:04,April 14,yes,2
172,173,great value. best purchase ever.,9,7,13-04-2023 08:04,April 14,yes,1
173,174,very disappointed. worst purchase.,10,7,13-04-2023 08:04,April 14,no,2
174,175,amazing features. very satisfied.,11,7,13-04-2023 08:04,April 14,yes,0
175,176,worst purchase. bad experience.,14,7,13-04-2023 08:04,April 14,no,5
176,177,excellent quality. five stars.,19,7,13-04-2023 08:04,April 14,no,6
177,178,does not work. worst purchase. could be better.,21,7,13-04-2023 08:04,April 14,yes,2
178,179,met expectations. fantastic.,24,7,13-04-2023 08:04,April 14,yes,1
179,180,works perfectly. works perfectly.,27,7,13-04-2023 08:04,April 14,no,3
180,181,worst purchase. poor quality. some pros and cons.,33,7,13-04-2023 08:04,April 14,yes,1
181,182,broke easily. awful.,36,7,13-04-2023 08:04,April 14,no,2
182,183,met expectations. does not work.,40,7,13-04-2023 08:04,April 14,no,4
183,184,best purchase ever. amazing features.,41,7,13-04-2023 08:04,April 14,yes,2
184,185,love this product. easy to use.,42,7,13-04-2023 08:04,April 14,yes,1
185,186,broke easily. worst purchase. neither good nor bad.,54,7,13-04-2023 08:04,April 14,no,2
186,187,worst purchase. difficult to use. decent for the price.,56,7,13-04-2023 08:04,April 14,yes,0
187,188,broke easily. difficult to use.,57,7,13-04-2023 08:04,April 14,no,5
188,189,best purchase ever. easy to use. could be better.,63,7,13-04-2023 08:04,April 14,no,6
189,190,works as expected. awful.,66,7,13-04-2023 08:04,April 14,yes,2
190,191,awful. terrible product.,70,7,13-04-2023 08:04,April 14,yes,1
191,192,bad experience. worst purchase.,71,7,13-04-2023 08:04,April 14,no,3
192,193,customer service was bad. broke easily.,75,7,13-04-2023 08:04,April 14,yes,1
193,194,works perfectly. exceeded expectations.,76,7,13-04-2023 08:04,April 14,no,2
194,195,great value. five stars.,87,7,13-04-2023 08:04,April 14,no,4
195,196,highly recommend. great value.,91,7,13-04-2023 08:04,April 14,yes,2
196,197,awful. customer service was bad.,92,7,13-04-2023 08:04,April 14,yes,1
197,198,terrible product. waste of money.,97,7,13-04-2023 08:04,April 14,no,2
198,199,broke easily. worst purchase.,2,8,13-04-2023 08:04,April 14,yes,0
199,200,fantastic. exceeded expectations.,5,8,13-04-2023 08:04,April 14,no,5
200,201,would not recommend. broke easily.,8,8,13-04-2023 08:04,April 14,no,6
201,202,excellent quality. amazing features. it's okay.,14,8,13-04-2023 08:04,April 14,yes,2
202,203,waste of money. very disappointed.,17,8,13-04-2023 08:04,April 14,yes,1
203,204,worst purchase. terrible product. works as expected.,19,8,13-04-2023 08:04,April 14,no,3
204,205,awful. does not work.,21,8,13-04-2023 08:04,April 14,yes,1
205,206,highly recommend. great value. some pros and cons.,24,8,13-04-2023 08:04,April 14,no,2
206,207,some pros and cons. excellent quality.,27,8,13-04-2023 08:04,April 14,no,4
207,208,fantastic. amazing features.,30,8,13-04-2023 08:04,April 14,yes,2
208,209,met expectations. great value.,32,8,13-04-2023 08:04,April 14,yes,1
209,210,one star. bad experience.,33,8,13-04-2023 08:04,April 14,no,2
210,211,wonderful experience. works perfectly.,36,8,13-04-2023 08:04,April 14,yes,0
211,212,very disappointed. awful.,37,8,13-04-2023 08:04,April 14,no,5
212,213,amazing features. wonderful experience.,39,8,13-04-2023 08:04,April 14,no,6
213,214,broke easily. very disappointed. decent for the price.,41,8,13-04-2023 08:04,April 14,yes,2
214,215,neither good nor bad. exceeded expectations.,43,8,13-04-2023 08:04,April 14,yes,1
215,216,wonderful experience. wonderful experience. average product.,44,8,13-04-2023 08:04,April 14,no,3
216,217,excellent quality. five stars. works as expected.,46,8,13-04-2023 08:04,April 14,yes,1
217,218,decent for the price. highly recommend.,52,8,13-04-2023 08:04,April 14,no,2
218,219,love this product. five stars. met expectations.,54,8,13-04-2023 08:04,April 14,no,4
219,220,customer service was bad. bad experience.,56,8,13-04-2023 08:04,April 14,yes,2
220,221,neither good nor bad. love this product.,57,8,13-04-2023 08:04,April 14,yes,1
221,222,average product. wonderful experience.,63,8,13-04-2023 08:04,April 14,no,2
222,223,amazing features. easy to use.,66,8,13-04-2023 08:04,April 14,yes,0
223,224,highly recommend. very satisfied. works as expected.,71,8,13-04-2023 08:04,April 14,no,5
224,225,bad experience. waste of money.,72,8,13-04-2023 08:04,April 14,no,6
225,226,amazing features. great value.,73,8,13-04-2023 08:04,April 14,yes,2
226,227,poor quality. bad experience. it's okay.,75,8,13-04-2023 08:04,April 14,yes,1
227,228,one star. broke easily.,76,8,13-04-2023 08:04,April 14,no,3
228,229,awful. broke easily.,82,8,13-04-2023 08:04,April 14,yes,1
229,230,fantastic. five stars.,84,8,13-04-2023 08:04,April 14,no,2
230,231,easy to use. love this product.,85,8,13-04-2023 08:04,April 14,no,4
231,232,amazing features. five stars. met expectations.,91,8,13-04-2023 08:04,April 14,yes,2
232,233,fantastic. exceeded expectations.,93,8,13-04-2023 08:04,April 14,yes,1
233,234,poor quality. customer service was bad.,94,8,13-04-2023 08:04,April 14,no,2
234,235,some pros and cons. very satisfied.,96,8,13-04-2023 08:04,April 14,yes,0
235,236,some pros and cons. very disappointed.,100,8,13-04-2023 08:04,April 14,no,5
236,237,fantastic. excellent quality.,2,9,13-04-2023 08:04,April 14,no,6
237,238,would not recommend. worst purchase.,3,9,13-04-2023 08:04,April 14,yes,2
238,239,poor quality. poor quality. it's okay.,5,9,13-04-2023 08:04,April 14,yes,1
239,240,met expectations. missing features.,14,9,13-04-2023 08:04,April 14,no,3
240,241,awful. poor quality.,19,9,13-04-2023 08:04,April 14,yes,1
241,242,highly recommend. highly recommend.,21,9,13-04-2023 08:04,April 14,no,2
242,243,worst purchase. customer service was bad. met expectations.,24,9,13-04-2023 08:04,April 14,no,4
243,244,wonderful experience. works perfectly. neither good nor bad.,26,9,13-04-2023 08:04,April 14,yes,2
244,245,great value. easy to use. average product.,36,9,13-04-2023 08:04,April 14,yes,1
245,246,awful. missing features.,40,9,13-04-2023 08:04,April 14,no,2
246,247,wonderful experience. very satisfied. it's okay.,41,9,13-04-2023 08:04,April 14,yes,0
247,248,best purchase ever. wonderful experience.,50,9,13-04-2023 08:04,April 14,no,5
248,249,highly recommend. five stars. it's okay.,54,9,13-04-2023 08:04,April 14,no,6
249,250,decent for the price. highly recommend.,57,9,13-04-2023 08:04,April 14,yes,2
250,251,worst purchase. does not work.,61,9,13-04-2023 08:04,April 14,yes,1
251,252,excellent quality. fantastic.,65,9,13-04-2023 08:04,April 14,no,3
252,253,would not recommend. customer service was bad. average product.,66,9,13-04-2023 08:04,April 14,yes,1
253,254,very satisfied. five stars.,69,9,13-04-2023 08:04,April 14,no,2
254,255,broke easily. missing features.,71,9,13-04-2023 08:04,April 14,no,4
255,256,awful. one star. neither good nor bad.,75,9,13-04-2023 08:04,April 14,yes,2
256,257,some pros and cons. highly recommend.,76,9,13-04-2023 08:04,April 14,yes,1
257,258,met expectations. amazing features.,85,9,13-04-2023 08:04,April 14,no,2
258,259,decent for the price. awful.,91,9,13-04-2023 08:04,April 14,yes,0
259,260,exceeded expectations. wonderful experience. average product.,95,9,13-04-2023 08:04,April 14,no,5
260,261,bad experience. terrible product. met expectations.,98,9,13-04-2023 08:04,April 14,no,6
261,262,love this product. works perfectly. nothing special.,2,10,13-04-2023 08:04,April 14,yes,2
262,263,exceeded expectations. excellent quality.,5,10,13-04-2023 08:04,April 14,yes,1
263,264,fantastic. exceeded expectations.,9,10,13-04-2023 08:04,April 14,no,3
264,265,wonderful experience. highly recommend.,12,10,13-04-2023 08:04,April 14,yes,1
265,266,terrible product. difficult to use.,14,10,13-04-2023 08:04,April 14,no,2
266,267,easy to use. best purchase ever.,21,10,13-04-2023 08:04,April 14,no,4
267,268,awful. awful.,24,10,13-04-2023 08:04,April 14,yes,2
268,269,works as expected. customer service was bad.,26,10,13-04-2023 08:04,April 14,yes,1
269,270,excellent quality. excellent quality.,36,10,13-04-2023 08:04,April 14,no,2
270,271,bad experience. missing features. some pros and cons.,38,10,13-04-2023 08:04,April 14,yes,0
271,272,met expectations. very satisfied.,41,10,13-04-2023 08:04,April 14,no,5
272,273,some pros and cons. wonderful experience.,46,10,13-04-2023 08:04,April 14,no,6
273,274,some pros and cons. love this product.,54,10,13-04-2023 08:04,April 14,yes,2
274,275,great value. works perfectly.,57,10,13-04-2023 08:04,April 14,yes,1
275,276,does not work. one star. works as expected.,66,10,13-04-2023 08:04,April 14,no,3
276,277,waste of money. worst purchase.,67,10,13-04-2023 08:04,April 14,yes,1
277,278,missing features. one star. decent for the price.,71,10,13-04-2023 08:04,April 14,no,2
278,279,easy to use. very satisfied.,73,10,13-04-2023 08:04,April 14,no,4
279,280,easy to use. exceeded expectations. decent for the price.,75,10,13-04-2023 08:04,April 14,yes,2
280,281,works perfectly. highly recommend.,76,10,13-04-2023 08:04,April 14,yes,1
281,282,nothing special. bad experience.,84,10,13-04-2023 08:04,April 14,no,2
282,283,best purchase ever. highly recommend.,87,10,13-04-2023 08:04,April 14,yes,0
283,284,worst purchase. missing features.,91,10,13-04-2023 08:04,April 14,no,5
284,285,easy to use. fantastic.,100,10,13-04-2023 08:04,April 14,no,6
285,286,highly recommend. highly recommend. met expectations.,3,11,13-04-2023 08:04,April 14,yes,2
286,287,broke easily. bad experience.,5,11,13-04-2023 08:04,April 14,yes,1
287,288,amazing features. best purchase ever. some pros and cons.,14,11,13-04-2023 08:04,April 14,no,3
288,289,love this product. best purchase ever. nothing special.,20,11,13-04-2023 08:04,April 14,yes,1
289,290,difficult to use. worst purchase.,21,11,13-04-2023 08:04,April 14,no,2
290,291,average product. love this product.,24,11,13-04-2023 08:04,April 14,no,4
291,292,neither good nor bad. very disappointed.,27,11,13-04-2023 08:04,April 14,yes,2
292,293,exceeded expectations. best purchase ever. some pros and cons.,31,11,13-04-2023 08:04,April 14,yes,1
293,294,waste of money. poor quality.,36,11,13-04-2023 08:04,April 14,no,2
294,295,five stars. works perfectly.,38,11,13-04-2023 08:04,April 14,yes,0
295,296,would not recommend. does not work.,41,11,13-04-2023 08:04,April 14,no,5
296,297,difficult to use. would not recommend.,50,11,13-04-2023 08:04,April 14,no,6
297,298,five stars. exceeded expectations.,52,11,13-04-2023 08:04,April 14,yes,2
298,299,worst purchase. does not work. average product.,54,11,13-04-2023 08:04,April 14,yes,1
299,300,easy to use. highly recommend. nothing special.,55,11,13-04-2023 08:04,April 14,no,3
300,301,amazing features. easy to use.,57,11,13-04-2023 08:04,April 14,yes,1
301,302,one star. awful.,66,11,13-04-2023 08:04,April 14,no,2
302,303,five stars. love this product.,71,11,13-04-2023 08:04,April 14,no,4
303,304,excellent quality. fantastic.,73,11,13-04-2023 08:04,April 14,yes,2
304,305,very disappointed. would not recommend.,75,11,13-04-2023 08:04,April 14,yes,1
305,306,wonderful experience. excellent quality.,76,11,13-04-2023 08:04,April 14,no,2
306,307,broke easily. does not work.,78,11,13-04-2023 08:04,April 14,yes,0
307,308,very disappointed. does not work.,82,11,13-04-2023 08:04,April 14,no,5
308,309,love this product. best purchase ever.,84,11,13-04-2023 08:04,April 14,no,6
309,310,best purchase ever. very satisfied. neither good nor bad.,91,11,13-04-2023 08:04,April 14,yes,2
310,311,works perfectly. excellent quality. works as expected.,92,11,13-04-2023 08:04,April 14,yes,1
311,312,missing features. poor quality. met expectations.,99,11,13-04-2023 08:04,April 14,no,3
312,313,very disappointed. customer service was bad. works as expected.,5,12,13-04-2023 08:04,April 14,yes,1
313,314,decent for the price. great value.,14,12,13-04-2023 08:04,April 14,no,2
314,315,would not recommend. bad experience.,17,12,13-04-2023 08:04,April 14,no,4
315,316,excellent quality. wonderful experience. met expectations.,18,12,13-04-2023 08:04,April 14,yes,2
316,317,easy to use. works perfectly.,21,12,13-04-2023 08:04,April 14,yes,1
317,318,excellent quality. exceeded expectations.,22,12,13-04-2023 08:04,April 14,no,2
318,319,waste of money. missing features.,24,12,13-04-2023 08:04,April 14,yes,0
319,320,nothing special. terrible product.,32,12,13-04-2023 08:04,April 14,no,5
320,321,highly recommend. highly recommend.,36,12,13-04-2023 08:04,April 14,no,6
321,322,bad experience. does not work.,37,12,13-04-2023 08:04,April 14,yes,2
322,323,easy to use. excellent quality. decent for the price.,38,12,13-04-2023 08:04,April 14,yes,1
323,324,great value. love this product.,40,12,13-04-2023 08:04,April 14,no,3
324,325,poor quality. waste of money.,41,12,13-04-2023 08:04,April 14,yes,1
325,326,five stars. exceeded expectations.,44,12,13-04-2023 08:04,April 14,no,2
326,327,highly recommend. excellent quality.,54,12,13-04-2023 08:04,April 14,no,4
327,328,wonderful experience. very satisfied.,57,12,13-04-2023 08:04,April 14,yes,2
328,329,awful. missing features.,63,12,13-04-2023 08:04,April 14,yes,1
329,330,terrible product. worst purchase.,66,12,13-04-2023 08:04,April 14,no,2
330,331,easy to use. excellent quality.,69,12,13-04-2023 08:04,April 14,yes,0
331,332,does not work. waste of money.,71,12,13-04-2023 08:04,April 14,no,5
332,333,missing features. difficult to use.,73,12,13-04-2023 08:04,April 14,no,6
333,334,fantastic. love this product.,75,12,13-04-2023 08:04,April 14,yes,2
334,335,highly recommend. exceeded expectations.,76,12,13-04-2023 08:04,April 14,yes,1
335,336,decent for the price. very disappointed.,78,12,13-04-2023 08:04,April 14,no,3
336,337,awful. awful.,91,12,13-04-2023 08:04,April 14,yes,1
337,338,would not recommend. customer service was bad. some pros and cons.,98,12,13-04-2023 08:04,April 14,no,2
338,339,worst purchase. waste of money. could be better.,99,12,13-04-2023 08:04,April 14,no,4
339,340,one star. poor quality. it's okay.,2,13,13-04-2023 08:04,April 14,yes,2
340,341,broke easily. customer service was bad.,5,13,13-04-2023 08:04,April 14,yes,1
341,342,would not recommend. waste of money.,9,13,13-04-2023 08:04,April 14,no,2
342,343,neither good nor bad. one star.,10,13,13-04-2023 08:04,April 14,yes,0
343,344,customer service was bad. waste of money.,12,13,13-04-2023 08:04,April 14,no,5
344,345,exceeded expectations. amazing features.,13,13,13-04-2023 08:04,April 14,no,6
345,346,great value. highly recommend.,14,13,13-04-2023 08:04,April 14,yes,2
346,347,decent for the price. awful.,16,13,13-04-2023 08:04,April 14,yes,1
347,348,neither good nor bad. missing features.,17,13,13-04-2023 08:04,April 14,no,3
348,349,fantastic. love this product.,21,13,13-04-2023 08:04,April 14,yes,1
349,350,works as expected. best purchase ever.,24,13,13-04-2023 08:04,April 14,no,2
350,351,waste of money. customer service was bad.,28,13,13-04-2023 08:04,April 14,no,4
351,352,some pros and cons. very disappointed.,31,13,13-04-2023 08:04,April 14,yes,2
352,353,one star. terrible product. some pros and cons.,32,13,13-04-2023 08:04,April 14,yes,1
353,354,does not work. difficult to use.,35,13,13-04-2023 08:04,April 14,no,2
354,355,nothing special. awful.,36,13,13-04-2023 08:04,April 14,yes,0
355,356,met expectations. waste of money.,39,13,13-04-2023 08:04,April 14,no,5
356,357,bad experience. would not recommend.,41,13,13-04-2023 08:04,April 14,no,6
357,358,fantastic. great value.,47,13,13-04-2023 08:04,April 14,yes,2
358,359,excellent quality. works perfectly. works as expected.,50,13,13-04-2023 08:04,April 14,yes,1
359,360,bad experience. one star.,52,13,13-04-2023 08:04,April 14,no,3
360,361,wonderful experience. highly recommend. it's okay.,54,13,13-04-2023 08:04,April 14,yes,1
361,362,terrible product. broke easily.,57,13,13-04-2023 08:04,April 14,no,2
362,363,it's okay. would not recommend.,60,13,13-04-2023 08:04,April 14,no,4
363,364,decent for the price. wonderful experience.,62,13,13-04-2023 08:04,April 14,yes,2
364,365,terrible product. customer service was bad.,65,13,13-04-2023 08:04,April 14,yes,1
365,366,works perfectly. best purchase ever.,66,13,13-04-2023 08:04,April 14,no,2
366,367,great value. best purchase ever.,70,13,13-04-2023 08:04,April 14,yes,0
367,368,easy to use. easy to use.,71,13,13-04-2023 08:04,April 14,no,5
368,369,customer service was bad. one star. some pros and cons.,73,13,13-04-2023 08:04,April 14,no,6
369,370,fantastic. five stars. met expectations.,75,13,13-04-2023 08:04,April 14,yes,2
370,371,fantastic. best purchase ever. met expectations.,76,13,13-04-2023 08:04,April 14,yes,1
371,372,one star. missing features.,79,13,13-04-2023 08:04,April 14,no,3
372,373,some pros and cons. excellent quality.,82,13,13-04-2023 08:04,April 14,yes,1
373,374,poor quality. awful.,91,13,13-04-2023 08:04,April 14,no,2
374,375,fantastic. amazing features.,93,13,13-04-2023 08:04,April 14,no,4
375,376,easy to use. best purchase ever. it's okay.,94,13,13-04-2023 08:04,April 14,yes,2
376,377,some pros and cons. love this product.,98,13,13-04-2023 08:04,April 14,yes,1
377,378,missing features. difficult to use.,99,13,13-04-2023 08:04,April 14,no,2
378,379,bad experience. poor quality.,5,14,13-04-2023 08:04,April 14,yes,0
379,380,it's okay. very disappointed.,14,14,13-04-2023 08:04,April 14,no,5
380,381,poor quality. very disappointed.,15,14,13-04-2023 08:04,April 14,no,6
381,382,does not work. bad experience.,21,14,13-04-2023 08:04,April 14,yes,2
382,383,works perfectly. works perfectly.,22,14,13-04-2023 08:04,April 14,yes,1
383,384,highly recommend. highly recommend.,24,14,13-04-2023 08:04,April 14,no,3
384,385,amazing features. fantastic.,30,14,13-04-2023 08:04,April 14,yes,1
385,386,missing features. awful.,32,14,13-04-2023 08:04,April 14,no,2
386,387,very satisfied. easy to use.,35,14,13-04-2023 08:04,April 14,no,4
387,388,does not work. waste of money.,36,14,13-04-2023 08:04,April 14,yes,2
388,389,five stars. amazing features.,41,14,13-04-2023 08:04,April 14,yes,1
389,390,fantastic. excellent quality. nothing special.,46,14,13-04-2023 08:04,April 14,no,2
390,391,wonderful experience. works perfectly.,52,14,13-04-2023 08:04,April 14,yes,0
391,392,neither good nor bad. great value.,54,14,13-04-2023 08:04,April 14,no,5
392,393,very satisfied. works perfectly.,57,14,13-04-2023 08:04,April 14,no,6
393,394,love this product. wonderful experience.,66,14,13-04-2023 08:04,April 14,yes,2
394,395,five stars. very satisfied.,69,14,13-04-2023 08:04,April 14,yes,1
395,396,works as expected. missing features.,71,14,13-04-2023 08:04,April 14,no,3
396,397,great value. works perfectly. some pros and cons.,75,14,13-04-2023 08:04,April 14,yes,1
397,398,five stars. five stars.,76,14,13-04-2023 08:04,April 14,no,2
398,399,awful. poor quality.,87,14,13-04-2023 08:04,April 14,no,4
399,400,five stars. fantastic. it's okay.,91,14,13-04-2023 08:04,April 14,yes,2
400,401,amazing features. works perfectly.,92,14,13-04-2023 08:04,April 14,yes,1
401,402,very disappointed. terrible product.,94,14,13-04-2023 08:04,April 14,no,2
402,403,nothing special. poor quality.,98,14,13-04-2023 08:04,April 14,yes,0
403,404,one star. difficult to use. nothing special.,99,14,13-04-2023 08:04,April 14,no,5
404,405,works perfectly. highly recommend.,100,14,13-04-2023 08:04,April 14,no,6
405,406,great value. highly recommend.,4,15,13-04-2023 08:04,April 14,yes,2
406,407,works perfectly. five stars.,5,15,13-04-2023 08:04,April 14,yes,1
407,408,broke easily. broke easily.,9,15,13-04-2023 08:04,April 14,no,3
408,409,nothing special. works perfectly.,13,15,13-04-2023 08:04,April 14,yes,1
409,410,could be better. worst purchase.,14,15,13-04-2023 08:04,April 14,no,2
410,411,does not work. missing features.,21,15,13-04-2023 08:04,April 14,no,4
411,412,fantastic. very satisfied. nothing special.,22,15,13-04-2023 08:04,April 14,yes,2
412,413,awful. would not recommend.,24,15,13-04-2023 08:04,April 14,yes,1
413,414,some pros and cons. highly recommend.,28,15,13-04-2023 08:04,April 14,no,2
414,415,easy to use. wonderful experience.,32,15,13-04-2023 08:04,April 14,yes,0
415,416,excellent quality. great value.,35,15,13-04-2023 08:04,April 14,no,5
416,417,love this product. great value. some pros and cons.,36,15,13-04-2023 08:04,April 14,no,6
417,418,fantastic. love this product. neither good nor bad.,37,15,13-04-2023 08:04,April 14,yes,2
418,419,amazing features. works perfectly.,41,15,13-04-2023 08:04,April 14,yes,1
419,420,highly recommend. amazing features.,44,15,13-04-2023 08:04,April 14,no,3
420,421,five stars. wonderful experience.,46,15,13-04-2023 08:04,April 14,yes,1
421,422,exceeded expectations. easy to use.,52,15,13-04-2023 08:04,April 14,no,2
422,423,one star. very disappointed. could be better.,54,15,13-04-2023 08:04,April 14,no,4
423,424,it's okay. customer service was bad.,57,15,13-04-2023 08:04,April 14,yes,2
424,425,met expectations. terrible product.,63,15,13-04-2023 08:04,April 14,yes,1
425,426,neither good nor bad. terrible product.,66,15,13-04-2023 08:04,April 14,no,2
426,427,missing features. missing features.,71,15,13-04-2023 08:04,April 14,yes,0
427,428,difficult to use. difficult to use.,72,15,13-04-2023 08:04,April 14,no,5
428,429,wonderful experience. love this product.,75,15,13-04-2023 08:04,April 14,no,6
429,430,decent for the price. wonderful experience.,76,15,13-04-2023 08:04,April 14,yes,2
430,431,one star. worst purchase.,87,15,13-04-2023 08:04,April 14,yes,1
431,432,customer service was bad. bad experience.,91,15,13-04-2023 08:04,April 14,no,3
432,433,poor quality. would not recommend.,96,15,13-04-2023 08:04,April 14,yes,1
433,434,fantastic. highly recommend.,5,16,13-04-2023 08:04,April 14,no,2
434,435,easy to use. excellent quality.,11,16,13-04-2023 08:04,April 14,no,4
435,436,customer service was bad. poor quality. some pros and cons.,14,16,13-04-2023 08:04,April 14,yes,2
436,437,very disappointed. broke easily.,18,16,13-04-2023 08:04,April 14,yes,1
437,438,fantastic. excellent quality. works as expected.,21,16,13-04-2023 08:04,April 14,no,2
438,439,decent for the price. missing features.,24,16,13-04-2023 08:04,April 14,yes,0
439,440,broke easily. poor quality.,31,16,13-04-2023 08:04,April 14,no,5
440,441,five stars. five stars.,36,16,13-04-2023 08:04,April 14,no,6
441,442,some pros and cons. fantastic.,41,16,13-04-2023 08:04,April 14,yes,2
442,443,nothing special. fantastic.,42,16,13-04-2023 08:04,April 14,yes,1
443,444,would not recommend. waste of money.,54,16,13-04-2023 08:04,April 14,no,3
444,445,worst purchase. one star.,57,16,13-04-2023 08:04,April 14,yes,1
445,446,it's okay. great value.,62,16,13-04-2023 08:04,April 14,no,2
446,447,very disappointed. terrible product. it's okay.,63,16,13-04-2023 08:04,April 14,no,4
447,448,fantastic. exceeded expectations.,66,16,13-04-2023 08:04,April 14,yes,2
448,449,very satisfied. exceeded expectations.,70,16,13-04-2023 08:04,April 14,yes,1
449,450,broke easily. bad experience.,71,16,13-04-2023 08:04,April 14,no,2
450,451,one star. waste of money.,73,16,13-04-2023 08:04,April 14,yes,0
451,452,wonderful experience. wonderful experience.,75,16,13-04-2023 08:04,April 14,no,5
452,453,highly recommend. great value. it's okay.,76,16,13-04-2023 08:04,April 14,no,6
453,454,easy to use. works perfectly.,82,16,13-04-2023 08:04,April 14,yes,2
454,455,waste of money. customer service was bad.,91,16,13-04-2023 08:04,April 14,yes,1
455,456,highly recommend. works perfectly. could be better.,5,17,13-04-2023 08:04,April 14,no,3
456,457,excellent quality. exceeded expectations. it's okay.,14,17,13-04-2023 08:04,April 14,yes,1
457,458,met expectations. worst purchase.,19,17,13-04-2023 08:04,April 14,no,2
458,459,decent for the price. highly recommend.,21,17,13-04-2023 08:04,April 14,no,4
459,460,met expectations. one star.,24,17,13-04-2023 08:04,April 14,yes,2
460,461,love this product. fantastic. met expectations.,26,17,13-04-2023 08:04,April 14,yes,1
461,462,one star. one star.,30,17,13-04-2023 08:04,April 14,no,2
462,463,customer service was bad. awful.,31,17,13-04-2023 08:04,April 14,yes,0
463,464,average product. waste of money.,33,17,13-04-2023 08:04,April 14,no,5
464,465,nothing special. does not work.,36,17,13-04-2023 08:04,April 14,no,6
465,466,terrible product. terrible product.,39,17,13-04-2023 08:04,April 14,yes,2
466,467,neither good nor bad. very satisfied.,40,17,13-04-2023 08:04,April 14,yes,1
467,468,best purchase ever. best purchase ever.,41,17,13-04-2023 08:04,April 14,no,3
468,469,fantastic. works perfectly. some pros and cons.,54,17,13-04-2023 08:04,April 14,yes,1
469,470,could be better. easy to use.,57,17,13-04-2023 08:04,April 14,no,2
470,471,decent for the price. waste of money.,66,17,13-04-2023 08:04,April 14,no,4
471,472,amazing features. love this product.,71,17,13-04-2023 08:04,April 14,yes,2
472,473,would not recommend. customer service was bad. works as expected.,75,17,13-04-2023 08:04,April 14,yes,1
473,474,average product. works perfectly.,76,17,13-04-2023 08:04,April 14,no,2
474,475,neither good nor bad. one star.,84,17,13-04-2023 08:04,April 14,yes,0
475,476,wonderful experience. fantastic. average product.,87,17,13-04-2023 08:04,April 14,no,5
476,477,decent for the price. terrible product.,91,17,13-04-2023 08:04,April 14,no,6
477,478,does not work. waste of money.,96,17,13-04-2023 08:04,April 14,yes,2
478,479,customer service was bad. worst purchase.,5,18,13-04-2023 08:04,April 14,yes,1
479,480,excellent quality. five stars. decent for the price.,14,18,13-04-2023 08:04,April 14,no,3
480,481,fantastic. excellent quality.,16,18,13-04-2023 08:04,April 14,yes,1
481,482,broke easily. missing features.,18,18,13-04-2023 08:04,April 14,no,2
482,483,poor quality. very disappointed.,21,18,13-04-2023 08:04,April 14,no,4
483,484,one star. missing features. some pros and cons.,22,18,13-04-2023 08:04,April 14,yes,2
484,485,broke easily. poor quality.,24,18,13-04-2023 08:04,April 14,yes,1
485,486,works perfectly. love this product.,26,18,13-04-2023 08:04,April 14,no,2
486,487,best purchase ever. easy to use.,30,18,13-04-2023 08:04,April 14,yes,0
487,488,awful. difficult to use. neither good nor bad.,32,18,13-04-2023 08:04,April 14,no,5
488,489,love this product. fantastic.,36,18,13-04-2023 08:04,April 14,no,6
489,490,missing features. waste of money.,41,18,13-04-2023 08:04,April 14,yes,2
490,491,met expectations. one star.,43,18,13-04-2023 08:04,April 14,yes,1
491,492,poor quality. customer service was bad.,44,18,13-04-2023 08:04,April 14,no,3
492,493,poor quality. waste of money.,48,18,13-04-2023 08:04,April 14,yes,1
493,494,broke easily. very disappointed.,54,18,13-04-2023 08:04,April 14,no,2
494,495,bad experience. poor quality.,55,18,13-04-2023 08:04,April 14,no,4
495,496,very satisfied. five stars. could be better.,57,18,13-04-2023 08:04,April 14,yes,2
496,497,broke easily. does not work.,66,18,13-04-2023 08:04,April 14,yes,1
497,498,waste of money. worst purchase. decent for the price.,71,18,13-04-2023 08:04,April 14,no,2
498,499,worst purchase. does not work.,75,18,13-04-2023 08:04,April 14,yes,0
499,500,bad experience. broke easily.,76,18,13-04-2023 08:04,April 14,no,5
500,501,terrible product. would not recommend.,82,18,13-04-2023 08:04,April 14,no,6
501,502,waste of money. worst purchase.,84,18,13-04-2023 08:04,April 14,yes,2
502,503,difficult to use. waste of money.,91,18,13-04-2023 08:04,April 14,yes,1
503,504,one star. broke easily.,92,18,13-04-2023 08:04,April 14,no,3
504,505,exceeded expectations. fantastic.,97,18,13-04-2023 08:04,April 14,yes,1
505,506,would not recommend. awful. some pros and cons.,3,19,13-04-2023 08:04,April 14,no,2
506,507,wonderful experience. five stars.,5,19,13-04-2023 08:04,April 14,no,4
507,508,missing features. difficult to use.,11,19,13-04-2023 08:04,April 14,yes,2
508,509,five stars. very satisfied.,12,19,13-04-2023 08:04,April 14,yes,1
509,510,some pros and cons. worst purchase.,14,19,13-04-2023 08:04,April 14,no,2
510,511,decent for the price. would not recommend.,17,19,13-04-2023 08:04,April 14,yes,0
511,512,highly recommend. very satisfied. some pros and cons.,18,19,13-04-2023 08:04,April 14,no,5
512,513,would not recommend. would not recommend. could be better.,19,19,13-04-2023 08:04,April 14,no,6
513,514,bad experience. worst purchase.,21,19,13-04-2023 08:04,April 14,yes,2
514,515,wonderful experience. works perfectly. could be better.,22,19,13-04-2023 08:04,April 14,yes,1
515,516,exceeded expectations. wonderful experience.,24,19,13-04-2023 08:04,April 14,no,3
516,517,highly recommend. works perfectly.,26,19,13-04-2023 08:04,April 14,yes,1
517,518,decent for the price. works perfectly.,35,19,13-04-2023 08:04,April 14,no,2
518,519,one star. does not work.,36,19,13-04-2023 08:04,April 14,no,4
519,520,exceeded expectations. great value.,41,19,13-04-2023 08:04,April 14,yes,2
520,521,would not recommend. customer service was bad.,47,19,13-04-2023 08:04,April 14,yes,1
521,522,poor quality. very disappointed.,48,19,13-04-2023 08:04,April 14,no,2
522,523,highly recommend. great value.,54,19,13-04-2023 08:04,April 14,yes,0
523,524,best purchase ever. five stars. neither good nor bad.,56,19,13-04-2023 08:04,April 14,no,5
524,525,works as expected. bad experience.,57,19,13-04-2023 08:04,April 14,no,6
525,526,awful. difficult to use.,66,19,13-04-2023 08:04,April 14,yes,2
526,527,neither good nor bad. highly recommend.,67,19,13-04-2023 08:04,April 14,yes,1
527,528,works perfectly. love this product.,70,19,13-04-2023 08:04,April 14,no,3
528,529,would not recommend. bad experience.,71,19,13-04-2023 08:04,April 14,yes,1
529,530,it's okay. wonderful experience.,73,19,13-04-2023 08:04,April 14,no,2
530,531,exceeded expectations. exceeded expectations.,75,19,13-04-2023 08:04,April 14,no,4
531,532,very satisfied. excellent quality.,76,19,13-04-2023 08:04,April 14,yes,2
532,533,broke easily. awful.,91,19,13-04-2023 08:04,April 14,yes,1
533,534,neither good nor bad. difficult to use.,93,19,13-04-2023 08:04,April 14,no,2
534,535,would not recommend. difficult to use.,95,19,13-04-2023 08:04,April 14,yes,0
535,536,does not work. difficult to use. some pros and cons.,97,19,13-04-2023 08:04,April 14,no,5
536,537,it's okay. fantastic.,98,19,13-04-2023 08:04,April 14,no,6
537,538,could be better. does not work.,99,19,13-04-2023 08:04,April 14,yes,2
538,539,waste of money. awful. decent for the price.,100,19,13-04-2023 08:04,April 14,yes,1
539,540,amazing features. five stars.,2,20,13-04-2023 08:04,April 14,no,3
540,541,easy to use. easy to use.,5,20,13-04-2023 08:04,April 14,yes,1
541,542,works perfectly. very satisfied.,14,20,13-04-2023 08:04,April 14,no,2
542,543,highly recommend. amazing features.,17,20,13-04-2023 08:04,April 14,no,4
543,544,waste of money. missing features. works as expected.,21,20,13-04-2023 08:04,April 14,yes,2
544,545,awful. very disappointed.,24,20,13-04-2023 08:04,April 14,yes,1
545,546,easy to use. best purchase ever.,36,20,13-04-2023 08:04,April 14,no,2
546,547,met expectations. highly recommend.,41,20,13-04-2023 08:04,April 14,yes,0
547,548,love this product. love this product.,43,20,13-04-2023 08:04,April 14,no,5
548,549,could be better. easy to use.,52,20,13-04-2023 08:04,April 14,no,6
549,550,neither good nor bad. missing features.,54,20,13-04-2023 08:04,April 14,yes,2
550,551,missing features. bad experience. nothing special.,56,20,13-04-2023 08:04,April 14,yes,1
551,552,love this product. five stars.,57,20,13-04-2023 08:04,April 14,no,3
552,553,highly recommend. highly recommend.,60,20,13-04-2023 08:04,April 14,yes,1
553,554,it's okay. bad experience.,66,20,13-04-2023 08:04,April 14,no,2
554,555,works perfectly. great value.,67,20,13-04-2023 08:04,April 14,no,4
555,556,works as expected. exceeded expectations.,71,20,13-04-2023 08:04,April 14,yes,2
556,557,nothing special. poor quality.,73,20,13-04-2023 08:04,April 14,yes,1
557,558,could be better. poor quality.,75,20,13-04-2023 08:04,April 14,no,2
558,559,could be better. love this product.,76,20,13-04-2023 08:04,April 14,yes,0
559,560,five stars. love this product.,82,20,13-04-2023 08:04,April 14,no,5
560,561,very satisfied. fantastic.,85,20,13-04-2023 08:04,April 14,no,6
561,562,waste of money. broke easily. neither good nor bad.,91,20,13-04-2023 08:04,April 14,yes,2
562,563,very satisfied. easy to use.,96,20,13-04-2023 08:04,April 14,yes,1
563,564,could be better. best purchase ever.,97,20,13-04-2023 08:04,April 14,no,3
564,565,customer service was bad. bad experience.,98,20,13-04-2023 08:04,April 14,yes,1
565,566,customer service was bad. missing features.,3,21,13-04-2023 08:04,April 14,no,2
566,567,one star. difficult to use. average product.,4,21,13-04-2023 08:04,April 14,no,4
567,568,one star. awful.,5,21,13-04-2023 08:04,April 14,yes,2
568,569,broke easily. bad experience.,6,21,13-04-2023 08:04,April 14,yes,1
569,570,five stars. works perfectly.,8,21,13-04-2023 08:04,April 14,no,2
570,571,broke easily. worst purchase.,14,21,13-04-2023 08:04,April 14,yes,0
571,572,one star. poor quality.,17,21,13-04-2023 08:04,April 14,no,5
572,573,waste of money. broke easily.,18,21,13-04-2023 08:04,April 14,no,6
573,574,amazing features. wonderful experience.,20,21,13-04-2023 08:04,April 14,yes,2
574,575,terrible product. missing features.,21,21,13-04-2023 08:04,April 14,yes,1
575,576,bad experience. customer service was bad. met expectations.,24,21,13-04-2023 08:04,April 14,no,3
576,577,poor quality. does not work.,27,21,13-04-2023 08:04,April 14,yes,1
577,578,highly recommend. wonderful experience.,36,21,13-04-2023 08:04,April 14,no,2
578,579,it's okay. missing features.,39,21,13-04-2023 08:04,April 14,no,4
579,580,awful. difficult to use. neither good nor bad.,41,21,13-04-2023 08:04,April 14,yes,2
580,581,excellent quality. fantastic.,48,21,13-04-2023 08:04,April 14,yes,1
581,582,terrible product. broke easily.,54,21,13-04-2023 08:04,April 14,no,2
582,583,does not work. would not recommend.,57,21,13-04-2023 08:04,April 14,yes,0
583,584,fantastic. works perfectly.,65,21,13-04-2023 08:04,April 14,no,5
584,585,missing features. difficult to use. it's okay.,66,21,13-04-2023 08:04,April 14,no,6
585,586,exceeded expectations. great value.,70,21,13-04-2023 08:04,April 14,yes,2
586,587,would not recommend. poor quality.,71,21,13-04-2023 08:04,April 14,yes,1
587,588,very satisfied. exceeded expectations.,75,21,13-04-2023 08:04,April 14,no,3
588,589,easy to use. wonderful experience.,76,21,13-04-2023 08:04,April 14,yes,1
589,590,easy to use. works perfectly.,79,21,13-04-2023 08:04,April 14,no,2
590,591,very disappointed. waste of money. decent for the price.,87,21,13-04-2023 08:04,April 14,no,4
591,592,poor quality. difficult to use.,91,21,13-04-2023 08:04,April 14,yes,2
592,593,love this product. highly recommend.,97,21,13-04-2023 08:04,April 14,yes,1
593,594,decent for the price. worst purchase.,100,21,13-04-2023 08:04,April 14,no,2
594,595,easy to use. great value.,5,22,13-04-2023 08:04,April 14,yes,0
595,596,terrible product. waste of money.,8,22,13-04-2023 08:04,April 14,no,5
596,597,met expectations. waste of money.,12,22,13-04-2023 08:04,April 14,no,6
597,598,does not work. customer service was bad.,13,22,13-04-2023 08:04,April 14,yes,2
598,599,bad experience. customer service was bad.,14,22,13-04-2023 08:04,April 14,yes,1
599,600,great value. very satisfied.,16,22,13-04-2023 08:04,April 14,no,3
600,601,customer service was bad. worst purchase.,20,22,13-04-2023 08:04,April 14,yes,1
601,602,amazing features. best purchase ever.,21,22,13-04-2023 08:04,April 14,no,2
602,603,some pros and cons. love this product.,24,22,13-04-2023 08:04,April 14,no,4
603,604,it's okay. excellent quality.,26,22,13-04-2023 08:04,April 14,yes,2
604,605,it's okay. wonderful experience.,31,22,13-04-2023 08:04,April 14,yes,1
605,606,wonderful experience. great value.,36,22,13-04-2023 08:04,April 14,no,2
606,607,decent for the price. customer service was bad.,38,22,13-04-2023 08:04,April 14,yes,0
607,608,bad experience. does not work.,40,22,13-04-2023 08:04,April 14,no,5
608,609,amazing features. very satisfied.,41,22,13-04-2023 08:04,April 14,no,6
609,610,missing features. does not work. met expectations.,43,22,13-04-2023 08:04,April 14,yes,2
610,611,poor quality. missing features.,46,22,13-04-2023 08:04,April 14,yes,1
611,612,some pros and cons. does not work.,52,22,13-04-2023 08:04,April 14,no,3
612,613,one star. would not recommend.,54,22,13-04-2023 08:04,April 14,yes,1
613,614,wonderful experience. very satisfied.,55,22,13-04-2023 08:04,April 14,no,2
614,615,works perfectly. works perfectly.,57,22,13-04-2023 08:04,April 14,no,4
615,616,average product. terrible product.,65,22,13-04-2023 08:04,April 14,yes,2
616,617,poor quality. bad experience. some pros and cons.,66,22,13-04-2023 08:04,April 14,yes,1
617,618,wonderful experience. easy to use.,67,22,13-04-2023 08:04,April 14,no,2
618,619,works perfectly. five stars.,71,22,13-04-2023 08:04,April 14,yes,0
619,620,love this product. easy to use.,72,22,13-04-2023 08:04,April 14,no,5
620,621,great value. great value.,75,22,13-04-2023 08:04,April 14,no,6
621,622,bad experience. broke easily. could be better.,76,22,13-04-2023 08:04,April 14,yes,2
622,623,average product. five stars.,79,22,13-04-2023 08:04,April 14,yes,1
623,624,terrible product. worst purchase.,82,22,13-04-2023 08:04,April 14,no,3
624,625,love this product. very satisfied.,91,22,13-04-2023 08:04,April 14,yes,1
625,626,it's okay. one star.,94,22,13-04-2023 08:04,April 14,no,2
626,627,easy to use. great value.,97,22,13-04-2023 08:04,April 14,no,4
627,628,love this product. five stars. decent for the price.,99,22,13-04-2023 08:04,April 14,yes,2
628,629,great value. five stars. average product.,2,23,13-04-2023 08:04,April 14,yes,1
629,630,awful. bad experience.,5,23,13-04-2023 08:04,April 14,no,2
630,631,bad experience. very disappointed. nothing special.,10,23,13-04-2023 08:04,April 14,yes,0
631,632,wonderful experience. best purchase ever. works as expected.,14,23,13-04-2023 08:04,April 14,no,5
632,633,exceeded expectations. great value.,16,23,13-04-2023 08:04,April 14,no,6
633,634,works as expected. fantastic.,21,23,13-04-2023 08:04,April 14,yes,2
634,635,difficult to use. broke easily. works as expected.,22,23,13-04-2023 08:04,April 14,yes,1
635,636,amazing features. highly recommend.,24,23,13-04-2023 08:04,April 14,no,3
636,637,some pros and cons. works perfectly.,28,23,13-04-2023 08:04,April 14,yes,1
637,638,decent for the price. waste of money.,31,23,13-04-2023 08:04,April 14,no,2
638,639,nothing special. worst purchase.,36,23,13-04-2023 08:04,April 14,no,4
639,640,exceeded expectations. wonderful experience.,38,23,13-04-2023 08:04,April 14,yes,2
640,641,difficult to use. missing features.,41,23,13-04-2023 08:04,April 14,yes,1
641,642,very disappointed. does not work.,42,23,13-04-2023 08:04,April 14,no,2
642,643,five stars. very satisfied.,54,23,13-04-2023 08:04,April 14,yes,0
643,644,poor quality. would not recommend.,57,23,13-04-2023 08:04,April 14,no,5
644,645,one star. awful.,66,23,13-04-2023 08:04,April 14,no,6
645,646,average product. very disappointed.,70,23,13-04-2023 08:04,April 14,yes,2
646,647,broke easily. awful. met expectations.,71,23,13-04-2023 08:04,April 14,yes,1
647,648,highly recommend. highly recommend. neither good nor bad.,73,23,13-04-2023 08:04,April 14,no,3
648,649,great value. easy to use. some pros and cons.,75,23,13-04-2023 08:04,April 14,yes,1
649,650,it's okay. difficult to use.,76,23,13-04-2023 08:04,April 14,no,2
650,651,would not recommend. one star. neither good nor bad.,78,23,13-04-2023 08:04,April 14,no,4
651,652,best purchase ever. wonderful experience. average product.,82,23,13-04-2023 08:04,April 14,yes,2
652,653,poor quality. very disappointed.,91,23,13-04-2023 08:04,April 14,yes,1
653,654,amazing features. fantastic. could be better.,93,23,13-04-2023 08:04,April 14,no,2
654,655,neither good nor bad. highly recommend.,5,24,13-04-2023 08:04,April 14,yes,0
655,656,great value. best purchase ever.,9,24,13-04-2023 08:04,April 14,no,5
656,657,broke easily. one star.,10,24,13-04-2023 08:04,April 14,no,6
657,658,fantastic. works perfectly. neither good nor bad.,14,24,13-04-2023 08:04,April 14,yes,2
658,659,missing features. difficult to use. could be better.,15,24,13-04-2023 08:04,April 14,yes,1
659,660,poor quality. does not work.,17,24,13-04-2023 08:04,April 14,no,3
660,661,difficult to use. bad experience.,20,24,13-04-2023 08:04,April 14,yes,1
661,662,bad experience. missing features.,21,24,13-04-2023 08:04,April 14,no,2
662,663,amazing features. works perfectly.,24,24,13-04-2023 08:04,April 14,no,4
663,664,fantastic. wonderful experience.,27,24,13-04-2023 08:04,April 14,yes,2
664,665,missing features. one star.,28,24,13-04-2023 08:04,April 14,yes,1
665,666,amazing features. wonderful experience.,36,24,13-04-2023 08:04,April 14,no,2
666,667,five stars. works perfectly. average product.,41,24,13-04-2023 08:04,April 14,yes,0
667,668,works perfectly. best purchase ever.,43,24,13-04-2023 08:04,April 14,no,5
668,669,decent for the price. amazing features.,47,24,13-04-2023 08:04,April 14,no,6
669,670,very disappointed. would not recommend. average product.,50,24,13-04-2023 08:04,April 14,yes,2
670,671,very disappointed. would not recommend.,54,24,13-04-2023 08:04,April 14,yes,1
671,672,fantastic. excellent quality.,57,24,13-04-2023 08:04,April 14,no,3
672,673,it's okay. bad experience.,60,24,13-04-2023 08:04,April 14,yes,1
673,674,difficult to use. bad experience.,66,24,13-04-2023 08:04,April 14,no,2
674,675,great value. great value. it's okay.,67,24,13-04-2023 08:04,April 14,no,4
675,676,nothing special. waste of money.,71,24,13-04-2023 08:04,April 14,yes,2
676,677,amazing features. very satisfied.,75,24,13-04-2023 08:04,April 14,yes,1
677,678,amazing features. five stars.,76,24,13-04-2023 08:04,April 14,no,2
678,679,broke easily. customer service was bad.,91,24,13-04-2023 08:04,April 14,yes,0
679,680,neither good nor bad. love this product.,95,24,13-04-2023 08:04,April 14,no,5
680,681,waste of money. awful.,4,25,13-04-2023 08:04,April 14,no,6
681,682,very disappointed. awful.,5,25,13-04-2023 08:04,April 14,yes,2
682,683,works as expected. fantastic.,6,25,13-04-2023 08:04,April 14,yes,1
683,684,works as expected. five stars.,9,25,13-04-2023 08:04,April 14,no,3
684,685,worst purchase. terrible product. nothing special.,13,25,13-04-2023 08:04,April 14,yes,1
685,686,one star. customer service was bad.,14,25,13-04-2023 08:04,April 14,no,2
686,687,fantastic. love this product.,21,25,13-04-2023 08:04,April 14,no,4
687,688,broke easily. missing features. could be better.,24,25,13-04-2023 08:04,April 14,yes,2
688,689,excellent quality. works perfectly. met expectations.,28,25,13-04-2023 08:04,April 14,yes,1
689,690,worst purchase. does not work.,36,25,13-04-2023 08:04,April 14,no,2
690,691,love this product. works perfectly. decent for the price.,39,25,13-04-2023 08:04,April 14,yes,0
691,692,easy to use. excellent quality.,41,25,13-04-2023 08:04,April 14,no,5
692,693,works perfectly. best purchase ever.,46,25,13-04-2023 08:04,April 14,no,6
693,694,wonderful experience. love this product. nothing special.,48,25,13-04-2023 08:04,April 14,yes,2
694,695,terrible product. broke easily.,50,25,13-04-2023 08:04,April 14,yes,1
695,696,five stars. works perfectly.,52,25,13-04-2023 08:04,April 14,no,3
696,697,nothing special. easy to use.,54,25,13-04-2023 08:04,April 14,yes,1
697,698,decent for the price. fantastic.,55,25,13-04-2023 08:04,April 14,no,2
698,699,some pros and cons. poor quality.,57,25,13-04-2023 08:04,April 14,no,4
699,700,broke easily. one star. neither good nor bad.,66,25,13-04-2023 08:04,April 14,yes,2
700,701,bad experience. very disappointed.,67,25,13-04-2023 08:04,April 14,yes,1
701,702,poor quality. difficult to use. some pros and cons.,71,25,13-04-2023 08:04,April 14,no,2
702,703,fantastic. great value.,72,25,13-04-2023 08:04,April 14,yes,0
703,704,very disappointed. worst purchase.,75,25,13-04-2023 08:04,April 14,no,5
704,705,customer service was bad. terrible product.,76,25,13-04-2023 08:04,April 14,no,6
705,706,terrible product. customer service was bad.,78,25,13-04-2023 08:04,April 14,yes,2
706,707,it's okay. fantastic.,79,25,13-04-2023 08:04,April 14,yes,1
707,708,met expectations. easy to use.,84,25,13-04-2023 08:04,April 14,no,3
708,709,worst purchase. would not recommend. average product.,85,25,13-04-2023 08:04,April 14,yes,1
709,710,customer service was bad. customer service was bad. neither good nor bad.,91,25,13-04-2023 08:04,April 14,no,2
710,711,works as expected. highly recommend.,96,25,13-04-2023 08:04,April 14,no,4
711,712,could be better. wonderful experience.,97,25,13-04-2023 08:04,April 14,yes,2
712,713,does not work. would not recommend.,98,25,13-04-2023 08:04,April 14,yes,1
713,714,one star. customer service was bad. average product.,5,26,13-04-2023 08:04,April 14,no,2
714,715,neither good nor bad. fantastic.,8,26,13-04-2023 08:04,April 14,yes,0
715,716,very satisfied. excellent quality. decent for the price.,11,26,13-04-2023 08:04,April 14,no,5
716,717,wonderful experience. easy to use.,13,26,13-04-2023 08:04,April 14,no,6
717,718,difficult to use. very disappointed. average product.,14,26,13-04-2023 08:04,April 14,yes,2
718,719,very disappointed. awful. works as expected.,15,26,13-04-2023 08:04,April 14,yes,1
719,720,would not recommend. would not recommend. works as expected.,17,26,13-04-2023 08:04,April 14,no,3
720,721,highly recommend. very satisfied.,18,26,13-04-2023 08:04,April 14,yes,1
721,722,neither good nor bad. excellent quality.,20,26,13-04-2023 08:04,April 14,no,2
722,723,does not work. bad experience. nothing special.,21,26,13-04-2023 08:04,April 14,no,4
723,724,awful. missing features.,24,26,13-04-2023 08:04,April 14,yes,2
724,725,difficult to use. missing features. works as expected.,27,26,13-04-2023 08:04,April 14,yes,1
725,726,exceeded expectations. exceeded expectations.,30,26,13-04-2023 08:04,April 14,no,2
726,727,excellent quality. five stars. average product.,33,26,13-04-2023 08:04,April 14,yes,0
727,728,works as expected. great value.,35,26,13-04-2023 08:04,April 14,no,5
728,729,some pros and cons. worst purchase.,36,26,13-04-2023 08:04,April 14,no,6
729,730,best purchase ever. exceeded expectations.,39,26,13-04-2023 08:04,April 14,yes,2
730,731,love this product. wonderful experience.,41,26,13-04-2023 08:04,April 14,yes,1
731,732,highly recommend. five stars. decent for the price.,54,26,13-04-2023 08:04,April 14,no,3
732,733,bad experience. waste of money.,55,26,13-04-2023 08:04,April 14,yes,1
733,734,best purchase ever. great value.,57,26,13-04-2023 08:04,April 14,no,2
734,735,some pros and cons. highly recommend.,66,26,13-04-2023 08:04,April 14,no,4
735,736,bad experience. does not work.,70,26,13-04-2023 08:04,April 14,yes,2
736,737,highly recommend. very satisfied.,71,26,13-04-2023 08:04,April 14,yes,1
737,738,very satisfied. highly recommend.,75,26,13-04-2023 08:04,April 14,no,2
738,739,would not recommend. poor quality.,76,26,13-04-2023 08:04,April 14,yes,0
739,740,best purchase ever. highly recommend. average product.,78,26,13-04-2023 08:04,April 14,no,5
740,741,easy to use. highly recommend.,82,26,13-04-2023 08:04,April 14,no,6
741,742,works as expected. poor quality.,87,26,13-04-2023 08:04,April 14,yes,2
742,743,average product. love this product.,91,26,13-04-2023 08:04,April 14,yes,1
743,744,exceeded expectations. easy to use. neither good nor bad.,98,26,13-04-2023 08:04,April 14,no,3
744,745,terrible product. terrible product.,99,26,13-04-2023 08:04,April 14,yes,1
745,746,difficult to use. poor quality.,100,26,13-04-2023 08:04,April 14,no,2
746,747,exceeded expectations. fantastic. works as expected.,3,27,13-04-2023 08:04,April 14,no,4
747,748,excellent quality. love this product.,4,27,13-04-2023 08:04,April 14,yes,2
748,749,wonderful experience. best purchase ever.,5,27,13-04-2023 08:04,April 14,yes,1
749,750,waste of money. very disappointed. met expectations.,10,27,13-04-2023 08:04,April 14,no,2
750,751,poor quality. worst purchase.,14,27,13-04-2023 08:04,April 14,yes,0
751,752,best purchase ever. amazing features. nothing special.,18,27,13-04-2023 08:04,April 14,no,5
752,753,five stars. highly recommend. average product.,20,27,13-04-2023 08:04,April 14,no,6
753,754,one star. waste of money.,21,27,13-04-2023 08:04,April 14,yes,2
754,755,great value. excellent quality. average product.,24,27,13-04-2023 08:04,April 14,yes,1
755,756,would not recommend. bad experience. nothing special.,31,27,13-04-2023 08:04,April 14,no,3
756,757,would not recommend. poor quality.,36,27,13-04-2023 08:04,April 14,yes,1
757,758,great value. highly recommend.,41,27,13-04-2023 08:04,April 14,no,2
758,759,neither good nor bad. difficult to use.,42,27,13-04-2023 08:04,April 14,no,4
759,760,five stars. excellent quality.,54,27,13-04-2023 08:04,April 14,yes,2
760,761,it's okay. works perfectly.,57,27,13-04-2023 08:04,April 14,yes,1
761,762,very disappointed. customer service was bad.,66,27,13-04-2023 08:04,April 14,no,2
762,763,great value. amazing features.,69,27,13-04-2023 08:04,April 14,yes,0
763,764,broke easily. missing features.,71,27,13-04-2023 08:04,April 14,no,5
764,765,broke easily. difficult to use.,72,27,13-04-2023 08:04,April 14,no,6
765,766,works as expected. does not work.,75,27,13-04-2023 08:04,April 14,yes,2
766,767,terrible product. terrible product.,76,27,13-04-2023 08:04,April 14,yes,1
767,768,works perfectly. five stars. nothing special.,78,27,13-04-2023 08:04,April 14,no,3
768,769,highly recommend. works perfectly.,84,27,13-04-2023 08:04,April 14,yes,1
769,770,some pros and cons. highly recommend.,91,27,13-04-2023 08:04,April 14,no,2
770,771,works perfectly. fantastic. works as expected.,93,27,13-04-2023 08:04,April 14,no,4
771,772,would not recommend. awful. neither good nor bad.,97,27,13-04-2023 08:04,April 14,yes,2
772,773,met expectations. does not work.,98,27,13-04-2023 08:04,April 14,yes,1
773,774,love this product. works perfectly.,5,28,13-04-2023 08:04,April 14,no,2
774,775,neither good nor bad. bad experience.,13,28,13-04-2023 08:04,April 14,yes,0
775,776,very satisfied. five stars.,14,28,13-04-2023 08:04,April 14,no,5
776,777,amazing features. wonderful experience.,15,28,13-04-2023 08:04,April 14,no,6
777,778,terrible product. difficult to use.,21,28,13-04-2023 08:04,April 14,yes,2
778,779,neither good nor bad. exceeded expectations.,24,28,13-04-2023 08:04,April 14,yes,1
779,780,bad experience. does not work. works as expected.,28,28,13-04-2023 08:04,April 14,no,3
780,781,highly recommend. wonderful experience.,30,28,13-04-2023 08:04,April 14,yes,1
781,782,very disappointed. would not recommend.,32,28,13-04-2023 08:04,April 14,no,2
782,783,terrible product. poor quality. some pros and cons.,35,28,13-04-2023 08:04,April 14,no,4
783,784,love this product. five stars.,36,28,13-04-2023 08:04,April 14,yes,2
784,785,broke easily. very disappointed. it's okay.,41,28,13-04-2023 08:04,April 14,yes,1
785,786,awful. bad experience. nothing special.,47,28,13-04-2023 08:04,April 14,no,2
786,787,customer service was bad. missing features.,50,28,13-04-2023 08:04,April 14,yes,0
787,788,exceeded expectations. exceeded expectations.,54,28,13-04-2023 08:04,April 14,no,5
788,789,best purchase ever. easy to use.,57,28,13-04-2023 08:04,April 14,no,6
789,790,nothing special. waste of money.,60,28,13-04-2023 08:04,April 14,yes,2
790,791,best purchase ever. wonderful experience.,61,28,13-04-2023 08:04,April 14,yes,1
791,792,great value. amazing features.,63,28,13-04-2023 08:04,April 14,no,3
792,793,customer service was bad. broke easily.,66,28,13-04-2023 08:04,April 14,yes,1
793,794,exceeded expectations. great value.,67,28,13-04-2023 08:04,April 14,no,2
794,795,works perfectly. easy to use.,71,28,13-04-2023 08:04,April 14,no,4
795,796,exceeded expectations. best purchase ever.,75,28,13-04-2023 08:04,April 14,yes,2
796,797,could be better. one star.,76,28,13-04-2023 08:04,April 14,yes,1
797,798,difficult to use. broke easily.,78,28,13-04-2023 08:04,April 14,no,2
798,799,love this product. amazing features. met expectations.,91,28,13-04-2023 08:04,April 14,yes,0
799,800,exceeded expectations. best purchase ever.,92,28,13-04-2023 08:04,April 14,no,5
800,801,worst purchase. one star. works as expected.,97,28,13-04-2023 08:04,April 14,no,6
801,802,works perfectly. fantastic. nothing special.,98,28,13-04-2023 08:04,April 14,yes,2
802,803,wonderful experience. fantastic.,100,28,13-04-2023 08:04,April 14,yes,1
803,804,wonderful experience. great value. neither good nor bad.,3,29,13-04-2023 08:04,April 14,no,3
804,805,terrible product. waste of money.,4,29,13-04-2023 08:04,April 14,yes,1
805,806,awful. awful.,5,29,13-04-2023 08:04,April 14,no,2
806,807,one star. worst purchase.,6,29,13-04-2023 08:04,April 14,no,4
807,808,very disappointed. waste of money.,9,29,13-04-2023 08:04,April 14,yes,2
808,809,broke easily. one star. works as expected.,10,29,13-04-2023 08:04,April 14,yes,1
809,810,it's okay. amazing features.,12,29,13-04-2023 08:04,April 14,no,2
810,811,awful. difficult to use.,14,29,13-04-2023 08:04,April 14,yes,0
811,812,very satisfied. excellent quality.,15,29,13-04-2023 08:04,April 14,no,5
812,813,one star. bad experience. some pros and cons.,16,29,13-04-2023 08:04,April 14,no,6
813,814,met expectations. awful.,20,29,13-04-2023 08:04,April 14,yes,2
814,815,difficult to use. awful.,21,29,13-04-2023 08:04,April 14,yes,1
815,816,terrible product. does not work.,22,29,13-04-2023 08:04,April 14,no,3
816,817,best purchase ever. works perfectly. works as expected.,24,29,13-04-2023 08:04,April 14,yes,1
817,818,five stars. works perfectly.,27,29,13-04-2023 08:04,April 14,no,2
818,819,amazing features. amazing features. neither good nor bad.,28,29,13-04-2023 08:04,April 14,no,4
819,820,average product. terrible product.,31,29,13-04-2023 08:04,April 14,yes,2
820,821,fantastic. works perfectly.,33,29,13-04-2023 08:04,April 14,yes,1
821,822,nothing special. broke easily.,36,29,13-04-2023 08:04,April 14,no,2
822,823,worst purchase. awful.,37,29,13-04-2023 08:04,April 14,yes,0
823,824,great value. very satisfied.,39,29,13-04-2023 08:04,April 14,no,5
824,825,worst purchase. poor quality.,40,29,13-04-2023 08:04,April 14,no,6
825,826,average product. difficult to use.,41,29,13-04-2023 08:04,April 14,yes,2
826,827,works perfectly. excellent quality.,54,29,13-04-2023 08:04,April 14,yes,1
827,828,love this product. highly recommend. it's okay.,57,29,13-04-2023 08:04,April 14,no,3
828,829,excellent quality. wonderful experience.,63,29,13-04-2023 08:04,April 14,yes,1
829,830,works as expected. best purchase ever.,66,29,13-04-2023 08:04,April 14,no,2
830,831,average product. wonderful experience.,71,29,13-04-2023 08:04,April 14,no,4
831,832,exceeded expectations. easy to use.,72,29,13-04-2023 08:04,April 14,yes,2
832,833,would not recommend. bad experience.,73,29,13-04-2023 08:04,April 14,yes,1
833,834,highly recommend. love this product. works as expected.,75,29,13-04-2023 08:04,April 14,no,2
834,835,waste of money. would not recommend.,76,29,13-04-2023 08:04,April 14,yes,0
835,836,worst purchase. bad experience. could be better.,91,29,13-04-2023 08:04,April 14,no,5
836,837,works as expected. worst purchase.,94,29,13-04-2023 08:04,April 14,no,6
837,838,great value. best purchase ever.,95,29,13-04-2023 08:04,April 14,yes,2
838,839,very disappointed. awful.,98,29,13-04-2023 08:04,April 14,yes,1
839,840,great value. easy to use. average product.,5,30,13-04-2023 08:04,April 14,no,3
840,841,wonderful experience. excellent quality.,14,30,13-04-2023 08:04,April 14,yes,1
841,842,worst purchase. does not work.,17,30,13-04-2023 08:04,April 14,no,2
842,843,exceeded expectations. five stars. could be better.,20,30,13-04-2023 08:04,April 14,no,4
843,844,one star. difficult to use.,21,30,13-04-2023 08:04,April 14,yes,2
844,845,customer service was bad. does not work.,22,30,13-04-2023 08:04,April 14,yes,1
845,846,nothing special. love this product.,24,30,13-04-2023 08:04,April 14,no,2
846,847,best purchase ever. excellent quality. met expectations.,28,30,13-04-2023 08:04,April 14,yes,0
847,848,terrible product. customer service was bad.,33,30,13-04-2023 08:04,April 14,no,5
848,849,does not work. broke easily.,36,30,13-04-2023 08:04,April 14,no,6
849,850,met expectations. customer service was bad.,39,30,13-04-2023 08:04,April 14,yes,2
850,851,met expectations. missing features.,40,30,13-04-2023 08:04,April 14,yes,1
851,852,fantastic. fantastic.,41,30,13-04-2023 08:04,April 14,no,3
852,853,could be better. terrible product.,43,30,13-04-2023 08:04,April 14,yes,1
853,854,decent for the price. would not recommend.,44,30,13-04-2023 08:04,April 14,no,2
854,855,love this product. works perfectly.,54,30,13-04-2023 08:04,April 14,no,4
855,856,works as expected. bad experience.,56,30,13-04-2023 08:04,April 14,yes,2
856,857,easy to use. excellent quality.,57,30,13-04-2023 08:04,April 14,yes,1
857,858,would not recommend. difficult to use. works as expected.,66,30,13-04-2023 08:04,April 14,no,2
858,859,wonderful experience. highly recommend.,71,30,13-04-2023 08:04,April 14,yes,0
859,860,one star. customer service was bad.,72,30,13-04-2023 08:04,April 14,no,5
860,861,difficult to use. bad experience.,75,30,13-04-2023 08:04,April 14,no,6
861,862,some pros and cons. bad experience.,76,30,13-04-2023 08:04,April 14,yes,2
862,863,works perfectly. great value.,78,30,13-04-2023 08:04,April 14,yes,1
863,864,worst purchase. difficult to use.,79,30,13-04-2023 08:04,April 14,no,3
864,865,love this product. easy to use.,82,30,13-04-2023 08:04,April 14,yes,1
865,866,works perfectly. amazing features.,91,30,13-04-2023 08:04,April 14,no,2
866,867,poor quality. missing features.,92,30,13-04-2023 08:04,April 14,no,4
867,868,customer service was bad. terrible product.,96,30,13-04-2023 08:04,April 14,yes,2
868,869,would not recommend. would not recommend. it's okay.,100,30,13-04-2023 08:04,April 14,yes,1
869,870,five stars. very satisfied. average product.,5,31,13-04-2023 08:04,April 14,no,2
870,871,terrible product. bad experience. met expectations.,8,31,13-04-2023 08:04,April 14,yes,0
871,872,wonderful experience. best purchase ever.,12,31,13-04-2023 08:04,April 14,no,5
872,873,does not work. difficult to use.,14,31,13-04-2023 08:04,April 14,no,6
873,874,customer service was bad. terrible product.,15,31,13-04-2023 08:04,April 14,yes,2
874,875,some pros and cons. five stars.,17,31,13-04-2023 08:04,April 14,yes,1
875,876,very disappointed. would not recommend.,21,31,13-04-2023 08:04,April 14,no,3
876,877,difficult to use. does not work.,22,31,13-04-2023 08:04,April 14,yes,1
877,878,customer service was bad. bad experience.,24,31,13-04-2023 08:04,April 14,no,2
878,879,excellent quality. love this product.,32,31,13-04-2023 08:04,April 14,no,4
879,880,customer service was bad. difficult to use. could be better.,35,31,13-04-2023 08:04,April 14,yes,2
880,881,works as expected. terrible product.,36,31,13-04-2023 08:04,April 14,yes,1
881,882,great value. love this product.,37,31,13-04-2023 08:04,April 14,no,2
882,883,met expectations. five stars.,40,31,13-04-2023 08:04,April 14,yes,0
883,884,broke easily. terrible product.,41,31,13-04-2023 08:04,April 14,no,5
884,885,excellent quality. wonderful experience.,46,31,13-04-2023 08:04,April 14,no,6
885,886,it's okay. very disappointed.,47,31,13-04-2023 08:04,April 14,yes,2
886,887,waste of money. worst purchase. average product.,54,31,13-04-2023 08:04,April 14,yes,1
887,888,best purchase ever. wonderful experience.,57,31,13-04-2023 08:04,April 14,no,3
888,889,highly recommend. wonderful experience.,60,31,13-04-2023 08:04,April 14,yes,1
889,890,neither good nor bad. difficult to use.,62,31,13-04-2023 08:04,April 14,no,2
890,891,works perfectly. easy to use.,66,31,13-04-2023 08:04,April 14,no,4
891,892,difficult to use. does not work.,69,31,13-04-2023 08:04,April 14,yes,2
892,893,terrible product. bad experience.,70,31,13-04-2023 08:04,April 14,yes,1
893,894,would not recommend. waste of money.,71,31,13-04-2023 08:04,April 14,no,2
894,895,worst purchase. does not work.,72,31,13-04-2023 08:04,April 14,yes,0
895,896,customer service was bad. broke easily.,75,31,13-04-2023 08:04,April 14,no,5
896,897,missing features. difficult to use.,76,31,13-04-2023 08:04,April 14,no,6
897,898,missing features. waste of money.,82,31,13-04-2023 08:04,April 14,yes,2
898,899,fantastic. fantastic.,87,31,13-04-2023 08:04,April 14,yes,1
899,900,amazing features. five stars. some pros and cons.,91,31,13-04-2023 08:04,April 14,no,3
900,901,excellent quality. fantastic.,96,31,13-04-2023 08:04,April 14,yes,1
901,902,wonderful experience. fantastic. it's okay.,99,31,13-04-2023 08:04,April 14,no,2
902,903,bad experience. poor quality. it's okay.,100,31,13-04-2023 08:04,April 14,no,4
903,904,fantastic. fantastic.,5,32,13-04-2023 08:04,April 14,yes,2
904,905,exceeded expectations. five stars. works as expected.,8,32,13-04-2023 08:04,April 14,yes,1
905,906,worst purchase. worst purchase. it's okay.,12,32,13-04-2023 08:04,April 14,no,2
906,907,terrible product. worst purchase.,14,32,13-04-2023 08:04,April 14,yes,0
907,908,fantastic. works perfectly.,21,32,13-04-2023 08:04,April 14,no,5
908,909,would not recommend. waste of money.,22,32,13-04-2023 08:04,April 14,no,6
909,910,love this product. amazing features.,24,32,13-04-2023 08:04,April 14,yes,2
910,911,would not recommend. difficult to use.,28,32,13-04-2023 08:04,April 14,yes,1
911,912,neither good nor bad. amazing features.,36,32,13-04-2023 08:04,April 14,no,3
912,913,highly recommend. wonderful experience.,40,32,13-04-2023 08:04,April 14,yes,1
913,914,one star. worst purchase.,41,32,13-04-2023 08:04,April 14,no,2
914,915,five stars. highly recommend. some pros and cons.,50,32,13-04-2023 08:04,April 14,no,4
915,916,excellent quality. highly recommend.,54,32,13-04-2023 08:04,April 14,yes,2
916,917,nothing special. works perfectly.,57,32,13-04-2023 08:04,April 14,yes,1
917,918,would not recommend. very disappointed. nothing special.,60,32,13-04-2023 08:04,April 14,no,2
918,919,works as expected. exceeded expectations.,62,32,13-04-2023 08:04,April 14,yes,0
919,920,exceeded expectations. great value. works as expected.,66,32,13-04-2023 08:04,April 14,no,5
920,921,waste of money. missing features.,71,32,13-04-2023 08:04,April 14,no,6
921,922,fantastic. great value.,75,32,13-04-2023 08:04,April 14,yes,2
922,923,customer service was bad. difficult to use.,76,32,13-04-2023 08:04,April 14,yes,1
923,924,best purchase ever. best purchase ever. works as expected.,78,32,13-04-2023 08:04,April 14,no,3
924,925,average product. very satisfied.,79,32,13-04-2023 08:04,April 14,yes,1
925,926,does not work. poor quality. average product.,82,32,13-04-2023 08:04,April 14,no,2
926,927,amazing features. five stars.,91,32,13-04-2023 08:04,April 14,no,4
927,928,waste of money. would not recommend. nothing special.,92,32,13-04-2023 08:04,April 14,yes,2
928,929,very satisfied. excellent quality. decent for the price.,97,32,13-04-2023 08:04,April 14,yes,1
929,930,highly recommend. fantastic.,4,33,13-04-2023 08:04,April 14,no,2
930,931,very disappointed. very disappointed.,5,33,13-04-2023 08:04,April 14,yes,0
931,932,very satisfied. love this product.,14,33,13-04-2023 08:04,April 14,no,5
932,933,met expectations. customer service was bad.,15,33,13-04-2023 08:04,April 14,no,6
933,934,one star. worst purchase. some pros and cons.,20,33,13-04-2023 08:04,April 14,yes,2
934,935,exceeded expectations. easy to use. nothing special.,21,33,13-04-2023 08:04,April 14,yes,1
935,936,excellent quality. love this product.,24,33,13-04-2023 08:04,April 14,no,3
936,937,fantastic. fantastic. decent for the price.,26,33,13-04-2023 08:04,April 14,yes,1
937,938,poor quality. worst purchase.,28,33,13-04-2023 08:04,April 14,no,2
938,939,would not recommend. worst purchase.,36,33,13-04-2023 08:04,April 14,no,4
939,940,exceeded expectations. very satisfied. could be better.,37,33,13-04-2023 08:04,April 14,yes,2
940,941,missing features. waste of money. met expectations.,41,33,13-04-2023 08:04,April 14,yes,1
941,942,best purchase ever. fantastic.,43,33,13-04-2023 08:04,April 14,no,2
942,943,one star. poor quality.,50,33,13-04-2023 08:04,April 14,yes,0
943,944,best purchase ever. fantastic.,54,33,13-04-2023 08:04,April 14,no,5
944,945,great value. exceeded expectations.,55,33,13-04-2023 08:04,April 14,no,6
945,946,excellent quality. best purchase ever.,57,33,13-04-2023 08:04,April 14,yes,2
946,947,love this product. highly recommend. decent for the price.,60,33,13-04-2023 08:04,April 14,yes,1
947,948,fantastic. wonderful experience. nothing special.,65,33,13-04-2023 08:04,April 14,no,3
948,949,five stars. best purchase ever.,66,33,13-04-2023 08:04,April 14,yes,1
949,950,waste of money. very disappointed.,69,33,13-04-2023 08:04,April 14,no,2
950,951,excellent quality. wonderful experience.,71,33,13-04-2023 08:04,April 14,no,4
951,952,best purchase ever. very satisfied. it's okay.,75,33,13-04-2023 08:04,April 14,yes,2
952,953,broke easily. missing features. decent for the price.,76,33,13-04-2023 08:04,April 14,yes,1
953,954,best purchase ever. five stars.,78,33,13-04-2023 08:04,April 14,no,2
954,955,one star. poor quality.,84,33,13-04-2023 08:04,April 14,yes,0
955,956,average product. customer service was bad.,85,33,13-04-2023 08:04,April 14,no,5
956,957,bad experience. poor quality.,87,33,13-04-2023 08:04,April 14,no,6
957,958,difficult to use. worst purchase. could be better.,91,33,13-04-2023 08:04,April 14,yes,2
958,959,it's okay. easy to use.,94,33,13-04-2023 08:04,April 14,yes,1
959,960,easy to use. excellent quality.,96,33,13-04-2023 08:04,April 14,no,3
960,961,it's okay. missing features.,99,33,13-04-2023 08:04,April 14,yes,1
961,962,five stars. highly recommend.,100,33,13-04-2023 08:04,April 14,no,2
962,963,difficult to use. waste of money.,5,34,13-04-2023 08:04,April 14,no,4
963,964,great value. highly recommend. decent for the price.,6,34,13-04-2023 08:04,April 14,yes,2
964,965,works perfectly. wonderful experience. nothing special.,8,34,13-04-2023 08:04,April 14,yes,1
965,966,wonderful experience. five stars. decent for the price.,14,34,13-04-2023 08:04,April 14,no,2
966,967,great value. easy to use.,17,34,13-04-2023 08:04,April 14,yes,0
967,968,waste of money. worst purchase.,21,34,13-04-2023 08:04,April 14,no,5
968,969,could be better. love this product.,24,34,13-04-2023 08:04,April 14,no,6
969,970,great value. best purchase ever. nothing special.,36,34,13-04-2023 08:04,April 14,yes,2
970,971,highly recommend. excellent quality. could be better.,39,34,13-04-2023 08:04,April 14,yes,1
971,972,one star. worst purchase.,41,34,13-04-2023 08:04,April 14,no,3
972,973,waste of money. one star.,54,34,13-04-2023 08:04,April 14,yes,1
973,974,five stars. great value. average product.,55,34,13-04-2023 08:04,April 14,no,2
974,975,terrible product. terrible product.,57,34,13-04-2023 08:04,April 14,no,4
975,976,does not work. missing features.,65,34,13-04-2023 08:04,April 14,yes,2
976,977,wonderful experience. excellent quality.,66,34,13-04-2023 08:04,April 14,yes,1
977,978,neither good nor bad. bad experience.,67,34,13-04-2023 08:04,April 14,no,2
978,979,difficult to use. very disappointed. nothing special.,71,34,13-04-2023 08:04,April 14,yes,0
979,980,customer service was bad. would not recommend.,75,34,13-04-2023 08:04,April 14,no,5
980,981,easy to use. highly recommend. nothing special.,76,34,13-04-2023 08:04,April 14,no,6
981,982,would not recommend. awful. nothing special.,85,34,13-04-2023 08:04,April 14,yes,2
982,983,works as expected. terrible product.,91,34,13-04-2023 08:04,April 14,yes,1
983,984,it's okay. five stars.,93,34,13-04-2023 08:04,April 14,no,3
984,985,bad experience. does not work.,97,34,13-04-2023 08:04,April 14,yes,1
985,986,it's okay. wonderful experience.,98,34,13-04-2023 08:04,April 14,no,2
986,987,broke easily. customer service was bad. met expectations.,100,34,13-04-2023 08:04,April 14,no,4
987,988,broke easily. difficult to use.,5,35,13-04-2023 08:04,April 14,yes,2
988,989,customer service was bad. poor quality.,8,35,13-04-2023 08:04,April 14,yes,1
989,990,missing features. broke easily.,12,35,13-04-2023 08:04,April 14,no,2
990,991,nothing special. missing features.,14,35,13-04-2023 08:04,April 14,yes,0
991,992,very satisfied. easy to use. met expectations.,15,35,13-04-2023 08:04,April 14,no,5
992,993,amazing features. five stars.,16,35,13-04-2023 08:04,April 14,no,6
993,994,five stars. five stars.,19,35,13-04-2023 08:04,April 14,yes,2
994,995,worst purchase. terrible product. some pros and cons.,21,35,13-04-2023 08:04,April 14,yes,1
995,996,average product. worst purchase.,24,35,13-04-2023 08:04,April 14,no,3
996,997,met expectations. poor quality.,27,35,13-04-2023 08:04,April 14,yes,1
997,998,works as expected. five stars.,30,35,13-04-2023 08:04,April 14,no,2
998,999,fantastic. excellent quality. neither good nor bad.,32,35,13-04-2023 08:04,April 14,no,4
999,1000,waste of money. worst purchase. works as expected.,36,35,13-04-2023 08:04,April 14,yes,2
1000,1001,fantastic. wonderful experience.,38,35,13-04-2023 08:04,April 14,yes,1
1001,1002,broke easily. awful.,39,35,13-04-2023 08:04,April 14,no,2
1002,1003,met expectations. five stars.,41,35,13-04-2023 08:04,April 14,yes,0
1003,1004,very satisfied. wonderful experience.,43,35,13-04-2023 08:04,April 14,no,5
1004,1005,worst purchase. one star.,44,35,13-04-2023 08:04,April 14,no,6
1005,1006,some pros and cons. works perfectly.,46,35,13-04-2023 08:04,April 14,yes,2
1006,1007,highly recommend. amazing features.,54,35,13-04-2023 08:04,April 14,yes,1
1007,1008,waste of money. poor quality.,57,35,13-04-2023 08:04,April 14,no,3
1008,1009,love this product. highly recommend. nothing special.,63,35,13-04-2023 08:04,April 14,yes,1
1009,1010,poor quality. worst purchase.,66,35,13-04-2023 08:04,April 14,no,2
1010,1011,awful. customer service was bad. some pros and cons.,71,35,13-04-2023 08:04,April 14,no,4
1011,1012,fantastic. best purchase ever.,75,35,13-04-2023 08:04,April 14,yes,2
1012,1013,wonderful experience. love this product. some pros and cons.,76,35,13-04-2023 08:04,April 14,yes,1
1013,1014,broke easily. does not work.,84,35,13-04-2023 08:04,April 14,no,2
1014,1015,decent for the price. worst purchase.,87,35,13-04-2023 08:04,April 14,yes,0
1015,1016,awful. one star.,91,35,13-04-2023 08:04,April 14,no,5
1016,1017,exceeded expectations. works perfectly.,92,35,13-04-2023 08:04,April 14,no,6
1017,1018,best purchase ever. easy to use.,93,35,13-04-2023 08:04,April 14,yes,2
1018,1019,works as expected. easy to use.,94,35,13-04-2023 08:04,April 14,yes,1
1019,1020,difficult to use. difficult to use.,100,35,13-04-2023 08:04,April 14,no,3
1020,1021,neither good nor bad. very satisfied.,4,36,13-04-2023 08:04,April 14,yes,1
1021,1022,amazing features. great value.,5,36,13-04-2023 08:04,April 14,no,2
1022,1023,exceeded expectations. best purchase ever. some pros and cons.,8,36,13-04-2023 08:04,April 14,no,4
1023,1024,would not recommend. bad experience.,10,36,13-04-2023 08:04,April 14,yes,2
1024,1025,it's okay. five stars.,14,36,13-04-2023 08:04,April 14,yes,1
1025,1026,it's okay. five stars.,15,36,13-04-2023 08:04,April 14,no,2
1026,1027,broke easily. terrible product.,21,36,13-04-2023 08:04,April 14,yes,0
1027,1028,love this product. works perfectly.,22,36,13-04-2023 08:04,April 14,no,5
1028,1029,very satisfied. easy to use.,24,36,13-04-2023 08:04,April 14,no,6
1029,1030,could be better. excellent quality.,30,36,13-04-2023 08:04,April 14,yes,2
1030,1031,met expectations. does not work.,31,36,13-04-2023 08:04,April 14,yes,1
1031,1032,best purchase ever. works perfectly.,32,36,13-04-2023 08:04,April 14,no,3
1032,1033,easy to use. excellent quality.,36,36,13-04-2023 08:04,April 14,yes,1
1033,1034,average product. customer service was bad.,37,36,13-04-2023 08:04,April 14,no,2
1034,1035,worst purchase. missing features.,40,36,13-04-2023 08:04,April 14,no,4
1035,1036,customer service was bad. one star.,41,36,13-04-2023 08:04,April 14,yes,2
1036,1037,works as expected. very disappointed.,42,36,13-04-2023 08:04,April 14,yes,1
1037,1038,awful. would not recommend.,54,36,13-04-2023 08:04,April 14,no,2
1038,1039,amazing features. wonderful experience. average product.,56,36,13-04-2023 08:04,April 14,yes,0
1039,1040,would not recommend. terrible product. decent for the price.,57,36,13-04-2023 08:04,April 14,no,5
1040,1041,love this product. five stars.,60,36,13-04-2023 08:04,April 14,no,6
1041,1042,exceeded expectations. excellent quality.,66,36,13-04-2023 08:04,April 14,yes,2
1042,1043,waste of money. one star.,71,36,13-04-2023 08:04,April 14,yes,1
1043,1044,it's okay. five stars.,73,36,13-04-2023 08:04,April 14,no,3
1044,1045,very satisfied. works perfectly.,75,36,13-04-2023 08:04,April 14,yes,1
1045,1046,works perfectly. five stars.,76,36,13-04-2023 08:04,April 14,no,2
1046,1047,works perfectly. excellent quality.,79,36,13-04-2023 08:04,April 14,no,4
1047,1048,very disappointed. difficult to use. average product.,87,36,13-04-2023 08:04,April 14,yes,2
1048,1049,broke easily. very disappointed.,91,36,13-04-2023 08:04,April 14,yes,1
1049,1050,wonderful experience. five stars.,5,37,13-04-2023 08:04,April 14,no,2
1050,1051,terrible product. awful.,9,37,13-04-2023 08:04,April 14,yes,0
1051,1052,five stars. excellent quality. neither good nor bad.,14,37,13-04-2023 08:04,April 14,no,5
1052,1053,met expectations. very disappointed.,15,37,13-04-2023 08:04,April 14,no,6
1053,1054,broke easily. one star.,21,37,13-04-2023 08:04,April 14,yes,2
1054,1055,highly recommend. very satisfied. nothing special.,24,37,13-04-2023 08:04,April 14,yes,1
1055,1056,average product. customer service was bad.,26,37,13-04-2023 08:04,April 14,no,3
1056,1057,neither good nor bad. best purchase ever.,36,37,13-04-2023 08:04,April 14,yes,1
1057,1058,best purchase ever. best purchase ever. average product.,37,37,13-04-2023 08:04,April 14,no,2
1058,1059,bad experience. difficult to use.,41,37,13-04-2023 08:04,April 14,no,4
1059,1060,best purchase ever. works perfectly.,42,37,13-04-2023 08:04,April 14,yes,2
1060,1061,waste of money. terrible product.,50,37,13-04-2023 08:04,April 14,yes,1
1061,1062,best purchase ever. great value.,54,37,13-04-2023 08:04,April 14,no,2
1062,1063,very disappointed. waste of money.,56,37,13-04-2023 08:04,April 14,yes,0
1063,1064,love this product. fantastic.,57,37,13-04-2023 08:04,April 14,no,5
1064,1065,exceeded expectations. highly recommend.,60,37,13-04-2023 08:04,April 14,no,6
1065,1066,broke easily. waste of money.,61,37,13-04-2023 08:04,April 14,yes,2
1066,1067,one star. bad experience. average product.,66,37,13-04-2023 08:04,April 14,yes,1
1067,1068,love this product. best purchase ever.,71,37,13-04-2023 08:04,April 14,no,3
1068,1069,does not work. missing features.,72,37,13-04-2023 08:04,April 14,yes,1
1069,1070,awful. would not recommend.,75,37,13-04-2023 08:04,April 14,no,2
1070,1071,great value. amazing features.,76,37,13-04-2023 08:04,April 14,no,4
1071,1072,average product. fantastic.,82,37,13-04-2023 08:04,April 14,yes,2
1072,1073,easy to use. amazing features. it's okay.,84,37,13-04-2023 08:04,April 14,yes,1
1073,1074,bad experience. broke easily. nothing special.,91,37,13-04-2023 08:04,April 14,no,2
1074,1075,amazing features. easy to use.,96,37,13-04-2023 08:04,April 14,yes,0
1075,1076,works perfectly. five stars.,98,37,13-04-2023 08:04,April 14,no,5
1076,1077,neither good nor bad. difficult to use.,4,38,13-04-2023 08:04,April 14,no,6
1077,1078,easy to use. best purchase ever.,5,38,13-04-2023 08:04,April 14,yes,2
1078,1079,five stars. amazing features.,10,38,13-04-2023 08:04,April 14,yes,1
1079,1080,wonderful experience. fantastic. average product.,12,38,13-04-2023 08:04,April 14,no,3
1080,1081,decent for the price. fantastic.,14,38,13-04-2023 08:04,April 14,yes,1
1081,1082,love this product. easy to use.,21,38,13-04-2023 08:04,April 14,no,2
1082,1083,works perfectly. wonderful experience.,24,38,13-04-2023 08:04,April 14,no,4
1083,1084,neither good nor bad. wonderful experience.,27,38,13-04-2023 08:04,April 14,yes,2
1084,1085,best purchase ever. highly recommend. some pros and cons.,30,38,13-04-2023 08:04,April 14,yes,1
1085,1086,customer service was bad. missing features.,35,38,13-04-2023 08:04,April 14,no,2
1086,1087,very disappointed. worst purchase. decent for the price.,36,38,13-04-2023 08:04,April 14,yes,0
1087,1088,works perfectly. highly recommend. some pros and cons.,37,38,13-04-2023 08:04,April 14,no,5
1088,1089,difficult to use. missing features.,38,38,13-04-2023 08:04,April 14,no,6
1089,1090,waste of money. awful. nothing special.,40,38,13-04-2023 08:04,April 14,yes,2
1090,1091,one star. one star.,41,38,13-04-2023 08:04,April 14,yes,1
1091,1092,amazing features. love this product.,46,38,13-04-2023 08:04,April 14,no,3
1092,1093,works perfectly. wonderful experience.,48,38,13-04-2023 08:04,April 14,yes,1
1093,1094,could be better. broke easily.,54,38,13-04-2023 08:04,April 14,no,2
1094,1095,love this product. excellent quality.,57,38,13-04-2023 08:04,April 14,no,4
1095,1096,missing features. very disappointed.,66,38,13-04-2023 08:04,April 14,yes,2
1096,1097,missing features. does not work. decent for the price.,71,38,13-04-2023 08:04,April 14,yes,1
1097,1098,very satisfied. works perfectly.,75,38,13-04-2023 08:04,April 14,no,2
1098,1099,best purchase ever. works perfectly. some pros and cons.,76,38,13-04-2023 08:04,April 14,yes,0
1099,1100,would not recommend. customer service was bad.,78,38,13-04-2023 08:04,April 14,no,5
1100,1101,difficult to use. worst purchase.,87,38,13-04-2023 08:04,April 14,no,6
1101,1102,it's okay. waste of money.,91,38,13-04-2023 08:04,April 14,yes,2
1102,1103,neither good nor bad. waste of money.,93,38,13-04-2023 08:04,April 14,yes,1
1103,1104,very disappointed. one star.,94,38,13-04-2023 08:04,April 14,no,3
1104,1105,broke easily. does not work.,96,38,13-04-2023 08:04,April 14,yes,1
1105,1106,fantastic. five stars. works as expected.,2,39,13-04-2023 08:04,April 14,no,2
1106,1107,awful. terrible product.,5,39,13-04-2023 08:04,April 14,no,4
1107,1108,excellent quality. very satisfied.,11,39,13-04-2023 08:04,April 14,yes,2
1108,1109,amazing features. easy to use. met expectations.,14,39,13-04-2023 08:04,April 14,yes,1
1109,1110,works perfectly. works perfectly.,15,39,13-04-2023 08:04,April 14,no,2
1110,1111,waste of money. waste of money.,21,39,13-04-2023 08:04,April 14,yes,0
1111,1112,very disappointed. terrible product.,24,39,13-04-2023 08:04,April 14,no,5
1112,1113,love this product. best purchase ever.,27,39,13-04-2023 08:04,April 14,no,6
1113,1114,very disappointed. awful.,32,39,13-04-2023 08:04,April 14,yes,2
1114,1115,fantastic. love this product.,36,39,13-04-2023 08:04,April 14,yes,1
1115,1116,fantastic. excellent quality.,41,39,13-04-2023 08:04,April 14,no,3
1116,1117,neither good nor bad. one star.,48,39,13-04-2023 08:04,April 14,yes,1
1117,1118,amazing features. easy to use.,54,39,13-04-2023 08:04,April 14,no,2
1118,1119,very disappointed. worst purchase.,56,39,13-04-2023 08:04,April 14,no,4
1119,1120,missing features. would not recommend.,57,39,13-04-2023 08:04,April 14,yes,2
1120,1121,would not recommend. very disappointed.,60,39,13-04-2023 08:04,April 14,yes,1
1121,1122,missing features. waste of money.,65,39,13-04-2023 08:04,April 14,no,2
1122,1123,bad experience. very disappointed.,66,39,13-04-2023 08:04,April 14,yes,0
1123,1124,very disappointed. very disappointed. nothing special.,67,39,13-04-2023 08:04,April 14,no,5
1124,1125,could be better. awful.,69,39,13-04-2023 08:04,April 14,no,6
1125,1126,would not recommend. very disappointed.,70,39,13-04-2023 08:04,April 14,yes,2
1126,1127,could be better. wonderful experience.,71,39,13-04-2023 08:04,April 14,yes,1
1127,1128,very satisfied. highly recommend.,73,39,13-04-2023 08:04,April 14,no,3
1128,1129,terrible product. worst purchase.,75,39,13-04-2023 08:04,April 14,yes,1
1129,1130,love this product. very satisfied.,76,39,13-04-2023 08:04,April 14,no,2
1130,1131,one star. poor quality.,84,39,13-04-2023 08:04,April 14,no,4
1131,1132,waste of money. missing features.,91,39,13-04-2023 08:04,April 14,yes,2
1132,1133,it's okay. one star.,93,39,13-04-2023 08:04,April 14,yes,1
1133,1134,exceeded expectations. amazing features. works as expected.,95,39,13-04-2023 08:04,April 14,no,2
1134,1135,met expectations. wonderful experience.,5,40,13-04-2023 08:04,April 14,yes,0
1135,1136,decent for the price. works perfectly.,8,40,13-04-2023 08:04,April 14,no,5
1136,1137,some pros and cons. missing features.,12,40,13-04-2023 08:04,April 14,no,6
1137,1138,terrible product. missing features.,14,40,13-04-2023 08:04,April 14,yes,2
1138,1139,does not work. very disappointed.,17,40,13-04-2023 08:04,April 14,yes,1
1139,1140,it's okay. difficult to use.,18,40,13-04-2023 08:04,April 14,no,3
1140,1141,some pros and cons. great value.,19,40,13-04-2023 08:04,April 14,yes,1
1141,1142,average product. broke easily.,20,40,13-04-2023 08:04,April 14,no,2
1142,1143,would not recommend. bad experience. could be better.,21,40,13-04-2023 08:04,April 14,no,4
1143,1144,highly recommend. five stars.,24,40,13-04-2023 08:04,April 14,yes,2
1144,1145,decent for the price. customer service was bad.,32,40,13-04-2023 08:04,April 14,yes,1
1145,1146,one star. worst purchase.,36,40,13-04-2023 08:04,April 14,no,2
1146,1147,awful. one star.,39,40,13-04-2023 08:04,April 14,yes,0
1147,1148,fantastic. great value.,41,40,13-04-2023 08:04,April 14,no,5
1148,1149,missing features. very disappointed. could be better.,46,40,13-04-2023 08:04,April 14,no,6
1149,1150,waste of money. worst purchase.,54,40,13-04-2023 08:04,April 14,yes,2
1150,1151,does not work. awful.,57,40,13-04-2023 08:04,April 14,yes,1
1151,1152,would not recommend. missing features. some pros and cons.,65,40,13-04-2023 08:04,April 14,no,3
1152,1153,met expectations. excellent quality.,66,40,13-04-2023 08:04,April 14,yes,1
1153,1154,works as expected. amazing features.,67,40,13-04-2023 08:04,April 14,no,2
1154,1155,love this product. wonderful experience.,71,40,13-04-2023 08:04,April 14,no,4
1155,1156,difficult to use. terrible product.,75,40,13-04-2023 08:04,April 14,yes,2
1156,1157,bad experience. awful.,76,40,13-04-2023 08:04,April 14,yes,1
1157,1158,does not work. broke easily.,79,40,13-04-2023 08:04,April 14,no,2
1158,1159,fantastic. works perfectly. works as expected.,82,40,13-04-2023 08:04,April 14,yes,0
1159,1160,poor quality. customer service was bad.,91,40,13-04-2023 08:04,April 14,no,5
1160,1161,easy to use. works perfectly.,95,40,13-04-2023 08:04,April 14,no,6
1161,1162,terrible product. difficult to use.,96,40,13-04-2023 08:04,April 14,yes,2
1162,1163,difficult to use. does not work. could be better.,5,41,13-04-2023 08:04,April 14,yes,1
1163,1164,terrible product. one star. average product.,9,41,13-04-2023 08:04,April 14,no,3
1164,1165,nothing special. waste of money.,14,41,13-04-2023 08:04,April 14,yes,1
1165,1166,difficult to use. waste of money. works as expected.,21,41,13-04-2023 08:04,April 14,no,2
1166,1167,excellent quality. love this product.,22,41,13-04-2023 08:04,April 14,no,4
1167,1168,easy to use. easy to use. decent for the price.,24,41,13-04-2023 08:04,April 14,yes,2
1168,1169,five stars. works perfectly.,27,41,13-04-2023 08:04,April 14,yes,1
1169,1170,fantastic. exceeded expectations.,35,41,13-04-2023 08:04,April 14,no,2
1170,1171,missing features. awful.,36,41,13-04-2023 08:04,April 14,yes,0
1171,1172,customer service was bad. would not recommend. average product.,38,41,13-04-2023 08:04,April 14,no,5
1172,1173,great value. best purchase ever.,41,41,13-04-2023 08:04,April 14,no,6
1173,1174,very disappointed. worst purchase.,44,41,13-04-2023 08:04,April 14,yes,2
1174,1175,amazing features. very satisfied.,48,41,13-04-2023 08:04,April 14,yes,1
1175,1176,worst purchase. bad experience.,50,41,13-04-2023 08:04,April 14,no,3
1176,1177,excellent quality. five stars.,54,41,13-04-2023 08:04,April 14,yes,1
1177,1178,does not work. worst purchase. could be better.,57,41,13-04-2023 08:04,April 14,no,2
1178,1179,met expectations. fantastic.,63,41,13-04-2023 08:04,April 14,no,4
1179,1180,works perfectly. works perfectly.,66,41,13-04-2023 08:04,April 14,yes,2
1180,1181,worst purchase. poor quality. some pros and cons.,70,41,13-04-2023 08:04,April 14,yes,1
1181,1182,broke easily. awful.,71,41,13-04-2023 08:04,April 14,no,2
1182,1183,met expectations. does not work.,72,41,13-04-2023 08:04,April 14,yes,0
1183,1184,best purchase ever. amazing features.,75,41,13-04-2023 08:04,April 14,no,5
1184,1185,love this product. easy to use.,76,41,13-04-2023 08:04,April 14,no,6
1185,1186,broke easily. worst purchase. neither good nor bad.,78,41,13-04-2023 08:04,April 14,yes,2
1186,1187,worst purchase. difficult to use. decent for the price.,82,41,13-04-2023 08:04,April 14,yes,1
1187,1188,broke easily. difficult to use.,84,41,13-04-2023 08:04,April 14,no,3
1188,1189,best purchase ever. easy to use. could be better.,87,41,13-04-2023 08:04,April 14,yes,1
1189,1190,works as expected. awful.,91,41,13-04-2023 08:04,April 14,no,2
1190,1191,awful. terrible product.,93,41,13-04-2023 08:04,April 14,no,4
1191,1192,bad experience. worst purchase.,96,41,13-04-2023 08:04,April 14,yes,2
1192,1193,customer service was bad. broke easily.,98,41,13-04-2023 08:04,April 14,yes,1
1193,1194,works perfectly. exceeded expectations.,3,42,13-04-2023 08:04,April 14,no,2
1194,1195,great value. five stars.,5,42,13-04-2023 08:04,April 14,yes,0
1195,1196,highly recommend. great value.,8,42,13-04-2023 08:04,April 14,no,5
1196,1197,awful. customer service was bad.,14,42,13-04-2023 08:04,April 14,no,6
1197,1198,terrible product. waste of money.,15,42,13-04-2023 08:04,April 14,yes,2
1198,1199,broke easily. worst purchase.,17,42,13-04-2023 08:04,April 14,yes,1
1199,1200,fantastic. exceeded expectations.,19,42,13-04-2023 08:04,April 14,no,3
1200,1201,would not recommend. broke easily.,21,42,13-04-2023 08:04,April 14,yes,1
1201,1202,excellent quality. amazing features. it's okay.,24,42,13-04-2023 08:04,April 14,no,2
1202,1203,waste of money. very disappointed.,26,42,13-04-2023 08:04,April 14,no,4
1203,1204,worst purchase. terrible product. works as expected.,36,42,13-04-2023 08:04,April 14,yes,2
1204,1205,awful. does not work.,41,42,13-04-2023 08:04,April 14,yes,1
1205,1206,highly recommend. great value. some pros and cons.,42,42,13-04-2023 08:04,April 14,no,2
1206,1207,some pros and cons. excellent quality.,43,42,13-04-2023 08:04,April 14,yes,0
1207,1208,fantastic. amazing features.,47,42,13-04-2023 08:04,April 14,no,5
1208,1209,met expectations. great value.,48,42,13-04-2023 08:04,April 14,no,6
1209,1210,one star. bad experience.,54,42,13-04-2023 08:04,April 14,yes,2
1210,1211,wonderful experience. works perfectly.,57,42,13-04-2023 08:04,April 14,yes,1
1211,1212,very disappointed. awful.,62,42,13-04-2023 08:04,April 14,no,3
1212,1213,amazing features. wonderful experience.,63,42,13-04-2023 08:04,April 14,yes,1
1213,1214,broke easily. very disappointed. decent for the price.,65,42,13-04-2023 08:04,April 14,no,2
1214,1215,neither good nor bad. exceeded expectations.,66,42,13-04-2023 08:04,April 14,no,4
1215,1216,wonderful experience. wonderful experience. average product.,67,42,13-04-2023 08:04,April 14,yes,2
1216,1217,excellent quality. five stars. works as expected.,71,42,13-04-2023 08:04,April 14,yes,1
1217,1218,decent for the price. highly recommend.,75,42,13-04-2023 08:04,April 14,no,2
1218,1219,love this product. five stars. met expectations.,76,42,13-04-2023 08:04,April 14,yes,0
1219,1220,customer service was bad. bad experience.,91,42,13-04-2023 08:04,April 14,no,5
1220,1221,neither good nor bad. love this product.,95,42,13-04-2023 08:04,April 14,no,6
1221,1222,average product. wonderful experience.,96,42,13-04-2023 08:04,April 14,yes,2
1222,1223,amazing features. easy to use.,100,42,13-04-2023 08:04,April 14,yes,1
1223,1224,highly recommend. very satisfied. works as expected.,3,43,13-04-2023 08:04,April 14,no,3
1224,1225,bad experience. waste of money.,5,43,13-04-2023 08:04,April 14,yes,1
1225,1226,amazing features. great value.,14,43,13-04-2023 08:04,April 14,no,2
1226,1227,poor quality. bad experience. it's okay.,17,43,13-04-2023 08:04,April 14,no,4
1227,1228,one star. broke easily.,18,43,13-04-2023 08:04,April 14,yes,2
1228,1229,awful. broke easily.,21,43,13-04-2023 08:04,April 14,yes,1
1229,1230,fantastic. five stars.,24,43,13-04-2023 08:04,April 14,no,2
1230,1231,easy to use. love this product.,26,43,13-04-2023 08:04,April 14,yes,0
1231,1232,amazing features. five stars. met expectations.,31,43,13-04-2023 08:04,April 14,no,5
1232,1233,fantastic. exceeded expectations.,36,43,13-04-2023 08:04,April 14,no,6
1233,1234,poor quality. customer service was bad.,37,43,13-04-2023 08:04,April 14,yes,2
1234,1235,some pros and cons. very satisfied.,38,43,13-04-2023 08:04,April 14,yes,1
1235,1236,some pros and cons. very disappointed.,41,43,13-04-2023 08:04,April 14,no,3
1236,1237,fantastic. excellent quality.,42,43,13-04-2023 08:04,April 14,yes,1
1237,1238,would not recommend. worst purchase.,43,43,13-04-2023 08:04,April 14,no,2
1238,1239,poor quality. poor quality. it's okay.,47,43,13-04-2023 08:04,April 14,no,4
1239,1240,met expectations. missing features.,50,43,13-04-2023 08:04,April 14,yes,2
1240,1241,awful. poor quality.,54,43,13-04-2023 08:04,April 14,yes,1
1241,1242,highly recommend. highly recommend.,57,43,13-04-2023 08:04,April 14,no,2
1242,1243,worst purchase. customer service was bad. met expectations.,60,43,13-04-2023 08:04,April 14,yes,0
1243,1244,wonderful experience. works perfectly. neither good nor bad.,63,43,13-04-2023 08:04,April 14,no,5
1244,1245,great value. easy to use. average product.,65,43,13-04-2023 08:04,April 14,no,6
1245,1246,awful. missing features.,66,43,13-04-2023 08:04,April 14,yes,2
1246,1247,wonderful experience. very satisfied. it's okay.,69,43,13-04-2023 08:04,April 14,yes,1
1247,1248,best purchase ever. wonderful experience.,71,43,13-04-2023 08:04,April 14,no,3
1248,1249,highly recommend. five stars. it's okay.,72,43,13-04-2023 08:04,April 14,yes,1
1249,1250,decent for the price. highly recommend.,75,43,13-04-2023 08:04,April 14,no,2
1250,1251,worst purchase. does not work.,76,43,13-04-2023 08:04,April 14,no,4
1251,1252,excellent quality. fantastic.,85,43,13-04-2023 08:04,April 14,yes,2
1252,1253,would not recommend. customer service was bad. average product.,87,43,13-04-2023 08:04,April 14,yes,1
1253,1254,very satisfied. five stars.,91,43,13-04-2023 08:04,April 14,no,2
1254,1255,broke easily. missing features.,5,44,13-04-2023 08:04,April 14,yes,0
1255,1256,awful. one star. neither good nor bad.,14,44,13-04-2023 08:04,April 14,no,5
1256,1257,some pros and cons. highly recommend.,17,44,13-04-2023 08:04,April 14,no,6
1257,1258,met expectations. amazing features.,18,44,13-04-2023 08:04,April 14,yes,2
1258,1259,decent for the price. awful.,20,44,13-04-2023 08:04,April 14,yes,1
1259,1260,exceeded expectations. wonderful experience. average product.,21,44,13-04-2023 08:04,April 14,no,3
1260,1261,bad experience. terrible product. met expectations.,24,44,13-04-2023 08:04,April 14,yes,1
1261,1262,love this product. works perfectly. nothing special.,27,44,13-04-2023 08:04,April 14,no,2
1262,1263,exceeded expectations. excellent quality.,28,44,13-04-2023 08:04,April 14,no,4
1263,1264,fantastic. exceeded expectations.,36,44,13-04-2023 08:04,April 14,yes,2
1264,1265,wonderful experience. highly recommend.,41,44,13-04-2023 08:04,April 14,yes,1
1265,1266,terrible product. difficult to use.,54,44,13-04-2023 08:04,April 14,no,2
1266,1267,easy to use. best purchase ever.,57,44,13-04-2023 08:04,April 14,yes,0
1267,1268,awful. awful.,66,44,13-04-2023 08:04,April 14,no,5
1268,1269,works as expected. customer service was bad.,67,44,13-04-2023 08:04,April 14,no,6
1269,1270,excellent quality. excellent quality.,71,44,13-04-2023 08:04,April 14,yes,2
1270,1271,bad experience. missing features. some pros and cons.,75,44,13-04-2023 08:04,April 14,yes,1
1271,1272,met expectations. very satisfied.,76,44,13-04-2023 08:04,April 14,no,3
1272,1273,some pros and cons. wonderful experience.,78,44,13-04-2023 08:04,April 14,yes,1
1273,1274,some pros and cons. love this product.,85,44,13-04-2023 08:04,April 14,no,2
1274,1275,great value. works perfectly.,87,44,13-04-2023 08:04,April 14,no,4
1275,1276,does not work. one star. works as expected.,91,44,13-04-2023 08:04,April 14,yes,2
1276,1277,waste of money. worst purchase.,92,44,13-04-2023 08:04,April 14,yes,1
1277,1278,missing features. one star. decent for the price.,93,44,13-04-2023 08:04,April 14,no,2
1278,1279,easy to use. very satisfied.,96,44,13-04-2023 08:04,April 14,yes,0
1279,1280,easy to use. exceeded expectations. decent for the price.,98,44,13-04-2023 08:04,April 14,no,5
1280,1281,works perfectly. highly recommend.,5,45,13-04-2023 08:04,April 14,no,6
1281,1282,nothing special. bad experience.,9,45,13-04-2023 08:04,April 14,yes,2
1282,1283,best purchase ever. highly recommend.,14,45,13-04-2023 08:04,April 14,yes,1
1283,1284,worst purchase. missing features.,15,45,13-04-2023 08:04,April 14,no,3
1284,1285,easy to use. fantastic.,16,45,13-04-2023 08:04,April 14,yes,1
1285,1286,highly recommend. highly recommend. met expectations.,19,45,13-04-2023 08:04,April 14,no,2
1286,1287,broke easily. bad experience.,21,45,13-04-2023 08:04,April 14,no,4
1287,1288,amazing features. best purchase ever. some pros and cons.,22,45,13-04-2023 08:04,April 14,yes,2
1288,1289,love this product. best purchase ever. nothing special.,24,45,13-04-2023 08:04,April 14,yes,1
1289,1290,difficult to use. worst purchase.,36,45,13-04-2023 08:04,April 14,no,2
1290,1291,average product. love this product.,41,45,13-04-2023 08:04,April 14,yes,0
1291,1292,neither good nor bad. very disappointed.,43,45,13-04-2023 08:04,April 14,no,5
1292,1293,exceeded expectations. best purchase ever. some pros and cons.,54,45,13-04-2023 08:04,April 14,no,6
1293,1294,waste of money. poor quality.,57,45,13-04-2023 08:04,April 14,yes,2
1294,1295,five stars. works perfectly.,60,45,13-04-2023 08:04,April 14,yes,1
1295,1296,would not recommend. does not work.,61,45,13-04-2023 08:04,April 14,no,3
1296,1297,difficult to use. would not recommend.,62,45,13-04-2023 08:04,April 14,yes,1
1297,1298,five stars. exceeded expectations.,63,45,13-04-2023 08:04,April 14,no,2
1298,1299,worst purchase. does not work. average product.,65,45,13-04-2023 08:04,April 14,no,4
1299,1300,easy to use. highly recommend. nothing special.,66,45,13-04-2023 08:04,April 14,yes,2
1300,1301,amazing features. easy to use.,67,45,13-04-2023 08:04,April 14,yes,1
1301,1302,one star. awful.,69,45,13-04-2023 08:04,April 14,no,2
1302,1303,five stars. love this product.,71,45,13-04-2023 08:04,April 14,yes,0
1303,1304,excellent quality. fantastic.,73,45,13-04-2023 08:04,April 14,no,5
1304,1305,very disappointed. would not recommend.,75,45,13-04-2023 08:04,April 14,no,6
1305,1306,wonderful experience. excellent quality.,76,45,13-04-2023 08:04,April 14,yes,2
1306,1307,broke easily. does not work.,91,45,13-04-2023 08:04,April 14,yes,1
1307,1308,very disappointed. does not work.,97,45,13-04-2023 08:04,April 14,no,3
1308,1309,love this product. best purchase ever.,99,45,13-04-2023 08:04,April 14,yes,1
1309,1310,best purchase ever. very satisfied. neither good nor bad.,2,46,13-04-2023 08:04,April 14,no,2
1310,1311,works perfectly. excellent quality. works as expected.,5,46,13-04-2023 08:04,April 14,no,4
1311,1312,missing features. poor quality. met expectations.,6,46,13-04-2023 08:04,April 14,yes,2
1312,1313,very disappointed. customer service was bad. works as expected.,14,46,13-04-2023 08:04,April 14,yes,1
1313,1314,decent for the price. great value.,15,46,13-04-2023 08:04,April 14,no,2
1314,1315,would not recommend. bad experience.,17,46,13-04-2023 08:04,April 14,yes,0
1315,1316,excellent quality. wonderful experience. met expectations.,21,46,13-04-2023 08:04,April 14,no,5
1316,1317,easy to use. works perfectly.,24,46,13-04-2023 08:04,April 14,no,6
1317,1318,excellent quality. exceeded expectations.,27,46,13-04-2023 08:04,April 14,yes,2
1318,1319,waste of money. missing features.,30,46,13-04-2023 08:04,April 14,yes,1
1319,1320,nothing special. terrible product.,31,46,13-04-2023 08:04,April 14,no,3
1320,1321,highly recommend. highly recommend.,35,46,13-04-2023 08:04,April 14,yes,1
1321,1322,bad experience. does not work.,36,46,13-04-2023 08:04,April 14,no,2
1322,1323,easy to use. excellent quality. decent for the price.,38,46,13-04-2023 08:04,April 14,no,4
1323,1324,great value. love this product.,40,46,13-04-2023 08:04,April 14,yes,2
1324,1325,poor quality. waste of money.,41,46,13-04-2023 08:04,April 14,yes,1
1325,1326,five stars. exceeded expectations.,52,46,13-04-2023 08:04,April 14,no,2
1326,1327,highly recommend. excellent quality.,54,46,13-04-2023 08:04,April 14,yes,0
1327,1328,wonderful experience. very satisfied.,57,46,13-04-2023 08:04,April 14,no,5
1328,1329,awful. missing features.,63,46,13-04-2023 08:04,April 14,no,6
1329,1330,terrible product. worst purchase.,66,46,13-04-2023 08:04,April 14,yes,2
1330,1331,easy to use. excellent quality.,71,46,13-04-2023 08:04,April 14,yes,1
1331,1332,does not work. waste of money.,75,46,13-04-2023 08:04,April 14,no,3
1332,1333,missing features. difficult to use.,76,46,13-04-2023 08:04,April 14,yes,1
1333,1334,fantastic. love this product.,82,46,13-04-2023 08:04,April 14,no,2
1334,1335,highly recommend. exceeded expectations.,87,46,13-04-2023 08:04,April 14,no,4
1335,1336,decent for the price. very disappointed.,91,46,13-04-2023 08:04,April 14,yes,2
1336,1337,awful. awful.,92,46,13-04-2023 08:04,April 14,yes,1
1337,1338,would not recommend. customer service was bad. some pros and cons.,94,46,13-04-2023 08:04,April 14,no,2
1338,1339,worst purchase. waste of money. could be better.,97,46,13-04-2023 08:04,April 14,yes,0
1339,1340,one star. poor quality. it's okay.,99,46,13-04-2023 08:04,April 14,no,5
1340,1341,broke easily. customer service was bad.,100,46,13-04-2023 08:04,April 14,no,6
1341,1342,would not recommend. waste of money.,5,47,13-04-2023 08:04,April 14,yes,2
1342,1343,neither good nor bad. one star.,6,47,13-04-2023 08:04,April 14,yes,1
1343,1344,customer service was bad. waste of money.,8,47,13-04-2023 08:04,April 14,no,3
1344,1345,exceeded expectations. amazing features.,14,47,13-04-2023 08:04,April 14,yes,1
1345,1346,great value. highly recommend.,17,47,13-04-2023 08:04,April 14,no,2
1346,1347,decent for the price. awful.,18,47,13-04-2023 08:04,April 14,no,4
1347,1348,neither good nor bad. missing features.,21,47,13-04-2023 08:04,April 14,yes,2
1348,1349,fantastic. love this product.,24,47,13-04-2023 08:04,April 14,yes,1
1349,1350,works as expected. best purchase ever.,36,47,13-04-2023 08:04,April 14,no,2
1350,1351,waste of money. customer service was bad.,41,47,13-04-2023 08:04,April 14,yes,0
1351,1352,some pros and cons. very disappointed.,44,47,13-04-2023 08:04,April 14,no,5
1352,1353,one star. terrible product. some pros and cons.,46,47,13-04-2023 08:04,April 14,no,6
1353,1354,does not work. difficult to use.,48,47,13-04-2023 08:04,April 14,yes,2
1354,1355,nothing special. awful.,54,47,13-04-2023 08:04,April 14,yes,1
1355,1356,met expectations. waste of money.,57,47,13-04-2023 08:04,April 14,no,3
1356,1357,bad experience. would not recommend.,60,47,13-04-2023 08:04,April 14,yes,1
1357,1358,fantastic. great value.,66,47,13-04-2023 08:04,April 14,no,2
1358,1359,excellent quality. works perfectly. works as expected.,69,47,13-04-2023 08:04,April 14,no,4
1359,1360,bad experience. one star.,71,47,13-04-2023 08:04,April 14,yes,2
1360,1361,wonderful experience. highly recommend. it's okay.,75,47,13-04-2023 08:04,April 14,yes,1
1361,1362,terrible product. broke easily.,76,47,13-04-2023 08:04,April 14,no,2
1362,1363,it's okay. would not recommend.,85,47,13-04-2023 08:04,April 14,yes,0
1363,1364,decent for the price. wonderful experience.,91,47,13-04-2023 08:04,April 14,no,5
1364,1365,terrible product. customer service was bad.,98,47,13-04-2023 08:04,April 14,no,6
1365,1366,works perfectly. best purchase ever.,2,48,13-04-2023 08:04,April 14,yes,2
1366,1367,great value. best purchase ever.,3,48,13-04-2023 08:04,April 14,yes,1
1367,1368,easy to use. easy to use.,4,48,13-04-2023 08:04,April 14,no,3
1368,1369,customer service was bad. one star. some pros and cons.,5,48,13-04-2023 08:04,April 14,yes,1
1369,1370,fantastic. five stars. met expectations.,10,48,13-04-2023 08:04,April 14,no,2
1370,1371,fantastic. best purchase ever. met expectations.,14,48,13-04-2023 08:04,April 14,no,4
1371,1372,one star. missing features.,17,48,13-04-2023 08:04,April 14,yes,2
1372,1373,some pros and cons. excellent quality.,21,48,13-04-2023 08:04,April 14,yes,1
1373,1374,poor quality. awful.,24,48,13-04-2023 08:04,April 14,no,2
1374,1375,fantastic. amazing features.,33,48,13-04-2023 08:04,April 14,yes,0
1375,1376,easy to use. best purchase ever. it's okay.,35,48,13-04-2023 08:04,April 14,no,5
1376,1377,some pros and cons. love this product.,36,48,13-04-2023 08:04,April 14,no,6
1377,1378,missing features. difficult to use.,38,48,13-04-2023 08:04,April 14,yes,2
1378,1379,bad experience. poor quality.,40,48,13-04-2023 08:04,April 14,yes,1
1379,1380,it's okay. very disappointed.,41,48,13-04-2023 08:04,April 14,no,3
1380,1381,poor quality. very disappointed.,43,48,13-04-2023 08:04,April 14,yes,1
1381,1382,does not work. bad experience.,54,48,13-04-2023 08:04,April 14,no,2
1382,1383,works perfectly. works perfectly.,57,48,13-04-2023 08:04,April 14,no,4
1383,1384,highly recommend. highly recommend.,66,48,13-04-2023 08:04,April 14,yes,2
1384,1385,amazing features. fantastic.,71,48,13-04-2023 08:04,April 14,yes,1
1385,1386,missing features. awful.,72,48,13-04-2023 08:04,April 14,no,2
1386,1387,very satisfied. easy to use.,73,48,13-04-2023 08:04,April 14,yes,0
1387,1388,does not work. waste of money.,75,48,13-04-2023 08:04,April 14,no,5
1388,1389,five stars. amazing features.,76,48,13-04-2023 08:04,April 14,no,6
1389,1390,fantastic. excellent quality. nothing special.,85,48,13-04-2023 08:04,April 14,yes,2
1390,1391,wonderful experience. works perfectly.,91,48,13-04-2023 08:04,April 14,yes,1
1391,1392,neither good nor bad. great value.,94,48,13-04-2023 08:04,April 14,no,3
1392,1393,very satisfied. works perfectly.,97,48,13-04-2023 08:04,April 14,yes,1
1393,1394,love this product. wonderful experience.,5,49,13-04-2023 08:04,April 14,no,2
1394,1395,five stars. very satisfied.,14,49,13-04-2023 08:04,April 14,no,4
1395,1396,works as expected. missing features.,16,49,13-04-2023 08:04,April 14,yes,2
1396,1397,great value. works perfectly. some pros and cons.,17,49,13-04-2023 08:04,April 14,yes,1
1397,1398,five stars. five stars.,21,49,13-04-2023 08:04,April 14,no,2
1398,1399,awful. poor quality.,22,49,13-04-2023 08:04,April 14,yes,0
1399,1400,five stars. fantastic. it's okay.,24,49,13-04-2023 08:04,April 14,no,5
1400,1401,amazing features. works perfectly.,26,49,13-04-2023 08:04,April 14,no,6
1401,1402,very disappointed. terrible product.,32,49,13-04-2023 08:04,April 14,yes,2
1402,1403,nothing special. poor quality.,36,49,13-04-2023 08:04,April 14,yes,1
1403,1404,one star. difficult to use. nothing special.,37,49,13-04-2023 08:04,April 14,no,3
1404,1405,works perfectly. highly recommend.,41,49,13-04-2023 08:04,April 14,yes,1
1405,1406,great value. highly recommend.,44,49,13-04-2023 08:04,April 14,no,2
1406,1407,works perfectly. five stars.,47,49,13-04-2023 08:04,April 14,no,4
1407,1408,broke easily. broke easily.,54,49,13-04-2023 08:04,April 14,yes,2
1408,1409,nothing special. works perfectly.,57,49,13-04-2023 08:04,April 14,yes,1
1409,1410,could be better. worst purchase.,60,49,13-04-2023 08:04,April 14,no,2
1410,1411,does not work. missing features.,61,49,13-04-2023 08:04,April 14,yes,0
1411,1412,fantastic. very satisfied. nothing special.,63,49,13-04-2023 08:04,April 14,no,5
1412,1413,awful. would not recommend.,65,49,13-04-2023 08:04,April 14,no,6
1413,1414,some pros and cons. highly recommend.,66,49,13-04-2023 08:04,April 14,yes,2
1414,1415,easy to use. wonderful experience.,71,49,13-04-2023 08:04,April 14,yes,1
1415,1416,excellent quality. great value.,75,49,13-04-2023 08:04,April 14,no,3
1416,1417,love this product. great value. some pros and cons.,76,49,13-04-2023 08:04,April 14,yes,1
1417,1418,fantastic. love this product. neither good nor bad.,79,49,13-04-2023 08:04,April 14,no,2
1418,1419,amazing features. works perfectly.,84,49,13-04-2023 08:04,April 14,no,4
1419,1420,highly recommend. amazing features.,87,49,13-04-2023 08:04,April 14,yes,2
1420,1421,five stars. wonderful experience.,91,49,13-04-2023 08:04,April 14,yes,1
1421,1422,exceeded expectations. easy to use.,93,49,13-04-2023 08:04,April 14,no,2
1422,1423,one star. very disappointed. could be better.,5,50,13-04-2023 08:04,April 14,yes,0
1423,1424,it's okay. customer service was bad.,8,50,13-04-2023 08:04,April 14,no,5
1424,1425,met expectations. terrible product.,14,50,13-04-2023 08:04,April 14,no,6
1425,1426,neither good nor bad. terrible product.,15,50,13-04-2023 08:04,April 14,yes,2
1426,1427,missing features. missing features.,18,50,13-04-2023 08:04,April 14,yes,1
1427,1428,difficult to use. difficult to use.,21,50,13-04-2023 08:04,April 14,no,3
1428,1429,wonderful experience. love this product.,24,50,13-04-2023 08:04,April 14,yes,1
1429,1430,decent for the price. wonderful experience.,27,50,13-04-2023 08:04,April 14,no,2
1430,1431,one star. worst purchase.,28,50,13-04-2023 08:04,April 14,no,4
1431,1432,customer service was bad. bad experience.,33,50,13-04-2023 08:04,April 14,yes,2
1432,1433,poor quality. would not recommend.,36,50,13-04-2023 08:04,April 14,yes,1
1433,1434,fantastic. highly recommend.,38,50,13-04-2023 08:04,April 14,no,2
1434,1435,easy to use. excellent quality.,39,50,13-04-2023 08:04,April 14,yes,0
1435,1436,customer service was bad. poor quality. some pros and cons.,40,50,13-04-2023 08:04,April 14,no,5
1436,1437,very disappointed. broke easily.,41,50,13-04-2023 08:04,April 14,no,6
1437,1438,fantastic. excellent quality. works as expected.,46,50,13-04-2023 08:04,April 14,yes,2
1438,1439,decent for the price. missing features.,54,50,13-04-2023 08:04,April 14,yes,1
1439,1440,broke easily. poor quality.,55,50,13-04-2023 08:04,April 14,no,3
1440,1441,five stars. five stars.,56,50,13-04-2023 08:04,April 14,yes,1
1441,1442,some pros and cons. fantastic.,57,50,13-04-2023 08:04,April 14,no,2
1442,1443,nothing special. fantastic.,65,50,13-04-2023 08:04,April 14,no,4
1443,1444,would not recommend. waste of money.,66,50,13-04-2023 08:04,April 14,yes,2
1444,1445,worst purchase. one star.,69,50,13-04-2023 08:04,April 14,yes,1
1445,1446,it's okay. great value.,70,50,13-04-2023 08:04,April 14,no,2
1446,1447,very disappointed. terrible product. it's okay.,71,50,13-04-2023 08:04,April 14,yes,0
1447,1448,fantastic. exceeded expectations.,72,50,13-04-2023 08:04,April 14,no,5
1448,1449,very satisfied. exceeded expectations.,75,50,13-04-2023 08:04,April 14,no,6
1449,1450,broke easily. bad experience.,76,50,13-04-2023 08:04,April 14,yes,2
1450,1451,one star. waste of money.,84,50,13-04-2023 08:04,April 14,yes,1
1451,1452,wonderful experience. wonderful experience.,85,50,13-04-2023 08:04,April 14,no,3
1452,1453,highly recommend. great value. it's okay.,91,50,13-04-2023 08:04,April 14,yes,1
1453,1454,easy to use. works perfectly.,94,50,13-04-2023 08:04,April 14,no,2
1454,1455,waste of money. customer service was bad.,95,50,13-04-2023 08:04,April 14,no,4
1455,1456,highly recommend. works perfectly. could be better.,99,50,13-04-2023 08:04,April 14,yes,2
1456,1457,excellent quality. exceeded expectations. it's okay.,5,51,13-04-2023 08:04,April 14,yes,1
1457,1458,met expectations. worst purchase.,6,51,13-04-2023 08:04,April 14,no,2
1458,1459,decent for the price. highly recommend.,8,51,13-04-2023 08:04,April 14,yes,0
1459,1460,met expectations. one star.,10,51,13-04-2023 08:04,April 14,no,5
1460,1461,love this product. fantastic. met expectations.,11,51,13-04-2023 08:04,April 14,no,6
1461,1462,one star. one star.,12,51,13-04-2023 08:04,April 14,yes,2
1462,1463,customer service was bad. awful.,14,51,13-04-2023 08:04,April 14,yes,1
1463,1464,average product. waste of money.,17,51,13-04-2023 08:04,April 14,no,3
1464,1465,nothing special. does not work.,18,51,13-04-2023 08:04,April 14,yes,1
1465,1466,terrible product. terrible product.,20,51,13-04-2023 08:04,April 14,no,2
1466,1467,neither good nor bad. very satisfied.,21,51,13-04-2023 08:04,April 14,no,4
1467,1468,best purchase ever. best purchase ever.,24,51,13-04-2023 08:04,April 14,yes,2
1468,1469,fantastic. works perfectly. some pros and cons.,28,51,13-04-2023 08:04,April 14,yes,1
1469,1470,could be better. easy to use.,32,51,13-04-2023 08:04,April 14,no,2
1470,1471,decent for the price. waste of money.,36,51,13-04-2023 08:04,April 14,yes,0
1471,1472,amazing features. love this product.,41,51,13-04-2023 08:04,April 14,no,5
1472,1473,would not recommend. customer service was bad. works as expected.,43,51,13-04-2023 08:04,April 14,no,6
1473,1474,average product. works perfectly.,47,51,13-04-2023 08:04,April 14,yes,2
1474,1475,neither good nor bad. one star.,54,51,13-04-2023 08:04,April 14,yes,1
1475,1476,wonderful experience. fantastic. average product.,55,51,13-04-2023 08:04,April 14,no,3
1476,1477,decent for the price. terrible product.,57,51,13-04-2023 08:04,April 14,yes,1
1477,1478,does not work. waste of money.,66,51,13-04-2023 08:04,April 14,no,2
1478,1479,customer service was bad. worst purchase.,71,51,13-04-2023 08:04,April 14,no,4
1479,1480,excellent quality. five stars. decent for the price.,72,51,13-04-2023 08:04,April 14,yes,2
1480,1481,fantastic. excellent quality.,75,51,13-04-2023 08:04,April 14,yes,1
1481,1482,broke easily. missing features.,76,51,13-04-2023 08:04,April 14,no,2
1482,1483,poor quality. very disappointed.,78,51,13-04-2023 08:04,April 14,yes,0
1483,1484,one star. missing features. some pros and cons.,91,51,13-04-2023 08:04,April 14,no,5
1484,1485,broke easily. poor quality.,96,51,13-04-2023 08:04,April 14,no,6
1485,1486,works perfectly. love this product.,98,51,13-04-2023 08:04,April 14,yes,2
1486,1487,best purchase ever. easy to use.,100,51,13-04-2023 08:04,April 14,yes,1
1487,1488,awful. difficult to use. neither good nor bad.,3,52,13-04-2023 08:04,April 14,no,3
1488,1489,love this product. fantastic.,5,52,13-04-2023 08:04,April 14,yes,1
1489,1490,missing features. waste of money.,9,52,13-04-2023 08:04,April 14,no,2
1490,1491,met expectations. one star.,12,52,13-04-2023 08:04,April 14,no,4
1491,1492,poor quality. customer service was bad.,14,52,13-04-2023 08:04,April 14,yes,2
1492,1493,poor quality. waste of money.,21,52,13-04-2023 08:04,April 14,yes,1
1493,1494,broke easily. very disappointed.,24,52,13-04-2023 08:04,April 14,no,2
1494,1495,bad experience. poor quality.,26,52,13-04-2023 08:04,April 14,yes,0
1495,1496,very satisfied. five stars. could be better.,33,52,13-04-2023 08:04,April 14,no,5
1496,1497,broke easily. does not work.,36,52,13-04-2023 08:04,April 14,no,6
1497,1498,waste of money. worst purchase. decent for the price.,38,52,13-04-2023 08:04,April 14,yes,2
1498,1499,worst purchase. does not work.,41,52,13-04-2023 08:04,April 14,yes,1
1499,1500,bad experience. broke easily.,50,52,13-04-2023 08:04,April 14,no,3
1500,1501,terrible product. would not recommend.,54,52,13-04-2023 08:04,April 14,yes,1
1501,1502,waste of money. worst purchase.,55,52,13-04-2023 08:04,April 14,no,2
1502,1503,difficult to use. waste of money.,57,52,13-04-2023 08:04,April 14,no,4
1503,1504,one star. broke easily.,61,52,13-04-2023 08:04,April 14,yes,2
1504,1505,exceeded expectations. fantastic.,63,52,13-04-2023 08:04,April 14,yes,1
1505,1506,would not recommend. awful. some pros and cons.,66,52,13-04-2023 08:04,April 14,no,2
1506,1507,wonderful experience. five stars.,69,52,13-04-2023 08:04,April 14,yes,0
1507,1508,missing features. difficult to use.,70,52,13-04-2023 08:04,April 14,no,5
1508,1509,five stars. very satisfied.,71,52,13-04-2023 08:04,April 14,no,6
1509,1510,some pros and cons. worst purchase.,72,52,13-04-2023 08:04,April 14,yes,2
1510,1511,decent for the price. would not recommend.,73,52,13-04-2023 08:04,April 14,yes,1
1511,1512,highly recommend. very satisfied. some pros and cons.,75,52,13-04-2023 08:04,April 14,no,3
1512,1513,would not recommend. would not recommend. could be better.,76,52,13-04-2023 08:04,April 14,yes,1
1513,1514,bad experience. worst purchase.,79,52,13-04-2023 08:04,April 14,no,2
1514,1515,wonderful experience. works perfectly. could be better.,82,52,13-04-2023 08:04,April 14,no,4
1515,1516,exceeded expectations. wonderful experience.,91,52,13-04-2023 08:04,April 14,yes,2
1516,1517,highly recommend. works perfectly.,94,52,13-04-2023 08:04,April 14,yes,1
1517,1518,decent for the price. works perfectly.,5,53,13-04-2023 08:04,April 14,no,2
1518,1519,one star. does not work.,8,53,13-04-2023 08:04,April 14,yes,0
1519,1520,exceeded expectations. great value.,14,53,13-04-2023 08:04,April 14,no,5
1520,1521,would not recommend. customer service was bad.,15,53,13-04-2023 08:04,April 14,no,6
1521,1522,poor quality. very disappointed.,17,53,13-04-2023 08:04,April 14,yes,2
1522,1523,highly recommend. great value.,19,53,13-04-2023 08:04,April 14,yes,1
1523,1524,best purchase ever. five stars. neither good nor bad.,21,53,13-04-2023 08:04,April 14,no,3
1524,1525,works as expected. bad experience.,24,53,13-04-2023 08:04,April 14,yes,1
1525,1526,awful. difficult to use.,26,53,13-04-2023 08:04,April 14,no,2
1526,1527,neither good nor bad. highly recommend.,35,53,13-04-2023 08:04,April 14,no,4
1527,1528,works perfectly. love this product.,36,53,13-04-2023 08:04,April 14,yes,2
1528,1529,would not recommend. bad experience.,37,53,13-04-2023 08:04,April 14,yes,1
1529,1530,it's okay. wonderful experience.,39,53,13-04-2023 08:04,April 14,no,2
1530,1531,exceeded expectations. exceeded expectations.,41,53,13-04-2023 08:04,April 14,yes,0
1531,1532,very satisfied. excellent quality.,52,53,13-04-2023 08:04,April 14,no,5
1532,1533,broke easily. awful.,54,53,13-04-2023 08:04,April 14,no,6
1533,1534,neither good nor bad. difficult to use.,57,53,13-04-2023 08:04,April 14,yes,2
1534,1535,would not recommend. difficult to use.,60,53,13-04-2023 08:04,April 14,yes,1
1535,1536,does not work. difficult to use. some pros and cons.,62,53,13-04-2023 08:04,April 14,no,3
1536,1537,it's okay. fantastic.,65,53,13-04-2023 08:04,April 14,yes,1
1537,1538,could be better. does not work.,66,53,13-04-2023 08:04,April 14,no,2
1538,1539,waste of money. awful. decent for the price.,69,53,13-04-2023 08:04,April 14,no,4
1539,1540,amazing features. five stars.,71,53,13-04-2023 08:04,April 14,yes,2
1540,1541,easy to use. easy to use.,75,53,13-04-2023 08:04,April 14,yes,1
1541,1542,works perfectly. very satisfied.,76,53,13-04-2023 08:04,April 14,no,2
1542,1543,highly recommend. amazing features.,82,53,13-04-2023 08:04,April 14,yes,0
1543,1544,waste of money. missing features. works as expected.,84,53,13-04-2023 08:04,April 14,no,5
1544,1545,awful. very disappointed.,85,53,13-04-2023 08:04,April 14,no,6
1545,1546,easy to use. best purchase ever.,91,53,13-04-2023 08:04,April 14,yes,2
1546,1547,met expectations. highly recommend.,93,53,13-04-2023 08:04,April 14,yes,1
1547,1548,love this product. love this product.,94,53,13-04-2023 08:04,April 14,no,3
1548,1549,could be better. easy to use.,95,53,13-04-2023 08:04,April 14,yes,1
1549,1550,neither good nor bad. missing features.,100,53,13-04-2023 08:04,April 14,no,2
1550,1551,missing features. bad experience. nothing special.,4,54,13-04-2023 08:04,April 14,no,4
1551,1552,love this product. five stars.,5,54,13-04-2023 08:04,April 14,yes,2
1552,1553,highly recommend. highly recommend.,8,54,13-04-2023 08:04,April 14,yes,1
1553,1554,it's okay. bad experience.,9,54,13-04-2023 08:04,April 14,no,2
1554,1555,works perfectly. great value.,14,54,13-04-2023 08:04,April 14,yes,0
1555,1556,works as expected. exceeded expectations.,15,54,13-04-2023 08:04,April 14,no,5
1556,1557,nothing special. poor quality.,20,54,13-04-2023 08:04,April 14,no,6
1557,1558,could be better. poor quality.,21,54,13-04-2023 08:04,April 14,yes,2
1558,1559,could be better. love this product.,24,54,13-04-2023 08:04,April 14,yes,1
1559,1560,five stars. love this product.,26,54,13-04-2023 08:04,April 14,no,3
1560,1561,very satisfied. fantastic.,27,54,13-04-2023 08:04,April 14,yes,1
1561,1562,waste of money. broke easily. neither good nor bad.,32,54,13-04-2023 08:04,April 14,no,2
1562,1563,very satisfied. easy to use.,33,54,13-04-2023 08:04,April 14,no,4
1563,1564,could be better. best purchase ever.,35,54,13-04-2023 08:04,April 14,yes,2
1564,1565,customer service was bad. bad experience.,36,54,13-04-2023 08:04,April 14,yes,1
1565,1566,customer service was bad. missing features.,40,54,13-04-2023 08:04,April 14,no,2
1566,1567,one star. difficult to use. average product.,41,54,13-04-2023 08:04,April 14,yes,0
1567,1568,one star. awful.,42,54,13-04-2023 08:04,April 14,no,5
1568,1569,broke easily. bad experience.,43,54,13-04-2023 08:04,April 14,no,6
1569,1570,five stars. works perfectly.,54,54,13-04-2023 08:04,April 14,yes,2
1570,1571,broke easily. worst purchase.,57,54,13-04-2023 08:04,April 14,yes,1
1571,1572,one star. poor quality.,61,54,13-04-2023 08:04,April 14,no,3
1572,1573,waste of money. broke easily.,66,54,13-04-2023 08:04,April 14,yes,1
1573,1574,amazing features. wonderful experience.,71,54,13-04-2023 08:04,April 14,no,2
1574,1575,terrible product. missing features.,75,54,13-04-2023 08:04,April 14,no,4
1575,1576,bad experience. customer service was bad. met expectations.,76,54,13-04-2023 08:04,April 14,yes,2
1576,1577,poor quality. does not work.,91,54,13-04-2023 08:04,April 14,yes,1
1577,1578,highly recommend. wonderful experience.,93,54,13-04-2023 08:04,April 14,no,2
1578,1579,it's okay. missing features.,94,54,13-04-2023 08:04,April 14,yes,0
1579,1580,awful. difficult to use. neither good nor bad.,96,54,13-04-2023 08:04,April 14,no,5
1580,1581,excellent quality. fantastic.,99,54,13-04-2023 08:04,April 14,no,6
1581,1582,terrible product. broke easily.,100,54,13-04-2023 08:04,April 14,yes,2
1582,1583,does not work. would not recommend.,2,55,13-04-2023 08:04,April 14,yes,1
1583,1584,fantastic. works perfectly.,5,55,13-04-2023 08:04,April 14,no,3
1584,1585,missing features. difficult to use. it's okay.,12,55,13-04-2023 08:04,April 14,yes,1
1585,1586,exceeded expectations. great value.,13,55,13-04-2023 08:04,April 14,no,2
1586,1587,would not recommend. poor quality.,14,55,13-04-2023 08:04,April 14,no,4
1587,1588,very satisfied. exceeded expectations.,16,55,13-04-2023 08:04,April 14,yes,2
1588,1589,easy to use. wonderful experience.,17,55,13-04-2023 08:04,April 14,yes,1
1589,1590,easy to use. works perfectly.,21,55,13-04-2023 08:04,April 14,no,2
1590,1591,very disappointed. waste of money. decent for the price.,24,55,13-04-2023 08:04,April 14,yes,0
1591,1592,poor quality. difficult to use.,30,55,13-04-2023 08:04,April 14,no,5
1592,1593,love this product. highly recommend.,32,55,13-04-2023 08:04,April 14,no,6
1593,1594,decent for the price. worst purchase.,35,55,13-04-2023 08:04,April 14,yes,2
1594,1595,easy to use. great value.,36,55,13-04-2023 08:04,April 14,yes,1
1595,1596,terrible product. waste of money.,39,55,13-04-2023 08:04,April 14,no,3
1596,1597,met expectations. waste of money.,40,55,13-04-2023 08:04,April 14,yes,1
1597,1598,does not work. customer service was bad.,41,55,13-04-2023 08:04,April 14,no,2
1598,1599,bad experience. customer service was bad.,43,55,13-04-2023 08:04,April 14,no,4
1599,1600,great value. very satisfied.,50,55,13-04-2023 08:04,April 14,yes,2
1600,1601,customer service was bad. worst purchase.,54,55,13-04-2023 08:04,April 14,yes,1
1601,1602,amazing features. best purchase ever.,55,55,13-04-2023 08:04,April 14,no,2
1602,1603,some pros and cons. love this product.,57,55,13-04-2023 08:04,April 14,yes,0
1603,1604,it's okay. excellent quality.,66,55,13-04-2023 08:04,April 14,no,5
1604,1605,it's okay. wonderful experience.,70,55,13-04-2023 08:04,April 14,no,6
1605,1606,wonderful experience. great value.,71,55,13-04-2023 08:04,April 14,yes,2
1606,1607,decent for the price. customer service was bad.,75,55,13-04-2023 08:04,April 14,yes,1
1607,1608,bad experience. does not work.,76,55,13-04-2023 08:04,April 14,no,3
1608,1609,amazing features. very satisfied.,91,55,13-04-2023 08:04,April 14,yes,1
1609,1610,missing features. does not work. met expectations.,5,56,13-04-2023 08:04,April 14,no,2
1610,1611,poor quality. missing features.,8,56,13-04-2023 08:04,April 14,no,4
1611,1612,some pros and cons. does not work.,14,56,13-04-2023 08:04,April 14,yes,2
1612,1613,one star. would not recommend.,15,56,13-04-2023 08:04,April 14,yes,1
1613,1614,wonderful experience. very satisfied.,18,56,13-04-2023 08:04,April 14,no,2
1614,1615,works perfectly. works perfectly.,21,56,13-04-2023 08:04,April 14,yes,0
1615,1616,average product. terrible product.,22,56,13-04-2023 08:04,April 14,no,5
1616,1617,poor quality. bad experience. some pros and cons.,24,56,13-04-2023 08:04,April 14,no,6
1617,1618,wonderful experience. easy to use.,35,56,13-04-2023 08:04,April 14,yes,2
1618,1619,works perfectly. five stars.,36,56,13-04-2023 08:04,April 14,yes,1
1619,1620,love this product. easy to use.,39,56,13-04-2023 08:04,April 14,no,3
1620,1621,great value. great value.,40,56,13-04-2023 08:04,April 14,yes,1
1621,1622,bad experience. broke easily. could be better.,41,56,13-04-2023 08:04,April 14,no,2
1622,1623,average product. five stars.,42,56,13-04-2023 08:04,April 14,no,4
1623,1624,terrible product. worst purchase.,47,56,13-04-2023 08:04,April 14,yes,2
1624,1625,love this product. very satisfied.,54,56,13-04-2023 08:04,April 14,yes,1
1625,1626,it's okay. one star.,56,56,13-04-2023 08:04,April 14,no,2
1626,1627,easy to use. great value.,57,56,13-04-2023 08:04,April 14,yes,0
1627,1628,love this product. five stars. decent for the price.,63,56,13-04-2023 08:04,April 14,no,5
1628,1629,great value. five stars. average product.,65,56,13-04-2023 08:04,April 14,no,6
1629,1630,awful. bad experience.,66,56,13-04-2023 08:04,April 14,yes,2
1630,1631,bad experience. very disappointed. nothing special.,70,56,13-04-2023 08:04,April 14,yes,1
1631,1632,wonderful experience. best purchase ever. works as expected.,71,56,13-04-2023 08:04,April 14,no,3
1632,1633,exceeded expectations. great value.,72,56,13-04-2023 08:04,April 14,yes,1
1633,1634,works as expected. fantastic.,75,56,13-04-2023 08:04,April 14,no,2
1634,1635,difficult to use. broke easily. works as expected.,76,56,13-04-2023 08:04,April 14,no,4
1635,1636,amazing features. highly recommend.,91,56,13-04-2023 08:04,April 14,yes,2
1636,1637,some pros and cons. works perfectly.,94,56,13-04-2023 08:04,April 14,yes,1
1637,1638,decent for the price. waste of money.,95,56,13-04-2023 08:04,April 14,no,2
1638,1639,nothing special. worst purchase.,97,56,13-04-2023 08:04,April 14,yes,0
1639,1640,exceeded expectations. wonderful experience.,98,56,13-04-2023 08:04,April 14,no,5
1640,1641,difficult to use. missing features.,5,57,13-04-2023 08:04,April 14,no,6
1641,1642,very disappointed. does not work.,14,57,13-04-2023 08:04,April 14,yes,2
1642,1643,five stars. very satisfied.,19,57,13-04-2023 08:04,April 14,yes,1
1643,1644,poor quality. would not recommend.,20,57,13-04-2023 08:04,April 14,no,3
1644,1645,one star. awful.,21,57,13-04-2023 08:04,April 14,yes,1
1645,1646,average product. very disappointed.,22,57,13-04-2023 08:04,April 14,no,2
1646,1647,broke easily. awful. met expectations.,24,57,13-04-2023 08:04,April 14,no,4
1647,1648,highly recommend. highly recommend. neither good nor bad.,30,57,13-04-2023 08:04,April 14,yes,2
1648,1649,great value. easy to use. some pros and cons.,31,57,13-04-2023 08:04,April 14,yes,1
1649,1650,it's okay. difficult to use.,35,57,13-04-2023 08:04,April 14,no,2
1650,1651,would not recommend. one star. neither good nor bad.,36,57,13-04-2023 08:04,April 14,yes,0
1651,1652,best purchase ever. wonderful experience. average product.,41,57,13-04-2023 08:04,April 14,no,5
1652,1653,poor quality. very disappointed.,42,57,13-04-2023 08:04,April 14,no,6
1653,1654,amazing features. fantastic. could be better.,43,57,13-04-2023 08:04,April 14,yes,2
1654,1655,neither good nor bad. highly recommend.,54,57,13-04-2023 08:04,April 14,yes,1
1655,1656,great value. best purchase ever.,55,57,13-04-2023 08:04,April 14,no,3
1656,1657,broke easily. one star.,56,57,13-04-2023 08:04,April 14,yes,1
1657,1658,fantastic. works perfectly. neither good nor bad.,57,57,13-04-2023 08:04,April 14,no,2
1658,1659,missing features. difficult to use. could be better.,62,57,13-04-2023 08:04,April 14,no,4
1659,1660,poor quality. does not work.,66,57,13-04-2023 08:04,April 14,yes,2
1660,1661,difficult to use. bad experience.,70,57,13-04-2023 08:04,April 14,yes,1
1661,1662,bad experience. missing features.,71,57,13-04-2023 08:04,April 14,no,2
1662,1663,amazing features. works perfectly.,75,57,13-04-2023 08:04,April 14,yes,0
1663,1664,fantastic. wonderful experience.,76,57,13-04-2023 08:04,April 14,no,5
1664,1665,missing features. one star.,91,57,13-04-2023 08:04,April 14,no,6
1665,1666,amazing features. wonderful experience.,3,58,13-04-2023 08:04,April 14,yes,2
1666,1667,five stars. works perfectly. average product.,5,58,13-04-2023 08:04,April 14,yes,1
1667,1668,works perfectly. best purchase ever.,6,58,13-04-2023 08:04,April 14,no,3
1668,1669,decent for the price. amazing features.,8,58,13-04-2023 08:04,April 14,yes,1
1669,1670,very disappointed. would not recommend. average product.,9,58,13-04-2023 08:04,April 14,no,2
1670,1671,very disappointed. would not recommend.,10,58,13-04-2023 08:04,April 14,no,4
1671,1672,fantastic. excellent quality.,11,58,13-04-2023 08:04,April 14,yes,2
1672,1673,it's okay. bad experience.,14,58,13-04-2023 08:04,April 14,yes,1
1673,1674,difficult to use. bad experience.,19,58,13-04-2023 08:04,April 14,no,2
1674,1675,great value. great value. it's okay.,21,58,13-04-2023 08:04,April 14,yes,0
1675,1676,nothing special. waste of money.,24,58,13-04-2023 08:04,April 14,no,5
1676,1677,amazing features. very satisfied.,26,58,13-04-2023 08:04,April 14,no,6
1677,1678,amazing features. five stars.,32,58,13-04-2023 08:04,April 14,yes,2
1678,1679,broke easily. customer service was bad.,35,58,13-04-2023 08:04,April 14,yes,1
1679,1680,neither good nor bad. love this product.,36,58,13-04-2023 08:04,April 14,no,3
1680,1681,waste of money. awful.,37,58,13-04-2023 08:04,April 14,yes,1
1681,1682,very disappointed. awful.,39,58,13-04-2023 08:04,April 14,no,2
1682,1683,works as expected. fantastic.,41,58,13-04-2023 08:04,April 14,no,4
1683,1684,works as expected. five stars.,48,58,13-04-2023 08:04,April 14,yes,2
1684,1685,worst purchase. terrible product. nothing special.,54,58,13-04-2023 08:04,April 14,yes,1
1685,1686,one star. customer service was bad.,57,58,13-04-2023 08:04,April 14,no,2
1686,1687,fantastic. love this product.,60,58,13-04-2023 08:04,April 14,yes,0
1687,1688,broke easily. missing features. could be better.,62,58,13-04-2023 08:04,April 14,no,5
1688,1689,excellent quality. works perfectly. met expectations.,66,58,13-04-2023 08:04,April 14,no,6
1689,1690,worst purchase. does not work.,71,58,13-04-2023 08:04,April 14,yes,2
1690,1691,love this product. works perfectly. decent for the price.,75,58,13-04-2023 08:04,April 14,yes,1
1691,1692,easy to use. excellent quality.,76,58,13-04-2023 08:04,April 14,no,3
1692,1693,works perfectly. best purchase ever.,91,58,13-04-2023 08:04,April 14,yes,1
1693,1694,wonderful experience. love this product. nothing special.,93,58,13-04-2023 08:04,April 14,no,2
1694,1695,terrible product. broke easily.,95,58,13-04-2023 08:04,April 14,no,4
1695,1696,five stars. works perfectly.,99,58,13-04-2023 08:04,April 14,yes,2
1696,1697,nothing special. easy to use.,5,59,13-04-2023 08:04,April 14,yes,1
1697,1698,decent for the price. fantastic.,9,59,13-04-2023 08:04,April 14,no,2
1698,1699,some pros and cons. poor quality.,14,59,13-04-2023 08:04,April 14,yes,0
1699,1700,broke easily. one star. neither good nor bad.,21,59,13-04-2023 08:04,April 14,no,5
1700,1701,bad experience. very disappointed.,24,59,13-04-2023 08:04,April 14,no,6
1701,1702,poor quality. difficult to use. some pros and cons.,27,59,13-04-2023 08:04,April 14,yes,2
1702,1703,fantastic. great value.,32,59,13-04-2023 08:04,April 14,yes,1
1703,1704,very disappointed. worst purchase.,36,59,13-04-2023 08:04,April 14,no,3
1704,1705,customer service was bad. terrible product.,38,59,13-04-2023 08:04,April 14,yes,1
1705,1706,terrible product. customer service was bad.,40,59,13-04-2023 08:04,April 14,no,2
1706,1707,it's okay. fantastic.,41,59,13-04-2023 08:04,April 14,no,4
1707,1708,met expectations. easy to use.,43,59,13-04-2023 08:04,April 14,yes,2
1708,1709,worst purchase. would not recommend. average product.,48,59,13-04-2023 08:04,April 14,yes,1
1709,1710,customer service was bad. customer service was bad. neither good nor bad.,54,59,13-04-2023 08:04,April 14,no,2
1710,1711,works as expected. highly recommend.,55,59,13-04-2023 08:04,April 14,yes,0
1711,1712,could be better. wonderful experience.,57,59,13-04-2023 08:04,April 14,no,5
1712,1713,does not work. would not recommend.,60,59,13-04-2023 08:04,April 14,no,6
1713,1714,one star. customer service was bad. average product.,65,59,13-04-2023 08:04,April 14,yes,2
1714,1715,neither good nor bad. fantastic.,66,59,13-04-2023 08:04,April 14,yes,1
1715,1716,very satisfied. excellent quality. decent for the price.,69,59,13-04-2023 08:04,April 14,no,3
1716,1717,wonderful experience. easy to use.,71,59,13-04-2023 08:04,April 14,yes,1
1717,1718,difficult to use. very disappointed. average product.,75,59,13-04-2023 08:04,April 14,no,2
1718,1719,very disappointed. awful. works as expected.,76,59,13-04-2023 08:04,April 14,no,4
1719,1720,would not recommend. would not recommend. works as expected.,91,59,13-04-2023 08:04,April 14,yes,2
1720,1721,highly recommend. very satisfied.,94,59,13-04-2023 08:04,April 14,yes,1
1721,1722,neither good nor bad. excellent quality.,5,60,13-04-2023 08:04,April 14,no,2
1722,1723,does not work. bad experience. nothing special.,8,60,13-04-2023 08:04,April 14,yes,0
1723,1724,awful. missing features.,13,60,13-04-2023 08:04,April 14,no,5
1724,1725,difficult to use. missing features. works as expected.,14,60,13-04-2023 08:04,April 14,no,6
1725,1726,exceeded expectations. exceeded expectations.,21,60,13-04-2023 08:04,April 14,yes,2
1726,1727,excellent quality. five stars. average product.,22,60,13-04-2023 08:04,April 14,yes,1
1727,1728,works as expected. great value.,24,60,13-04-2023 08:04,April 14,no,3
1728,1729,some pros and cons. worst purchase.,33,60,13-04-2023 08:04,April 14,yes,1
1729,1730,best purchase ever. exceeded expectations.,36,60,13-04-2023 08:04,April 14,no,2
1730,1731,love this product. wonderful experience.,39,60,13-04-2023 08:04,April 14,no,4
1731,1732,highly recommend. five stars. decent for the price.,40,60,13-04-2023 08:04,April 14,yes,2
1732,1733,bad experience. waste of money.,41,60,13-04-2023 08:04,April 14,yes,1
1733,1734,best purchase ever. great value.,48,60,13-04-2023 08:04,April 14,no,2
1734,1735,some pros and cons. highly recommend.,54,60,13-04-2023 08:04,April 14,yes,0
1735,1736,bad experience. does not work.,55,60,13-04-2023 08:04,April 14,no,5
1736,1737,highly recommend. very satisfied.,57,60,13-04-2023 08:04,April 14,no,6
1737,1738,very satisfied. highly recommend.,61,60,13-04-2023 08:04,April 14,yes,2
1738,1739,would not recommend. poor quality.,62,60,13-04-2023 08:04,April 14,yes,1
1739,1740,best purchase ever. highly recommend. average product.,63,60,13-04-2023 08:04,April 14,no,3
1740,1741,easy to use. highly recommend.,65,60,13-04-2023 08:04,April 14,yes,1
1741,1742,works as expected. poor quality.,66,60,13-04-2023 08:04,April 14,no,2
1742,1743,average product. love this product.,67,60,13-04-2023 08:04,April 14,no,4
1743,1744,exceeded expectations. easy to use. neither good nor bad.,70,60,13-04-2023 08:04,April 14,yes,2
1744,1745,terrible product. terrible product.,71,60,13-04-2023 08:04,April 14,yes,1
1745,1746,difficult to use. poor quality.,72,60,13-04-2023 08:04,April 14,no,2
1746,1747,exceeded expectations. fantastic. works as expected.,75,60,13-04-2023 08:04,April 14,yes,0
1747,1748,excellent quality. love this product.,76,60,13-04-2023 08:04,April 14,no,5
1748,1749,wonderful experience. best purchase ever.,78,60,13-04-2023 08:04,April 14,no,6
1749,1750,waste of money. very disappointed. met expectations.,91,60,13-04-2023 08:04,April 14,yes,2
1750,1751,poor quality. worst purchase.,95,60,13-04-2023 08:04,April 14,yes,1
1751,1752,best purchase ever. amazing features. nothing special.,99,60,13-04-2023 08:04,April 14,no,3
1752,1753,five stars. highly recommend. average product.,5,61,13-04-2023 08:04,April 14,yes,1
1753,1754,one star. waste of money.,8,61,13-04-2023 08:04,April 14,no,2
1754,1755,great value. excellent quality. average product.,14,61,13-04-2023 08:04,April 14,no,4
1755,1756,would not recommend. bad experience. nothing special.,17,61,13-04-2023 08:04,April 14,yes,2
1756,1757,would not recommend. poor quality.,21,61,13-04-2023 08:04,April 14,yes,1
1757,1758,great value. highly recommend.,24,61,13-04-2023 08:04,April 14,no,2
1758,1759,neither good nor bad. difficult to use.,31,61,13-04-2023 08:04,April 14,yes,0
1759,1760,five stars. excellent quality.,36,61,13-04-2023 08:04,April 14,no,5
1760,1761,it's okay. works perfectly.,39,61,13-04-2023 08:04,April 14,no,6
1761,1762,very disappointed. customer service was bad.,41,61,13-04-2023 08:04,April 14,yes,2
1762,1763,great value. amazing features.,54,61,13-04-2023 08:04,April 14,yes,1
1763,1764,broke easily. missing features.,56,61,13-04-2023 08:04,April 14,no,3
1764,1765,broke easily. difficult to use.,57,61,13-04-2023 08:04,April 14,yes,1
1765,1766,works as expected. does not work.,63,61,13-04-2023 08:04,April 14,no,2
1766,1767,terrible product. terrible product.,66,61,13-04-2023 08:04,April 14,no,4
1767,1768,works perfectly. five stars. nothing special.,67,61,13-04-2023 08:04,April 14,yes,2
1768,1769,highly recommend. works perfectly.,71,61,13-04-2023 08:04,April 14,yes,1
1769,1770,some pros and cons. highly recommend.,75,61,13-04-2023 08:04,April 14,no,2
1770,1771,works perfectly. fantastic. works as expected.,76,61,13-04-2023 08:04,April 14,yes,0
1771,1772,would not recommend. awful. neither good nor bad.,82,61,13-04-2023 08:04,April 14,no,5
1772,1773,met expectations. does not work.,91,61,13-04-2023 08:04,April 14,no,6
1773,1774,love this product. works perfectly.,93,61,13-04-2023 08:04,April 14,yes,2
1774,1775,neither good nor bad. bad experience.,97,61,13-04-2023 08:04,April 14,yes,1
1775,1776,very satisfied. five stars.,99,61,13-04-2023 08:04,April 14,no,3
1776,1777,amazing features. wonderful experience.,5,62,13-04-2023 08:04,April 14,yes,1
1777,1778,terrible product. difficult to use.,6,62,13-04-2023 08:04,April 14,no,2
1778,1779,neither good nor bad. exceeded expectations.,14,62,13-04-2023 08:04,April 14,no,4
1779,1780,bad experience. does not work. works as expected.,15,62,13-04-2023 08:04,April 14,yes,2
1780,1781,highly recommend. wonderful experience.,16,62,13-04-2023 08:04,April 14,yes,1
1781,1782,very disappointed. would not recommend.,19,62,13-04-2023 08:04,April 14,no,2
1782,1783,terrible product. poor quality. some pros and cons.,20,62,13-04-2023 08:04,April 14,yes,0
1783,1784,love this product. five stars.,21,62,13-04-2023 08:04,April 14,no,5
1784,1785,broke easily. very disappointed. it's okay.,24,62,13-04-2023 08:04,April 14,no,6
1785,1786,awful. bad experience. nothing special.,33,62,13-04-2023 08:04,April 14,yes,2
1786,1787,customer service was bad. missing features.,36,62,13-04-2023 08:04,April 14,yes,1
1787,1788,exceeded expectations. exceeded expectations.,40,62,13-04-2023 08:04,April 14,no,3
1788,1789,best purchase ever. easy to use.,41,62,13-04-2023 08:04,April 14,yes,1
1789,1790,nothing special. waste of money.,54,62,13-04-2023 08:04,April 14,no,2
1790,1791,best purchase ever. wonderful experience.,56,62,13-04-2023 08:04,April 14,no,4
1791,1792,great value. amazing features.,57,62,13-04-2023 08:04,April 14,yes,2
1792,1793,customer service was bad. broke easily.,60,62,13-04-2023 08:04,April 14,yes,1
1793,1794,exceeded expectations. great value.,66,62,13-04-2023 08:04,April 14,no,2
1794,1795,works perfectly. easy to use.,67,62,13-04-2023 08:04,April 14,yes,0
1795,1796,exceeded expectations. best purchase ever.,69,62,13-04-2023 08:04,April 14,no,5
1796,1797,could be better. one star.,70,62,13-04-2023 08:04,April 14,no,6
1797,1798,difficult to use. broke easily.,71,62,13-04-2023 08:04,April 14,yes,2
1798,1799,love this product. amazing features. met expectations.,73,62,13-04-2023 08:04,April 14,yes,1
1799,1800,exceeded expectations. best purchase ever.,75,62,13-04-2023 08:04,April 14,no,3
1800,1801,worst purchase. one star. works as expected.,76,62,13-04-2023 08:04,April 14,yes,1
1801,1802,works perfectly. fantastic. nothing special.,78,62,13-04-2023 08:04,April 14,no,2
1802,1803,wonderful experience. fantastic.,82,62,13-04-2023 08:04,April 14,no,4
1803,1804,wonderful experience. great value. neither good nor bad.,91,62,13-04-2023 08:04,April 14,yes,2
1804,1805,terrible product. waste of money.,96,62,13-04-2023 08:04,April 14,yes,1
1805,1806,awful. awful.,98,62,13-04-2023 08:04,April 14,no,2
1806,1807,one star. worst purchase.,99,62,13-04-2023 08:04,April 14,yes,0
1807,1808,very disappointed. waste of money.,5,63,13-04-2023 08:04,April 14,no,5
1808,1809,broke easily. one star. works as expected.,11,63,13-04-2023 08:04,April 14,no,6
1809,1810,it's okay. amazing features.,14,63,13-04-2023 08:04,April 14,yes,2
1810,1811,awful. difficult to use.,16,63,13-04-2023 08:04,April 14,yes,1
1811,1812,very satisfied. excellent quality.,17,63,13-04-2023 08:04,April 14,no,3
1812,1813,one star. bad experience. some pros and cons.,20,63,13-04-2023 08:04,April 14,yes,1
1813,1814,met expectations. awful.,21,63,13-04-2023 08:04,April 14,no,2
1814,1815,difficult to use. awful.,24,63,13-04-2023 08:04,April 14,no,4
1815,1816,terrible product. does not work.,30,63,13-04-2023 08:04,April 14,yes,2
1816,1817,best purchase ever. works perfectly. works as expected.,32,63,13-04-2023 08:04,April 14,yes,1
1817,1818,five stars. works perfectly.,33,63,13-04-2023 08:04,April 14,no,2
1818,1819,amazing features. amazing features. neither good nor bad.,35,63,13-04-2023 08:04,April 14,yes,0
1819,1820,average product. terrible product.,36,63,13-04-2023 08:04,April 14,no,5
1820,1821,fantastic. works perfectly.,41,63,13-04-2023 08:04,April 14,no,6
1821,1822,nothing special. broke easily.,54,63,13-04-2023 08:04,April 14,yes,2
1822,1823,worst purchase. awful.,57,63,13-04-2023 08:04,April 14,yes,1
1823,1824,great value. very satisfied.,66,63,13-04-2023 08:04,April 14,no,3
1824,1825,worst purchase. poor quality.,67,63,13-04-2023 08:04,April 14,yes,1
1825,1826,average product. difficult to use.,71,63,13-04-2023 08:04,April 14,no,2
1826,1827,works perfectly. excellent quality.,75,63,13-04-2023 08:04,April 14,no,4
1827,1828,love this product. highly recommend. it's okay.,76,63,13-04-2023 08:04,April 14,yes,2
1828,1829,excellent quality. wonderful experience.,79,63,13-04-2023 08:04,April 14,yes,1
1829,1830,works as expected. best purchase ever.,82,63,13-04-2023 08:04,April 14,no,2
1830,1831,average product. wonderful experience.,91,63,13-04-2023 08:04,April 14,yes,0
1831,1832,exceeded expectations. easy to use.,94,63,13-04-2023 08:04,April 14,no,5
1832,1833,would not recommend. bad experience.,95,63,13-04-2023 08:04,April 14,no,6
1833,1834,highly recommend. love this product. works as expected.,97,63,13-04-2023 08:04,April 14,yes,2
1834,1835,waste of money. would not recommend.,3,64,13-04-2023 08:04,April 14,yes,1
1835,1836,worst purchase. bad experience. could be better.,5,64,13-04-2023 08:04,April 14,no,3
1836,1837,works as expected. worst purchase.,12,64,13-04-2023 08:04,April 14,yes,1
1837,1838,great value. best purchase ever.,14,64,13-04-2023 08:04,April 14,no,2
1838,1839,very disappointed. awful.,17,64,13-04-2023 08:04,April 14,no,4
1839,1840,great value. easy to use. average product.,21,64,13-04-2023 08:04,April 14,yes,2
1840,1841,wonderful experience. excellent quality.,24,64,13-04-2023 08:04,April 14,yes,1
1841,1842,worst purchase. does not work.,30,64,13-04-2023 08:04,April 14,no,2
1842,1843,exceeded expectations. five stars. could be better.,32,64,13-04-2023 08:04,April 14,yes,0
1843,1844,one star. difficult to use.,36,64,13-04-2023 08:04,April 14,no,5
1844,1845,customer service was bad. does not work.,41,64,13-04-2023 08:04,April 14,no,6
1845,1846,nothing special. love this product.,42,64,13-04-2023 08:04,April 14,yes,2
1846,1847,best purchase ever. excellent quality. met expectations.,43,64,13-04-2023 08:04,April 14,yes,1
1847,1848,terrible product. customer service was bad.,46,64,13-04-2023 08:04,April 14,no,3
1848,1849,does not work. broke easily.,48,64,13-04-2023 08:04,April 14,yes,1
1849,1850,met expectations. customer service was bad.,52,64,13-04-2023 08:04,April 14,no,2
1850,1851,met expectations. missing features.,54,64,13-04-2023 08:04,April 14,no,4
1851,1852,fantastic. fantastic.,57,64,13-04-2023 08:04,April 14,yes,2
1852,1853,could be better. terrible product.,63,64,13-04-2023 08:04,April 14,yes,1
1853,1854,decent for the price. would not recommend.,66,64,13-04-2023 08:04,April 14,no,2
1854,1855,love this product. works perfectly.,69,64,13-04-2023 08:04,April 14,yes,0
1855,1856,works as expected. bad experience.,70,64,13-04-2023 08:04,April 14,no,5
1856,1857,easy to use. excellent quality.,71,64,13-04-2023 08:04,April 14,no,6
1857,1858,would not recommend. difficult to use. works as expected.,75,64,13-04-2023 08:04,April 14,yes,2
1858,1859,wonderful experience. highly recommend.,76,64,13-04-2023 08:04,April 14,yes,1
1859,1860,one star. customer service was bad.,87,64,13-04-2023 08:04,April 14,no,3
1860,1861,difficult to use. bad experience.,91,64,13-04-2023 08:04,April 14,yes,1
1861,1862,some pros and cons. bad experience.,92,64,13-04-2023 08:04,April 14,no,2
1862,1863,works perfectly. great value.,95,64,13-04-2023 08:04,April 14,no,4
1863,1864,worst purchase. difficult to use.,96,64,13-04-2023 08:04,April 14,yes,2
1864,1865,love this product. easy to use.,5,65,13-04-2023 08:04,April 14,yes,1
1865,1866,works perfectly. amazing features.,14,65,13-04-2023 08:04,April 14,no,2
1866,1867,poor quality. missing features.,15,65,13-04-2023 08:04,April 14,yes,0
1867,1868,customer service was bad. terrible product.,16,65,13-04-2023 08:04,April 14,no,5
1868,1869,would not recommend. would not recommend. it's okay.,21,65,13-04-2023 08:04,April 14,no,6
1869,1870,five stars. very satisfied. average product.,24,65,13-04-2023 08:04,April 14,yes,2
1870,1871,terrible product. bad experience. met expectations.,30,65,13-04-2023 08:04,April 14,yes,1
1871,1872,wonderful experience. best purchase ever.,32,65,13-04-2023 08:04,April 14,no,3
1872,1873,does not work. difficult to use.,36,65,13-04-2023 08:04,April 14,yes,1
1873,1874,customer service was bad. terrible product.,41,65,13-04-2023 08:04,April 14,no,2
1874,1875,some pros and cons. five stars.,54,65,13-04-2023 08:04,April 14,no,4
1875,1876,very disappointed. would not recommend.,57,65,13-04-2023 08:04,April 14,yes,2
1876,1877,difficult to use. does not work.,62,65,13-04-2023 08:04,April 14,yes,1
1877,1878,customer service was bad. bad experience.,65,65,13-04-2023 08:04,April 14,no,2
1878,1879,excellent quality. love this product.,66,65,13-04-2023 08:04,April 14,yes,0
1879,1880,customer service was bad. difficult to use. could be better.,67,65,13-04-2023 08:04,April 14,no,5
1880,1881,works as expected. terrible product.,71,65,13-04-2023 08:04,April 14,no,6
1881,1882,great value. love this product.,75,65,13-04-2023 08:04,April 14,yes,2
1882,1883,met expectations. five stars.,76,65,13-04-2023 08:04,April 14,yes,1
1883,1884,broke easily. terrible product.,82,65,13-04-2023 08:04,April 14,no,3
1884,1885,excellent quality. wonderful experience.,91,65,13-04-2023 08:04,April 14,yes,1
1885,1886,it's okay. very disappointed.,93,65,13-04-2023 08:04,April 14,no,2
1886,1887,waste of money. worst purchase. average product.,94,65,13-04-2023 08:04,April 14,no,4
1887,1888,best purchase ever. wonderful experience.,99,65,13-04-2023 08:04,April 14,yes,2
1888,1889,highly recommend. wonderful experience.,2,66,13-04-2023 08:04,April 14,yes,1
1889,1890,neither good nor bad. difficult to use.,5,66,13-04-2023 08:04,April 14,no,2
1890,1891,works perfectly. easy to use.,6,66,13-04-2023 08:04,April 14,yes,0
1891,1892,difficult to use. does not work.,11,66,13-04-2023 08:04,April 14,no,5
1892,1893,terrible product. bad experience.,12,66,13-04-2023 08:04,April 14,no,6
1893,1894,would not recommend. waste of money.,14,66,13-04-2023 08:04,April 14,yes,2
1894,1895,worst purchase. does not work.,18,66,13-04-2023 08:04,April 14,yes,1
1895,1896,customer service was bad. broke easily.,21,66,13-04-2023 08:04,April 14,no,3
1896,1897,missing features. difficult to use.,22,66,13-04-2023 08:04,April 14,yes,1
1897,1898,missing features. waste of money.,24,66,13-04-2023 08:04,April 14,no,2
1898,1899,fantastic. fantastic.,27,66,13-04-2023 08:04,April 14,no,4
1899,1900,amazing features. five stars. some pros and cons.,30,66,13-04-2023 08:04,April 14,yes,2
1900,1901,excellent quality. fantastic.,33,66,13-04-2023 08:04,April 14,yes,1
1901,1902,wonderful experience. fantastic. it's okay.,36,66,13-04-2023 08:04,April 14,no,2
1902,1903,bad experience. poor quality. it's okay.,40,66,13-04-2023 08:04,April 14,yes,0
1903,1904,fantastic. fantastic.,41,66,13-04-2023 08:04,April 14,no,5
1904,1905,exceeded expectations. five stars. works as expected.,54,66,13-04-2023 08:04,April 14,no,6
1905,1906,worst purchase. worst purchase. it's okay.,55,66,13-04-2023 08:04,April 14,yes,2
1906,1907,terrible product. worst purchase.,56,66,13-04-2023 08:04,April 14,yes,1
1907,1908,fantastic. works perfectly.,57,66,13-04-2023 08:04,April 14,no,3
1908,1909,would not recommend. waste of money.,66,66,13-04-2023 08:04,April 14,yes,1
1909,1910,love this product. amazing features.,69,66,13-04-2023 08:04,April 14,no,2
1910,1911,would not recommend. difficult to use.,71,66,13-04-2023 08:04,April 14,no,4
1911,1912,neither good nor bad. amazing features.,75,66,13-04-2023 08:04,April 14,yes,2
1912,1913,highly recommend. wonderful experience.,76,66,13-04-2023 08:04,April 14,yes,1
1913,1914,one star. worst purchase.,91,66,13-04-2023 08:04,April 14,no,2
1914,1915,five stars. highly recommend. some pros and cons.,95,66,13-04-2023 08:04,April 14,yes,0
1915,1916,excellent quality. highly recommend.,100,66,13-04-2023 08:04,April 14,no,5
1916,1917,nothing special. works perfectly.,2,67,13-04-2023 08:04,April 14,no,6
1917,1918,would not recommend. very disappointed. nothing special.,5,67,13-04-2023 08:04,April 14,yes,2
1918,1919,works as expected. exceeded expectations.,13,67,13-04-2023 08:04,April 14,yes,1
1919,1920,exceeded expectations. great value. works as expected.,14,67,13-04-2023 08:04,April 14,no,3
1920,1921,waste of money. missing features.,18,67,13-04-2023 08:04,April 14,yes,1
1921,1922,fantastic. great value.,21,67,13-04-2023 08:04,April 14,no,2
1922,1923,customer service was bad. difficult to use.,24,67,13-04-2023 08:04,April 14,no,4
1923,1924,best purchase ever. best purchase ever. works as expected.,26,67,13-04-2023 08:04,April 14,yes,2
1924,1925,average product. very satisfied.,27,67,13-04-2023 08:04,April 14,yes,1
1925,1926,does not work. poor quality. average product.,30,67,13-04-2023 08:04,April 14,no,2
1926,1927,amazing features. five stars.,35,67,13-04-2023 08:04,April 14,yes,0
1927,1928,waste of money. would not recommend. nothing special.,36,67,13-04-2023 08:04,April 14,no,5
1928,1929,very satisfied. excellent quality. decent for the price.,39,67,13-04-2023 08:04,April 14,no,6
1929,1930,highly recommend. fantastic.,41,67,13-04-2023 08:04,April 14,yes,2
1930,1931,very disappointed. very disappointed.,42,67,13-04-2023 08:04,April 14,yes,1
1931,1932,very satisfied. love this product.,43,67,13-04-2023 08:04,April 14,no,3
1932,1933,met expectations. customer service was bad.,52,67,13-04-2023 08:04,April 14,yes,1
1933,1934,one star. worst purchase. some pros and cons.,54,67,13-04-2023 08:04,April 14,no,2
1934,1935,exceeded expectations. easy to use. nothing special.,57,67,13-04-2023 08:04,April 14,no,4
1935,1936,excellent quality. love this product.,65,67,13-04-2023 08:04,April 14,yes,2
1936,1937,fantastic. fantastic. decent for the price.,66,67,13-04-2023 08:04,April 14,yes,1
1937,1938,poor quality. worst purchase.,71,67,13-04-2023 08:04,April 14,no,2
1938,1939,would not recommend. worst purchase.,72,67,13-04-2023 08:04,April 14,yes,0
1939,1940,exceeded expectations. very satisfied. could be better.,73,67,13-04-2023 08:04,April 14,no,5
1940,1941,missing features. waste of money. met expectations.,75,67,13-04-2023 08:04,April 14,no,6
1941,1942,best purchase ever. fantastic.,76,67,13-04-2023 08:04,April 14,yes,2
1942,1943,one star. poor quality.,85,67,13-04-2023 08:04,April 14,yes,1
1943,1944,best purchase ever. fantastic.,91,67,13-04-2023 08:04,April 14,no,3
1944,1945,great value. exceeded expectations.,92,67,13-04-2023 08:04,April 14,yes,1
1945,1946,excellent quality. best purchase ever.,2,68,13-04-2023 08:04,April 14,no,2
1946,1947,love this product. highly recommend. decent for the price.,4,68,13-04-2023 08:04,April 14,no,4
1947,1948,fantastic. wonderful experience. nothing special.,5,68,13-04-2023 08:04,April 14,yes,2
1948,1949,five stars. best purchase ever.,14,68,13-04-2023 08:04,April 14,yes,1
1949,1950,waste of money. very disappointed.,16,68,13-04-2023 08:04,April 14,no,2
1950,1951,excellent quality. wonderful experience.,18,68,13-04-2023 08:04,April 14,yes,0
1951,1952,best purchase ever. very satisfied. it's okay.,21,68,13-04-2023 08:04,April 14,no,5
1952,1953,broke easily. missing features. decent for the price.,24,68,13-04-2023 08:04,April 14,no,6
1953,1954,best purchase ever. five stars.,26,68,13-04-2023 08:04,April 14,yes,2
1954,1955,one star. poor quality.,36,68,13-04-2023 08:04,April 14,yes,1
1955,1956,average product. customer service was bad.,38,68,13-04-2023 08:04,April 14,no,3
1956,1957,bad experience. poor quality.,39,68,13-04-2023 08:04,April 14,yes,1
1957,1958,difficult to use. worst purchase. could be better.,41,68,13-04-2023 08:04,April 14,no,2
1958,1959,it's okay. easy to use.,42,68,13-04-2023 08:04,April 14,no,4
1959,1960,easy to use. excellent quality.,43,68,13-04-2023 08:04,April 14,yes,2
1960,1961,it's okay. missing features.,46,68,13-04-2023 08:04,April 14,yes,1
1961,1962,five stars. highly recommend.,47,68,13-04-2023 08:04,April 14,no,2
1962,1963,difficult to use. waste of money.,54,68,13-04-2023 08:04,April 14,yes,0
1963,1964,great value. highly recommend. decent for the price.,56,68,13-04-2023 08:04,April 14,no,5
1964,1965,works perfectly. wonderful experience. nothing special.,57,68,13-04-2023 08:04,April 14,no,6
1965,1966,wonderful experience. five stars. decent for the price.,61,68,13-04-2023 08:04,April 14,yes,2
1966,1967,great value. easy to use.,66,68,13-04-2023 08:04,April 14,yes,1
1967,1968,waste of money. worst purchase.,67,68,13-04-2023 08:04,April 14,no,3
1968,1969,could be better. love this product.,69,68,13-04-2023 08:04,April 14,yes,1
1969,1970,great value. best purchase ever. nothing special.,71,68,13-04-2023 08:04,April 14,no,2
1970,1971,highly recommend. excellent quality. could be better.,75,68,13-04-2023 08:04,April 14,no,4
1971,1972,one star. worst purchase.,76,68,13-04-2023 08:04,April 14,yes,2
1972,1973,waste of money. one star.,79,68,13-04-2023 08:04,April 14,yes,1
1973,1974,five stars. great value. average product.,91,68,13-04-2023 08:04,April 14,no,2
1974,1975,terrible product. terrible product.,95,68,13-04-2023 08:04,April 14,yes,0
1975,1976,does not work. missing features.,5,69,13-04-2023 08:04,April 14,no,5
1976,1977,wonderful experience. excellent quality.,9,69,13-04-2023 08:04,April 14,no,6
1977,1978,neither good nor bad. bad experience.,14,69,13-04-2023 08:04,April 14,yes,2
1978,1979,difficult to use. very disappointed. nothing special.,16,69,13-04-2023 08:04,April 14,yes,1
1979,1980,customer service was bad. would not recommend.,21,69,13-04-2023 08:04,April 14,no,3
1980,1981,easy to use. highly recommend. nothing special.,24,69,13-04-2023 08:04,April 14,yes,1
1981,1982,would not recommend. awful. nothing special.,31,69,13-04-2023 08:04,April 14,no,2
1982,1983,works as expected. terrible product.,36,69,13-04-2023 08:04,April 14,no,4
1983,1984,it's okay. five stars.,37,69,13-04-2023 08:04,April 14,yes,2
1984,1985,bad experience. does not work.,41,69,13-04-2023 08:04,April 14,yes,1
1985,1986,it's okay. wonderful experience.,47,69,13-04-2023 08:04,April 14,no,2
1986,1987,broke easily. customer service was bad. met expectations.,48,69,13-04-2023 08:04,April 14,yes,0
1987,1988,broke easily. difficult to use.,54,69,13-04-2023 08:04,April 14,no,5
1988,1989,customer service was bad. poor quality.,57,69,13-04-2023 08:04,April 14,no,6
1989,1990,missing features. broke easily.,60,69,13-04-2023 08:04,April 14,yes,2
1990,1991,nothing special. missing features.,66,69,13-04-2023 08:04,April 14,yes,1
1991,1992,very satisfied. easy to use. met expectations.,71,69,13-04-2023 08:04,April 14,no,3
1992,1993,amazing features. five stars.,73,69,13-04-2023 08:04,April 14,yes,1
1993,1994,five stars. five stars.,75,69,13-04-2023 08:04,April 14,no,2
1994,1995,worst purchase. terrible product. some pros and cons.,76,69,13-04-2023 08:04,April 14,no,4
1995,1996,average product. worst purchase.,79,69,13-04-2023 08:04,April 14,yes,2
1996,1997,met expectations. poor quality.,87,69,13-04-2023 08:04,April 14,yes,1
1997,1998,works as expected. five stars.,91,69,13-04-2023 08:04,April 14,no,2
1998,1999,fantastic. excellent quality. neither good nor bad.,97,69,13-04-2023 08:04,April 14,yes,0
1999,2000,waste of money. worst purchase. works as expected.,2,70,13-04-2023 08:04,April 14,no,5
2000,2001,fantastic. wonderful experience.,4,70,13-04-2023 08:04,April 14,no,6
2001,2002,broke easily. awful.,5,70,13-04-2023 08:04,April 14,yes,2
2002,2003,met expectations. five stars.,6,70,13-04-2023 08:04,April 14,yes,1
2003,2004,very satisfied. wonderful experience.,12,70,13-04-2023 08:04,April 14,no,3
2004,2005,worst purchase. one star.,14,70,13-04-2023 08:04,April 14,yes,1
2005,2006,some pros and cons. works perfectly.,16,70,13-04-2023 08:04,April 14,no,2
2006,2007,highly recommend. amazing features.,21,70,13-04-2023 08:04,April 14,no,4
2007,2008,waste of money. poor quality.,24,70,13-04-2023 08:04,April 14,yes,2
2008,2009,love this product. highly recommend. nothing special.,36,70,13-04-2023 08:04,April 14,yes,1
2009,2010,poor quality. worst purchase.,40,70,13-04-2023 08:04,April 14,no,2
2010,2011,awful. customer service was bad. some pros and cons.,41,70,13-04-2023 08:04,April 14,yes,0
2011,2012,fantastic. best purchase ever.,43,70,13-04-2023 08:04,April 14,no,5
2012,2013,wonderful experience. love this product. some pros and cons.,54,70,13-04-2023 08:04,April 14,no,6
2013,2014,broke easily. does not work.,57,70,13-04-2023 08:04,April 14,yes,2
2014,2015,decent for the price. worst purchase.,66,70,13-04-2023 08:04,April 14,yes,1
2015,2016,awful. one star.,67,70,13-04-2023 08:04,April 14,no,3
2016,2017,exceeded expectations. works perfectly.,70,70,13-04-2023 08:04,April 14,yes,1
2017,2018,best purchase ever. easy to use.,71,70,13-04-2023 08:04,April 14,no,2
2018,2019,works as expected. easy to use.,72,70,13-04-2023 08:04,April 14,no,4
2019,2020,difficult to use. difficult to use.,75,70,13-04-2023 08:04,April 14,yes,2
2020,2021,neither good nor bad. very satisfied.,76,70,13-04-2023 08:04,April 14,yes,1
2021,2022,amazing features. great value.,87,70,13-04-2023 08:04,April 14,no,2
2022,2023,exceeded expectations. best purchase ever. some pros and cons.,91,70,13-04-2023 08:04,April 14,yes,0
2023,2024,would not recommend. bad experience.,99,70,13-04-2023 08:04,April 14,no,5
2024,2025,it's okay. five stars.,100,70,13-04-2023 08:04,April 14,no,6
2025,2026,it's okay. five stars.,5,71,13-04-2023 08:04,April 14,yes,2
2026,2027,broke easily. terrible product.,9,71,13-04-2023 08:04,April 14,yes,1
2027,2028,love this product. works perfectly.,13,71,13-04-2023 08:04,April 14,no,3
2028,2029,very satisfied. easy to use.,14,71,13-04-2023 08:04,April 14,yes,1
2029,2030,could be better. excellent quality.,15,71,13-04-2023 08:04,April 14,no,2
2030,2031,met expectations. does not work.,21,71,13-04-2023 08:04,April 14,no,4
2031,2032,best purchase ever. works perfectly.,24,71,13-04-2023 08:04,April 14,yes,2
2032,2033,easy to use. excellent quality.,31,71,13-04-2023 08:04,April 14,yes,1
2033,2034,average product. customer service was bad.,32,71,13-04-2023 08:04,April 14,no,2
2034,2035,worst purchase. missing features.,36,71,13-04-2023 08:04,April 14,yes,0
2035,2036,customer service was bad. one star.,39,71,13-04-2023 08:04,April 14,no,5
2036,2037,works as expected. very disappointed.,41,71,13-04-2023 08:04,April 14,no,6
2037,2038,awful. would not recommend.,43,71,13-04-2023 08:04,April 14,yes,2
2038,2039,amazing features. wonderful experience. average product.,54,71,13-04-2023 08:04,April 14,yes,1
2039,2040,would not recommend. terrible product. decent for the price.,57,71,13-04-2023 08:04,April 14,no,3
2040,2041,love this product. five stars.,60,71,13-04-2023 08:04,April 14,yes,1
2041,2042,exceeded expectations. excellent quality.,63,71,13-04-2023 08:04,April 14,no,2
2042,2043,waste of money. one star.,66,71,13-04-2023 08:04,April 14,no,4
2043,2044,it's okay. five stars.,71,71,13-04-2023 08:04,April 14,yes,2
2044,2045,very satisfied. works perfectly.,73,71,13-04-2023 08:04,April 14,yes,1
2045,2046,works perfectly. five stars.,75,71,13-04-2023 08:04,April 14,no,2
2046,2047,works perfectly. excellent quality.,76,71,13-04-2023 08:04,April 14,yes,0
2047,2048,very disappointed. difficult to use. average product.,91,71,13-04-2023 08:04,April 14,no,5
2048,2049,broke easily. very disappointed.,94,71,13-04-2023 08:04,April 14,no,6
2049,2050,wonderful experience. five stars.,97,71,13-04-2023 08:04,April 14,yes,2
2050,2051,terrible product. awful.,100,71,13-04-2023 08:04,April 14,yes,1
2051,2052,five stars. excellent quality. neither good nor bad.,5,72,13-04-2023 08:04,April 14,no,3
2052,2053,met expectations. very disappointed.,6,72,13-04-2023 08:04,April 14,yes,1
2053,2054,broke easily. one star.,12,72,13-04-2023 08:04,April 14,no,2
2054,2055,highly recommend. very satisfied. nothing special.,14,72,13-04-2023 08:04,April 14,no,4
2055,2056,average product. customer service was bad.,15,72,13-04-2023 08:04,April 14,yes,2
2056,2057,neither good nor bad. best purchase ever.,17,72,13-04-2023 08:04,April 14,yes,1
2057,2058,best purchase ever. best purchase ever. average product.,18,72,13-04-2023 08:04,April 14,no,2
2058,2059,bad experience. difficult to use.,19,72,13-04-2023 08:04,April 14,yes,0
2059,2060,best purchase ever. works perfectly.,21,72,13-04-2023 08:04,April 14,no,5
2060,2061,waste of money. terrible product.,24,72,13-04-2023 08:04,April 14,no,6
2061,2062,best purchase ever. great value.,27,72,13-04-2023 08:04,April 14,yes,2
2062,2063,very disappointed. waste of money.,28,72,13-04-2023 08:04,April 14,yes,1
2063,2064,love this product. fantastic.,35,72,13-04-2023 08:04,April 14,no,3
2064,2065,exceeded expectations. highly recommend.,36,72,13-04-2023 08:04,April 14,yes,1
2065,2066,broke easily. waste of money.,41,72,13-04-2023 08:04,April 14,no,2
2066,2067,one star. bad experience. average product.,43,72,13-04-2023 08:04,April 14,no,4
2067,2068,love this product. best purchase ever.,50,72,13-04-2023 08:04,April 14,yes,2
2068,2069,does not work. missing features.,54,72,13-04-2023 08:04,April 14,yes,1
2069,2070,awful. would not recommend.,57,72,13-04-2023 08:04,April 14,no,2
2070,2071,great value. amazing features.,62,72,13-04-2023 08:04,April 14,yes,0
2071,2072,average product. fantastic.,66,72,13-04-2023 08:04,April 14,no,5
2072,2073,easy to use. amazing features. it's okay.,67,72,13-04-2023 08:04,April 14,no,6
2073,2074,bad experience. broke easily. nothing special.,71,72,13-04-2023 08:04,April 14,yes,2
2074,2075,amazing features. easy to use.,75,72,13-04-2023 08:04,April 14,yes,1
2075,2076,works perfectly. five stars.,76,72,13-04-2023 08:04,April 14,no,3
2076,2077,neither good nor bad. difficult to use.,82,72,13-04-2023 08:04,April 14,yes,1
2077,2078,easy to use. best purchase ever.,84,72,13-04-2023 08:04,April 14,no,2
2078,2079,five stars. amazing features.,91,72,13-04-2023 08:04,April 14,no,4
2079,2080,wonderful experience. fantastic. average product.,98,72,13-04-2023 08:04,April 14,yes,2
2080,2081,decent for the price. fantastic.,5,73,13-04-2023 08:04,April 14,yes,1
2081,2082,love this product. easy to use.,6,73,13-04-2023 08:04,April 14,no,2
2082,2083,works perfectly. wonderful experience.,13,73,13-04-2023 08:04,April 14,yes,0
2083,2084,neither good nor bad. wonderful experience.,14,73,13-04-2023 08:04,April 14,no,5
2084,2085,best purchase ever. highly recommend. some pros and cons.,17,73,13-04-2023 08:04,April 14,no,6
2085,2086,customer service was bad. missing features.,21,73,13-04-2023 08:04,April 14,yes,2
2086,2087,very disappointed. worst purchase. decent for the price.,24,73,13-04-2023 08:04,April 14,yes,1
2087,2088,works perfectly. highly recommend. some pros and cons.,28,73,13-04-2023 08:04,April 14,no,3
2088,2089,difficult to use. missing features.,31,73,13-04-2023 08:04,April 14,yes,1
2089,2090,waste of money. awful. nothing special.,35,73,13-04-2023 08:04,April 14,no,2
2090,2091,one star. one star.,36,73,13-04-2023 08:04,April 14,no,4
2091,2092,amazing features. love this product.,40,73,13-04-2023 08:04,April 14,yes,2
2092,2093,works perfectly. wonderful experience.,41,73,13-04-2023 08:04,April 14,yes,1
2093,2094,could be better. broke easily.,47,73,13-04-2023 08:04,April 14,no,2
2094,2095,love this product. excellent quality.,48,73,13-04-2023 08:04,April 14,yes,0
2095,2096,missing features. very disappointed.,54,73,13-04-2023 08:04,April 14,no,5
2096,2097,missing features. does not work. decent for the price.,55,73,13-04-2023 08:04,April 14,no,6
2097,2098,very satisfied. works perfectly.,57,73,13-04-2023 08:04,April 14,yes,2
2098,2099,best purchase ever. works perfectly. some pros and cons.,62,73,13-04-2023 08:04,April 14,yes,1
2099,2100,would not recommend. customer service was bad.,66,73,13-04-2023 08:04,April 14,no,3
2100,2101,difficult to use. worst purchase.,67,73,13-04-2023 08:04,April 14,yes,1
2101,2102,it's okay. waste of money.,71,73,13-04-2023 08:04,April 14,no,2
2102,2103,neither good nor bad. waste of money.,72,73,13-04-2023 08:04,April 14,no,4
2103,2104,very disappointed. one star.,75,73,13-04-2023 08:04,April 14,yes,2
2104,2105,broke easily. does not work.,76,73,13-04-2023 08:04,April 14,yes,1
2105,2106,fantastic. five stars. works as expected.,78,73,13-04-2023 08:04,April 14,no,2
2106,2107,awful. terrible product.,82,73,13-04-2023 08:04,April 14,yes,0
2107,2108,excellent quality. very satisfied.,91,73,13-04-2023 08:04,April 14,no,5
2108,2109,amazing features. easy to use. met expectations.,98,73,13-04-2023 08:04,April 14,no,6
2109,2110,works perfectly. works perfectly.,2,74,13-04-2023 08:04,April 14,yes,2
2110,2111,waste of money. waste of money.,5,74,13-04-2023 08:04,April 14,yes,1
2111,2112,very disappointed. terrible product.,6,74,13-04-2023 08:04,April 14,no,3
2112,2113,love this product. best purchase ever.,10,74,13-04-2023 08:04,April 14,yes,1
2113,2114,very disappointed. awful.,12,74,13-04-2023 08:04,April 14,no,2
2114,2115,fantastic. love this product.,14,74,13-04-2023 08:04,April 14,no,4
2115,2116,fantastic. excellent quality.,15,74,13-04-2023 08:04,April 14,yes,2
2116,2117,neither good nor bad. one star.,17,74,13-04-2023 08:04,April 14,yes,1
2117,2118,amazing features. easy to use.,18,74,13-04-2023 08:04,April 14,no,2
2118,2119,very disappointed. worst purchase.,21,74,13-04-2023 08:04,April 14,yes,0
2119,2120,missing features. would not recommend.,22,74,13-04-2023 08:04,April 14,no,5
2120,2121,would not recommend. very disappointed.,24,74,13-04-2023 08:04,April 14,no,6
2121,2122,missing features. waste of money.,28,74,13-04-2023 08:04,April 14,yes,2
2122,2123,bad experience. very disappointed.,36,74,13-04-2023 08:04,April 14,yes,1
2123,2124,very disappointed. very disappointed. nothing special.,38,74,13-04-2023 08:04,April 14,no,3
2124,2125,could be better. awful.,39,74,13-04-2023 08:04,April 14,yes,1
2125,2126,would not recommend. very disappointed.,41,74,13-04-2023 08:04,April 14,no,2
2126,2127,could be better. wonderful experience.,48,74,13-04-2023 08:04,April 14,no,4
2127,2128,very satisfied. highly recommend.,50,74,13-04-2023 08:04,April 14,yes,2
2128,2129,terrible product. worst purchase.,54,74,13-04-2023 08:04,April 14,yes,1
2129,2130,love this product. very satisfied.,57,74,13-04-2023 08:04,April 14,no,2
2130,2131,one star. poor quality.,66,74,13-04-2023 08:04,April 14,yes,0
2131,2132,waste of money. missing features.,71,74,13-04-2023 08:04,April 14,no,5
2132,2133,it's okay. one star.,73,74,13-04-2023 08:04,April 14,no,6
2133,2134,exceeded expectations. amazing features. works as expected.,75,74,13-04-2023 08:04,April 14,yes,2
2134,2135,met expectations. wonderful experience.,76,74,13-04-2023 08:04,April 14,yes,1
2135,2136,decent for the price. works perfectly.,91,74,13-04-2023 08:04,April 14,no,3
2136,2137,some pros and cons. missing features.,3,75,13-04-2023 08:04,April 14,yes,1
2137,2138,terrible product. missing features.,5,75,13-04-2023 08:04,April 14,no,2
2138,2139,does not work. very disappointed.,8,75,13-04-2023 08:04,April 14,no,4
2139,2140,it's okay. difficult to use.,11,75,13-04-2023 08:04,April 14,yes,2
2140,2141,some pros and cons. great value.,13,75,13-04-2023 08:04,April 14,yes,1
2141,2142,average product. broke easily.,14,75,13-04-2023 08:04,April 14,no,2
2142,2143,would not recommend. bad experience. could be better.,21,75,13-04-2023 08:04,April 14,yes,0
2143,2144,highly recommend. five stars.,22,75,13-04-2023 08:04,April 14,no,5
2144,2145,decent for the price. customer service was bad.,24,75,13-04-2023 08:04,April 14,no,6
2145,2146,one star. worst purchase.,27,75,13-04-2023 08:04,April 14,yes,2
2146,2147,awful. one star.,28,75,13-04-2023 08:04,April 14,yes,1
2147,2148,fantastic. great value.,31,75,13-04-2023 08:04,April 14,no,3
2148,2149,missing features. very disappointed. could be better.,35,75,13-04-2023 08:04,April 14,yes,1
2149,2150,waste of money. worst purchase.,36,75,13-04-2023 08:04,April 14,no,2
2150,2151,does not work. awful.,41,75,13-04-2023 08:04,April 14,no,4
2151,2152,would not recommend. missing features. some pros and cons.,44,75,13-04-2023 08:04,April 14,yes,2
2152,2153,met expectations. excellent quality.,47,75,13-04-2023 08:04,April 14,yes,1
2153,2154,works as expected. amazing features.,54,75,13-04-2023 08:04,April 14,no,2
2154,2155,love this product. wonderful experience.,55,75,13-04-2023 08:04,April 14,yes,0
2155,2156,difficult to use. terrible product.,57,75,13-04-2023 08:04,April 14,no,5
2156,2157,bad experience. awful.,60,75,13-04-2023 08:04,April 14,no,6
2157,2158,does not work. broke easily.,66,75,13-04-2023 08:04,April 14,yes,2
2158,2159,fantastic. works perfectly. works as expected.,67,75,13-04-2023 08:04,April 14,yes,1
2159,2160,poor quality. customer service was bad.,69,75,13-04-2023 08:04,April 14,no,3
2160,2161,easy to use. works perfectly.,71,75,13-04-2023 08:04,April 14,yes,1
2161,2162,terrible product. difficult to use.,75,75,13-04-2023 08:04,April 14,no,2
2162,2163,difficult to use. does not work. could be better.,76,75,13-04-2023 08:04,April 14,no,4
2163,2164,terrible product. one star. average product.,91,75,13-04-2023 08:04,April 14,yes,2
2164,2165,nothing special. waste of money.,93,75,13-04-2023 08:04,April 14,yes,1
2165,2166,difficult to use. waste of money. works as expected.,99,75,13-04-2023 08:04,April 14,no,2
2166,2167,excellent quality. love this product.,100,75,13-04-2023 08:04,April 14,yes,0
2167,2168,easy to use. easy to use. decent for the price.,2,76,13-04-2023 08:04,April 14,no,5
2168,2169,five stars. works perfectly.,5,76,13-04-2023 08:04,April 14,no,6
2169,2170,fantastic. exceeded expectations.,9,76,13-04-2023 08:04,April 14,yes,2
2170,2171,missing features. awful.,14,76,13-04-2023 08:04,April 14,yes,1
2171,2172,customer service was bad. would not recommend. average product.,17,76,13-04-2023 08:04,April 14,no,3
2172,2173,great value. best purchase ever.,21,76,13-04-2023 08:04,April 14,yes,1
2173,2174,very disappointed. worst purchase.,22,76,13-04-2023 08:04,April 14,no,2
2174,2175,amazing features. very satisfied.,24,76,13-04-2023 08:04,April 14,no,4
2175,2176,worst purchase. bad experience.,33,76,13-04-2023 08:04,April 14,yes,2
2176,2177,excellent quality. five stars.,35,76,13-04-2023 08:04,April 14,yes,1
2177,2178,does not work. worst purchase. could be better.,36,76,13-04-2023 08:04,April 14,no,2
2178,2179,met expectations. fantastic.,41,76,13-04-2023 08:04,April 14,yes,0
2179,2180,works perfectly. works perfectly.,48,76,13-04-2023 08:04,April 14,no,5
2180,2181,worst purchase. poor quality. some pros and cons.,52,76,13-04-2023 08:04,April 14,no,6
2181,2182,broke easily. awful.,54,76,13-04-2023 08:04,April 14,yes,2
2182,2183,met expectations. does not work.,56,76,13-04-2023 08:04,April 14,yes,1
2183,2184,best purchase ever. amazing features.,57,76,13-04-2023 08:04,April 14,no,3
2184,2185,love this product. easy to use.,63,76,13-04-2023 08:04,April 14,yes,1
2185,2186,broke easily. worst purchase. neither good nor bad.,65,76,13-04-2023 08:04,April 14,no,2
2186,2187,worst purchase. difficult to use. decent for the price.,66,76,13-04-2023 08:04,April 14,no,4
2187,2188,broke easily. difficult to use.,71,76,13-04-2023 08:04,April 14,yes,2
2188,2189,best purchase ever. easy to use. could be better.,72,76,13-04-2023 08:04,April 14,yes,1
2189,2190,works as expected. awful.,75,76,13-04-2023 08:04,April 14,no,2
2190,2191,awful. terrible product.,76,76,13-04-2023 08:04,April 14,yes,0
2191,2192,bad experience. worst purchase.,85,76,13-04-2023 08:04,April 14,no,5
2192,2193,customer service was bad. broke easily.,91,76,13-04-2023 08:04,April 14,no,6
2193,2194,works perfectly. exceeded expectations.,96,76,13-04-2023 08:04,April 14,yes,2
2194,2195,great value. five stars.,98,76,13-04-2023 08:04,April 14,yes,1
2195,2196,highly recommend. great value.,5,77,13-04-2023 08:04,April 14,no,3
2196,2197,awful. customer service was bad.,9,77,13-04-2023 08:04,April 14,yes,1
2197,2198,terrible product. waste of money.,13,77,13-04-2023 08:04,April 14,no,2
2198,2199,broke easily. worst purchase.,14,77,13-04-2023 08:04,April 14,no,4
2199,2200,fantastic. exceeded expectations.,15,77,13-04-2023 08:04,April 14,yes,2
2200,2201,would not recommend. broke easily.,16,77,13-04-2023 08:04,April 14,yes,1
2201,2202,excellent quality. amazing features. it's okay.,21,77,13-04-2023 08:04,April 14,no,2
2202,2203,waste of money. very disappointed.,24,77,13-04-2023 08:04,April 14,yes,0
2203,2204,worst purchase. terrible product. works as expected.,30,77,13-04-2023 08:04,April 14,no,5
2204,2205,awful. does not work.,36,77,13-04-2023 08:04,April 14,no,6
2205,2206,highly recommend. great value. some pros and cons.,39,77,13-04-2023 08:04,April 14,yes,2
2206,2207,some pros and cons. excellent quality.,40,77,13-04-2023 08:04,April 14,yes,1
2207,2208,fantastic. amazing features.,41,77,13-04-2023 08:04,April 14,no,3
2208,2209,met expectations. great value.,54,77,13-04-2023 08:04,April 14,yes,1
2209,2210,one star. bad experience.,56,77,13-04-2023 08:04,April 14,no,2
2210,2211,wonderful experience. works perfectly.,57,77,13-04-2023 08:04,April 14,no,4
2211,2212,very disappointed. awful.,62,77,13-04-2023 08:04,April 14,yes,2
2212,2213,amazing features. wonderful experience.,66,77,13-04-2023 08:04,April 14,yes,1
2213,2214,broke easily. very disappointed. decent for the price.,71,77,13-04-2023 08:04,April 14,no,2
2214,2215,neither good nor bad. exceeded expectations.,73,77,13-04-2023 08:04,April 14,yes,0
2215,2216,wonderful experience. wonderful experience. average product.,75,77,13-04-2023 08:04,April 14,no,5
2216,2217,excellent quality. five stars. works as expected.,76,77,13-04-2023 08:04,April 14,no,6
2217,2218,decent for the price. highly recommend.,79,77,13-04-2023 08:04,April 14,yes,2
2218,2219,love this product. five stars. met expectations.,82,77,13-04-2023 08:04,April 14,yes,1
2219,2220,customer service was bad. bad experience.,85,77,13-04-2023 08:04,April 14,no,3
2220,2221,neither good nor bad. love this product.,87,77,13-04-2023 08:04,April 14,yes,1
2221,2222,average product. wonderful experience.,91,77,13-04-2023 08:04,April 14,no,2
2222,2223,amazing features. easy to use.,100,77,13-04-2023 08:04,April 14,no,4
2223,2224,highly recommend. very satisfied. works as expected.,2,78,13-04-2023 08:04,April 14,yes,2
2224,2225,bad experience. waste of money.,4,78,13-04-2023 08:04,April 14,yes,1
2225,2226,amazing features. great value.,5,78,13-04-2023 08:04,April 14,no,2
2226,2227,poor quality. bad experience. it's okay.,9,78,13-04-2023 08:04,April 14,yes,0
2227,2228,one star. broke easily.,10,78,13-04-2023 08:04,April 14,no,5
2228,2229,awful. broke easily.,13,78,13-04-2023 08:04,April 14,no,6
2229,2230,fantastic. five stars.,14,78,13-04-2023 08:04,April 14,yes,2
2230,2231,easy to use. love this product.,21,78,13-04-2023 08:04,April 14,yes,1
2231,2232,amazing features. five stars. met expectations.,24,78,13-04-2023 08:04,April 14,no,3
2232,2233,fantastic. exceeded expectations.,36,78,13-04-2023 08:04,April 14,yes,1
2233,2234,poor quality. customer service was bad.,38,78,13-04-2023 08:04,April 14,no,2
2234,2235,some pros and cons. very satisfied.,41,78,13-04-2023 08:04,April 14,no,4
2235,2236,some pros and cons. very disappointed.,42,78,13-04-2023 08:04,April 14,yes,2
2236,2237,fantastic. excellent quality.,44,78,13-04-2023 08:04,April 14,yes,1
2237,2238,would not recommend. worst purchase.,48,78,13-04-2023 08:04,April 14,no,2
2238,2239,poor quality. poor quality. it's okay.,54,78,13-04-2023 08:04,April 14,yes,0
2239,2240,met expectations. missing features.,57,78,13-04-2023 08:04,April 14,no,5
2240,2241,awful. poor quality.,62,78,13-04-2023 08:04,April 14,no,6
2241,2242,highly recommend. highly recommend.,66,78,13-04-2023 08:04,April 14,yes,2
2242,2243,worst purchase. customer service was bad. met expectations.,69,78,13-04-2023 08:04,April 14,yes,1
2243,2244,wonderful experience. works perfectly. neither good nor bad.,71,78,13-04-2023 08:04,April 14,no,3
2244,2245,great value. easy to use. average product.,75,78,13-04-2023 08:04,April 14,yes,1
2245,2246,awful. missing features.,76,78,13-04-2023 08:04,April 14,no,2
2246,2247,wonderful experience. very satisfied. it's okay.,79,78,13-04-2023 08:04,April 14,no,4
2247,2248,best purchase ever. wonderful experience.,84,78,13-04-2023 08:04,April 14,yes,2
2248,2249,highly recommend. five stars. it's okay.,87,78,13-04-2023 08:04,April 14,yes,1
2249,2250,decent for the price. highly recommend.,91,78,13-04-2023 08:04,April 14,no,2
2250,2251,worst purchase. does not work.,98,78,13-04-2023 08:04,April 14,yes,0
2251,2252,excellent quality. fantastic.,2,79,13-04-2023 08:04,April 14,no,5
2252,2253,would not recommend. customer service was bad. average product.,5,79,13-04-2023 08:04,April 14,no,6
2253,2254,very satisfied. five stars.,10,79,13-04-2023 08:04,April 14,yes,2
2254,2255,broke easily. missing features.,14,79,13-04-2023 08:04,April 14,yes,1
2255,2256,awful. one star. neither good nor bad.,21,79,13-04-2023 08:04,April 14,no,3
2256,2257,some pros and cons. highly recommend.,22,79,13-04-2023 08:04,April 14,yes,1
2257,2258,met expectations. amazing features.,24,79,13-04-2023 08:04,April 14,no,2
2258,2259,decent for the price. awful.,33,79,13-04-2023 08:04,April 14,no,4
2259,2260,exceeded expectations. wonderful experience. average product.,36,79,13-04-2023 08:04,April 14,yes,2
2260,2261,bad experience. terrible product. met expectations.,38,79,13-04-2023 08:04,April 14,yes,1
2261,2262,love this product. works perfectly. nothing special.,40,79,13-04-2023 08:04,April 14,no,2
2262,2263,exceeded expectations. excellent quality.,41,79,13-04-2023 08:04,April 14,yes,0
2263,2264,fantastic. exceeded expectations.,43,79,13-04-2023 08:04,April 14,no,5
2264,2265,wonderful experience. highly recommend.,50,79,13-04-2023 08:04,April 14,no,6
2265,2266,terrible product. difficult to use.,54,79,13-04-2023 08:04,April 14,yes,2
2266,2267,easy to use. best purchase ever.,57,79,13-04-2023 08:04,April 14,yes,1
2267,2268,awful. awful.,60,79,13-04-2023 08:04,April 14,no,3
2268,2269,works as expected. customer service was bad.,61,79,13-04-2023 08:04,April 14,yes,1
2269,2270,excellent quality. excellent quality.,62,79,13-04-2023 08:04,April 14,no,2
2270,2271,bad experience. missing features. some pros and cons.,66,79,13-04-2023 08:04,April 14,no,4
2271,2272,met expectations. very satisfied.,71,79,13-04-2023 08:04,April 14,yes,2
2272,2273,some pros and cons. wonderful experience.,72,79,13-04-2023 08:04,April 14,yes,1
2273,2274,some pros and cons. love this product.,75,79,13-04-2023 08:04,April 14,no,2
2274,2275,great value. works perfectly.,76,79,13-04-2023 08:04,April 14,yes,0
2275,2276,does not work. one star. works as expected.,91,79,13-04-2023 08:04,April 14,no,5
2276,2277,waste of money. worst purchase.,100,79,13-04-2023 08:04,April 14,no,6
2277,2278,missing features. one star. decent for the price.,2,80,13-04-2023 08:04,April 14,yes,2
2278,2279,easy to use. very satisfied.,3,80,13-04-2023 08:04,April 14,yes,1
2279,2280,easy to use. exceeded expectations. decent for the price.,5,80,13-04-2023 08:04,April 14,no,3
2280,2281,works perfectly. highly recommend.,8,80,13-04-2023 08:04,April 14,yes,1
2281,2282,nothing special. bad experience.,9,80,13-04-2023 08:04,April 14,no,2
2282,2283,best purchase ever. highly recommend.,10,80,13-04-2023 08:04,April 14,no,4
2283,2284,worst purchase. missing features.,14,80,13-04-2023 08:04,April 14,yes,2
2284,2285,easy to use. fantastic.,21,80,13-04-2023 08:04,April 14,yes,1
2285,2286,highly recommend. highly recommend. met expectations.,22,80,13-04-2023 08:04,April 14,no,2
2286,2287,broke easily. bad experience.,24,80,13-04-2023 08:04,April 14,yes,0
2287,2288,amazing features. best purchase ever. some pros and cons.,30,80,13-04-2023 08:04,April 14,no,5
2288,2289,love this product. best purchase ever. nothing special.,31,80,13-04-2023 08:04,April 14,no,6
2289,2290,difficult to use. worst purchase.,35,80,13-04-2023 08:04,April 14,yes,2
2290,2291,average product. love this product.,36,80,13-04-2023 08:04,April 14,yes,1
2291,2292,neither good nor bad. very disappointed.,39,80,13-04-2023 08:04,April 14,no,3
2292,2293,exceeded expectations. best purchase ever. some pros and cons.,41,80,13-04-2023 08:04,April 14,yes,1
2293,2294,waste of money. poor quality.,46,80,13-04-2023 08:04,April 14,no,2
2294,2295,five stars. works perfectly.,54,80,13-04-2023 08:04,April 14,no,4
2295,2296,would not recommend. does not work.,57,80,13-04-2023 08:04,April 14,yes,2
2296,2297,difficult to use. would not recommend.,66,80,13-04-2023 08:04,April 14,yes,1
2297,2298,five stars. exceeded expectations.,70,80,13-04-2023 08:04,April 14,no,2
2298,2299,worst purchase. does not work. average product.,71,80,13-04-2023 08:04,April 14,yes,0
2299,2300,easy to use. highly recommend. nothing special.,72,80,13-04-2023 08:04,April 14,no,5
2300,2301,amazing features. easy to use.,73,80,13-04-2023 08:04,April 14,no,6
2301,2302,one star. awful.,75,80,13-04-2023 08:04,April 14,yes,2
2302,2303,five stars. love this product.,76,80,13-04-2023 08:04,April 14,yes,1
2303,2304,excellent quality. fantastic.,91,80,13-04-2023 08:04,April 14,no,3
2304,2305,very disappointed. would not recommend.,93,80,13-04-2023 08:04,April 14,yes,1
2305,2306,wonderful experience. excellent quality.,99,80,13-04-2023 08:04,April 14,no,2
2306,2307,broke easily. does not work.,5,81,13-04-2023 08:04,April 14,no,4
2307,2308,very disappointed. does not work.,9,81,13-04-2023 08:04,April 14,yes,2
2308,2309,love this product. best purchase ever.,14,81,13-04-2023 08:04,April 14,yes,1
2309,2310,best purchase ever. very satisfied. neither good nor bad.,17,81,13-04-2023 08:04,April 14,no,2
2310,2311,works perfectly. excellent quality. works as expected.,21,81,13-04-2023 08:04,April 14,yes,0
2311,2312,missing features. poor quality. met expectations.,24,81,13-04-2023 08:04,April 14,no,5
2312,2313,very disappointed. customer service was bad. works as expected.,26,81,13-04-2023 08:04,April 14,no,6
2313,2314,decent for the price. great value.,35,81,13-04-2023 08:04,April 14,yes,2
2314,2315,would not recommend. bad experience.,36,81,13-04-2023 08:04,April 14,yes,1
2315,2316,excellent quality. wonderful experience. met expectations.,38,81,13-04-2023 08:04,April 14,no,3
2316,2317,easy to use. works perfectly.,40,81,13-04-2023 08:04,April 14,yes,1
2317,2318,excellent quality. exceeded expectations.,41,81,13-04-2023 08:04,April 14,no,2
2318,2319,waste of money. missing features.,50,81,13-04-2023 08:04,April 14,no,4
2319,2320,nothing special. terrible product.,54,81,13-04-2023 08:04,April 14,yes,2
2320,2321,highly recommend. highly recommend.,55,81,13-04-2023 08:04,April 14,yes,1
2321,2322,bad experience. does not work.,57,81,13-04-2023 08:04,April 14,no,2
2322,2323,easy to use. excellent quality. decent for the price.,60,81,13-04-2023 08:04,April 14,yes,0
2323,2324,great value. love this product.,61,81,13-04-2023 08:04,April 14,no,5
2324,2325,poor quality. waste of money.,62,81,13-04-2023 08:04,April 14,no,6
2325,2326,five stars. exceeded expectations.,65,81,13-04-2023 08:04,April 14,yes,2
2326,2327,highly recommend. excellent quality.,66,81,13-04-2023 08:04,April 14,yes,1
2327,2328,wonderful experience. very satisfied.,71,81,13-04-2023 08:04,April 14,no,3
2328,2329,awful. missing features.,75,81,13-04-2023 08:04,April 14,yes,1
2329,2330,terrible product. worst purchase.,76,81,13-04-2023 08:04,April 14,no,2
2330,2331,easy to use. excellent quality.,91,81,13-04-2023 08:04,April 14,no,4
2331,2332,does not work. waste of money.,95,81,13-04-2023 08:04,April 14,yes,2
2332,2333,missing features. difficult to use.,5,82,13-04-2023 08:04,April 14,yes,1
2333,2334,fantastic. love this product.,11,82,13-04-2023 08:04,April 14,no,2
2334,2335,highly recommend. exceeded expectations.,14,82,13-04-2023 08:04,April 14,yes,0
2335,2336,decent for the price. very disappointed.,17,82,13-04-2023 08:04,April 14,no,5
2336,2337,awful. awful.,21,82,13-04-2023 08:04,April 14,no,6
2337,2338,would not recommend. customer service was bad. some pros and cons.,24,82,13-04-2023 08:04,April 14,yes,2
2338,2339,worst purchase. waste of money. could be better.,26,82,13-04-2023 08:04,April 14,yes,1
2339,2340,one star. poor quality. it's okay.,31,82,13-04-2023 08:04,April 14,no,3
2340,2341,broke easily. customer service was bad.,32,82,13-04-2023 08:04,April 14,yes,1
2341,2342,would not recommend. waste of money.,35,82,13-04-2023 08:04,April 14,no,2
2342,2343,neither good nor bad. one star.,36,82,13-04-2023 08:04,April 14,no,4
2343,2344,customer service was bad. waste of money.,41,82,13-04-2023 08:04,April 14,yes,2
2344,2345,exceeded expectations. amazing features.,48,82,13-04-2023 08:04,April 14,yes,1
2345,2346,great value. highly recommend.,54,82,13-04-2023 08:04,April 14,no,2
2346,2347,decent for the price. awful.,56,82,13-04-2023 08:04,April 14,yes,0
2347,2348,neither good nor bad. missing features.,57,82,13-04-2023 08:04,April 14,no,5
2348,2349,fantastic. love this product.,65,82,13-04-2023 08:04,April 14,no,6
2349,2350,works as expected. best purchase ever.,66,82,13-04-2023 08:04,April 14,yes,2
2350,2351,waste of money. customer service was bad.,71,82,13-04-2023 08:04,April 14,yes,1
2351,2352,some pros and cons. very disappointed.,75,82,13-04-2023 08:04,April 14,no,3
2352,2353,one star. terrible product. some pros and cons.,76,82,13-04-2023 08:04,April 14,yes,1
2353,2354,does not work. difficult to use.,87,82,13-04-2023 08:04,April 14,no,2
2354,2355,nothing special. awful.,91,82,13-04-2023 08:04,April 14,no,4
2355,2356,met expectations. waste of money.,94,82,13-04-2023 08:04,April 14,yes,2
2356,2357,bad experience. would not recommend.,95,82,13-04-2023 08:04,April 14,yes,1
2357,2358,fantastic. great value.,97,82,13-04-2023 08:04,April 14,no,2
2358,2359,excellent quality. works perfectly. works as expected.,100,82,13-04-2023 08:04,April 14,yes,0
2359,2360,bad experience. one star.,3,83,13-04-2023 08:04,April 14,no,5
2360,2361,wonderful experience. highly recommend. it's okay.,4,83,13-04-2023 08:04,April 14,no,6
2361,2362,terrible product. broke easily.,5,83,13-04-2023 08:04,April 14,yes,2
2362,2363,it's okay. would not recommend.,6,83,13-04-2023 08:04,April 14,yes,1
2363,2364,decent for the price. wonderful experience.,11,83,13-04-2023 08:04,April 14,no,3
2364,2365,terrible product. customer service was bad.,14,83,13-04-2023 08:04,April 14,yes,1
2365,2366,works perfectly. best purchase ever.,16,83,13-04-2023 08:04,April 14,no,2
2366,2367,great value. best purchase ever.,19,83,13-04-2023 08:04,April 14,no,4
2367,2368,easy to use. easy to use.,21,83,13-04-2023 08:04,April 14,yes,2
2368,2369,customer service was bad. one star. some pros and cons.,24,83,13-04-2023 08:04,April 14,yes,1
2369,2370,fantastic. five stars. met expectations.,26,83,13-04-2023 08:04,April 14,no,2
2370,2371,fantastic. best purchase ever. met expectations.,32,83,13-04-2023 08:04,April 14,yes,0
2371,2372,one star. missing features.,36,83,13-04-2023 08:04,April 14,no,5
2372,2373,some pros and cons. excellent quality.,41,83,13-04-2023 08:04,April 14,no,6
2373,2374,poor quality. awful.,44,83,13-04-2023 08:04,April 14,yes,2
2374,2375,fantastic. amazing features.,54,83,13-04-2023 08:04,April 14,yes,1
2375,2376,easy to use. best purchase ever. it's okay.,57,83,13-04-2023 08:04,April 14,no,3
2376,2377,some pros and cons. love this product.,60,83,13-04-2023 08:04,April 14,yes,1
2377,2378,missing features. difficult to use.,62,83,13-04-2023 08:04,April 14,no,2
2378,2379,bad experience. poor quality.,66,83,13-04-2023 08:04,April 14,no,4
2379,2380,it's okay. very disappointed.,67,83,13-04-2023 08:04,April 14,yes,2
2380,2381,poor quality. very disappointed.,71,83,13-04-2023 08:04,April 14,yes,1
2381,2382,does not work. bad experience.,75,83,13-04-2023 08:04,April 14,no,2
2382,2383,works perfectly. works perfectly.,76,83,13-04-2023 08:04,April 14,yes,0
2383,2384,highly recommend. highly recommend.,82,83,13-04-2023 08:04,April 14,no,5
2384,2385,amazing features. fantastic.,84,83,13-04-2023 08:04,April 14,no,6
2385,2386,missing features. awful.,91,83,13-04-2023 08:04,April 14,yes,2
2386,2387,very satisfied. easy to use.,95,83,13-04-2023 08:04,April 14,yes,1
2387,2388,does not work. waste of money.,97,83,13-04-2023 08:04,April 14,no,3
2388,2389,five stars. amazing features.,98,83,13-04-2023 08:04,April 14,yes,1
2389,2390,fantastic. excellent quality. nothing special.,2,84,13-04-2023 08:04,April 14,no,2
2390,2391,wonderful experience. works perfectly.,5,84,13-04-2023 08:04,April 14,no,4
2391,2392,neither good nor bad. great value.,9,84,13-04-2023 08:04,April 14,yes,2
2392,2393,very satisfied. works perfectly.,12,84,13-04-2023 08:04,April 14,yes,1
2393,2394,love this product. wonderful experience.,14,84,13-04-2023 08:04,April 14,no,2
2394,2395,five stars. very satisfied.,20,84,13-04-2023 08:04,April 14,yes,0
2395,2396,works as expected. missing features.,21,84,13-04-2023 08:04,April 14,no,5
2396,2397,great value. works perfectly. some pros and cons.,24,84,13-04-2023 08:04,April 14,no,6
2397,2398,five stars. five stars.,30,84,13-04-2023 08:04,April 14,yes,2
2398,2399,awful. poor quality.,36,84,13-04-2023 08:04,April 14,yes,1
2399,2400,five stars. fantastic. it's okay.,38,84,13-04-2023 08:04,April 14,no,3
2400,2401,amazing features. works perfectly.,40,84,13-04-2023 08:04,April 14,yes,1
2401,2402,very disappointed. terrible product.,41,84,13-04-2023 08:04,April 14,no,2
2402,2403,nothing special. poor quality.,43,84,13-04-2023 08:04,April 14,no,4
2403,2404,one star. difficult to use. nothing special.,44,84,13-04-2023 08:04,April 14,yes,2
2404,2405,works perfectly. highly recommend.,47,84,13-04-2023 08:04,April 14,yes,1
2405,2406,great value. highly recommend.,54,84,13-04-2023 08:04,April 14,no,2
2406,2407,works perfectly. five stars.,56,84,13-04-2023 08:04,April 14,yes,0
2407,2408,broke easily. broke easily.,57,84,13-04-2023 08:04,April 14,no,5
2408,2409,nothing special. works perfectly.,65,84,13-04-2023 08:04,April 14,no,6
2409,2410,could be better. worst purchase.,66,84,13-04-2023 08:04,April 14,yes,2
2410,2411,does not work. missing features.,70,84,13-04-2023 08:04,April 14,yes,1
2411,2412,fantastic. very satisfied. nothing special.,71,84,13-04-2023 08:04,April 14,no,3
2412,2413,awful. would not recommend.,75,84,13-04-2023 08:04,April 14,yes,1
2413,2414,some pros and cons. highly recommend.,76,84,13-04-2023 08:04,April 14,no,2
2414,2415,easy to use. wonderful experience.,87,84,13-04-2023 08:04,April 14,no,4
2415,2416,excellent quality. great value.,91,84,13-04-2023 08:04,April 14,yes,2
2416,2417,love this product. great value. some pros and cons.,92,84,13-04-2023 08:04,April 14,yes,1
2417,2418,fantastic. love this product. neither good nor bad.,94,84,13-04-2023 08:04,April 14,no,2
2418,2419,amazing features. works perfectly.,95,84,13-04-2023 08:04,April 14,yes,0
2419,2420,highly recommend. amazing features.,3,85,13-04-2023 08:04,April 14,no,5
2420,2421,five stars. wonderful experience.,4,85,13-04-2023 08:04,April 14,no,6
2421,2422,exceeded expectations. easy to use.,5,85,13-04-2023 08:04,April 14,yes,2
2422,2423,one star. very disappointed. could be better.,14,85,13-04-2023 08:04,April 14,yes,1
2423,2424,it's okay. customer service was bad.,15,85,13-04-2023 08:04,April 14,no,3
2424,2425,met expectations. terrible product.,21,85,13-04-2023 08:04,April 14,yes,1
2425,2426,neither good nor bad. terrible product.,24,85,13-04-2023 08:04,April 14,no,2
2426,2427,missing features. missing features.,35,85,13-04-2023 08:04,April 14,no,4
2427,2428,difficult to use. difficult to use.,36,85,13-04-2023 08:04,April 14,yes,2
2428,2429,wonderful experience. love this product.,37,85,13-04-2023 08:04,April 14,yes,1
2429,2430,decent for the price. wonderful experience.,41,85,13-04-2023 08:04,April 14,no,2
2430,2431,one star. worst purchase.,47,85,13-04-2023 08:04,April 14,yes,0
2431,2432,customer service was bad. bad experience.,54,85,13-04-2023 08:04,April 14,no,5
2432,2433,poor quality. would not recommend.,57,85,13-04-2023 08:04,April 14,no,6
2433,2434,fantastic. highly recommend.,62,85,13-04-2023 08:04,April 14,yes,2
2434,2435,easy to use. excellent quality.,66,85,13-04-2023 08:04,April 14,yes,1
2435,2436,customer service was bad. poor quality. some pros and cons.,71,85,13-04-2023 08:04,April 14,no,3
2436,2437,very disappointed. broke easily.,72,85,13-04-2023 08:04,April 14,yes,1
2437,2438,fantastic. excellent quality. works as expected.,75,85,13-04-2023 08:04,April 14,no,2
2438,2439,decent for the price. missing features.,76,85,13-04-2023 08:04,April 14,no,4
2439,2440,broke easily. poor quality.,78,85,13-04-2023 08:04,April 14,yes,2
2440,2441,five stars. five stars.,82,85,13-04-2023 08:04,April 14,yes,1
2441,2442,some pros and cons. fantastic.,84,85,13-04-2023 08:04,April 14,no,2
2442,2443,nothing special. fantastic.,91,85,13-04-2023 08:04,April 14,yes,0
2443,2444,would not recommend. waste of money.,96,85,13-04-2023 08:04,April 14,no,5
2444,2445,worst purchase. one star.,97,85,13-04-2023 08:04,April 14,no,6
2445,2446,it's okay. great value.,2,86,13-04-2023 08:04,April 14,yes,2
2446,2447,very disappointed. terrible product. it's okay.,5,86,13-04-2023 08:04,April 14,yes,1
2447,2448,fantastic. exceeded expectations.,11,86,13-04-2023 08:04,April 14,no,3
2448,2449,very satisfied. exceeded expectations.,14,86,13-04-2023 08:04,April 14,yes,1
2449,2450,broke easily. bad experience.,17,86,13-04-2023 08:04,April 14,no,2
2450,2451,one star. waste of money.,21,86,13-04-2023 08:04,April 14,no,4
2451,2452,wonderful experience. wonderful experience.,24,86,13-04-2023 08:04,April 14,yes,2
2452,2453,highly recommend. great value. it's okay.,32,86,13-04-2023 08:04,April 14,yes,1
2453,2454,easy to use. works perfectly.,36,86,13-04-2023 08:04,April 14,no,2
2454,2455,waste of money. customer service was bad.,40,86,13-04-2023 08:04,April 14,yes,0
2455,2456,highly recommend. works perfectly. could be better.,41,86,13-04-2023 08:04,April 14,no,5
2456,2457,excellent quality. exceeded expectations. it's okay.,43,86,13-04-2023 08:04,April 14,no,6
2457,2458,met expectations. worst purchase.,44,86,13-04-2023 08:04,April 14,yes,2
2458,2459,decent for the price. highly recommend.,50,86,13-04-2023 08:04,April 14,yes,1
2459,2460,met expectations. one star.,54,86,13-04-2023 08:04,April 14,no,3
2460,2461,love this product. fantastic. met expectations.,57,86,13-04-2023 08:04,April 14,yes,1
2461,2462,one star. one star.,60,86,13-04-2023 08:04,April 14,no,2
2462,2463,customer service was bad. awful.,65,86,13-04-2023 08:04,April 14,no,4
2463,2464,average product. waste of money.,66,86,13-04-2023 08:04,April 14,yes,2
2464,2465,nothing special. does not work.,67,86,13-04-2023 08:04,April 14,yes,1
2465,2466,terrible product. terrible product.,69,86,13-04-2023 08:04,April 14,no,2
2466,2467,neither good nor bad. very satisfied.,71,86,13-04-2023 08:04,April 14,yes,0
2467,2468,best purchase ever. best purchase ever.,72,86,13-04-2023 08:04,April 14,no,5
2468,2469,fantastic. works perfectly. some pros and cons.,75,86,13-04-2023 08:04,April 14,no,6
2469,2470,could be better. easy to use.,76,86,13-04-2023 08:04,April 14,yes,2
2470,2471,decent for the price. waste of money.,91,86,13-04-2023 08:04,April 14,yes,1
2471,2472,amazing features. love this product.,97,86,13-04-2023 08:04,April 14,no,3
2472,2473,would not recommend. customer service was bad. works as expected.,98,86,13-04-2023 08:04,April 14,yes,1
2473,2474,average product. works perfectly.,5,87,13-04-2023 08:04,April 14,no,2
2474,2475,neither good nor bad. one star.,9,87,13-04-2023 08:04,April 14,no,4
2475,2476,wonderful experience. fantastic. average product.,10,87,13-04-2023 08:04,April 14,yes,2
2476,2477,decent for the price. terrible product.,11,87,13-04-2023 08:04,April 14,yes,1
2477,2478,does not work. waste of money.,12,87,13-04-2023 08:04,April 14,no,2
2478,2479,customer service was bad. worst purchase.,14,87,13-04-2023 08:04,April 14,yes,0
2479,2480,excellent quality. five stars. decent for the price.,21,87,13-04-2023 08:04,April 14,no,5
2480,2481,fantastic. excellent quality.,24,87,13-04-2023 08:04,April 14,no,6
2481,2482,broke easily. missing features.,36,87,13-04-2023 08:04,April 14,yes,2
2482,2483,poor quality. very disappointed.,41,87,13-04-2023 08:04,April 14,yes,1
2483,2484,one star. missing features. some pros and cons.,42,87,13-04-2023 08:04,April 14,no,3
2484,2485,broke easily. poor quality.,43,87,13-04-2023 08:04,April 14,yes,1
2485,2486,works perfectly. love this product.,47,87,13-04-2023 08:04,April 14,no,2
2486,2487,best purchase ever. easy to use.,54,87,13-04-2023 08:04,April 14,no,4
2487,2488,awful. difficult to use. neither good nor bad.,56,87,13-04-2023 08:04,April 14,yes,2
2488,2489,love this product. fantastic.,57,87,13-04-2023 08:04,April 14,yes,1
2489,2490,missing features. waste of money.,66,87,13-04-2023 08:04,April 14,no,2
2490,2491,met expectations. one star.,67,87,13-04-2023 08:04,April 14,yes,0
2491,2492,poor quality. customer service was bad.,71,87,13-04-2023 08:04,April 14,no,5
2492,2493,poor quality. waste of money.,73,87,13-04-2023 08:04,April 14,no,6
2493,2494,broke easily. very disappointed.,75,87,13-04-2023 08:04,April 14,yes,2
2494,2495,bad experience. poor quality.,76,87,13-04-2023 08:04,April 14,yes,1
2495,2496,very satisfied. five stars. could be better.,87,87,13-04-2023 08:04,April 14,no,3
2496,2497,broke easily. does not work.,91,87,13-04-2023 08:04,April 14,yes,1
2497,2498,waste of money. worst purchase. decent for the price.,99,87,13-04-2023 08:04,April 14,no,2
2498,2499,worst purchase. does not work.,5,88,13-04-2023 08:04,April 14,no,4
2499,2500,bad experience. broke easily.,10,88,13-04-2023 08:04,April 14,yes,2
2500,2501,terrible product. would not recommend.,14,88,13-04-2023 08:04,April 14,yes,1
2501,2502,waste of money. worst purchase.,15,88,13-04-2023 08:04,April 14,no,2
2502,2503,difficult to use. waste of money.,16,88,13-04-2023 08:04,April 14,yes,0
2503,2504,one star. broke easily.,17,88,13-04-2023 08:04,April 14,no,5
2504,2505,exceeded expectations. fantastic.,20,88,13-04-2023 08:04,April 14,no,6
2505,2506,would not recommend. awful. some pros and cons.,21,88,13-04-2023 08:04,April 14,yes,2
2506,2507,wonderful experience. five stars.,24,88,13-04-2023 08:04,April 14,yes,1
2507,2508,missing features. difficult to use.,28,88,13-04-2023 08:04,April 14,no,3
2508,2509,five stars. very satisfied.,31,88,13-04-2023 08:04,April 14,yes,1
2509,2510,some pros and cons. worst purchase.,32,88,13-04-2023 08:04,April 14,no,2
2510,2511,decent for the price. would not recommend.,36,88,13-04-2023 08:04,April 14,no,4
2511,2512,highly recommend. very satisfied. some pros and cons.,41,88,13-04-2023 08:04,April 14,yes,2
2512,2513,would not recommend. would not recommend. could be better.,47,88,13-04-2023 08:04,April 14,yes,1
2513,2514,bad experience. worst purchase.,48,88,13-04-2023 08:04,April 14,no,2
2514,2515,wonderful experience. works perfectly. could be better.,50,88,13-04-2023 08:04,April 14,yes,0
2515,2516,exceeded expectations. wonderful experience.,54,88,13-04-2023 08:04,April 14,no,5
2516,2517,highly recommend. works perfectly.,57,88,13-04-2023 08:04,April 14,no,6
2517,2518,decent for the price. works perfectly.,65,88,13-04-2023 08:04,April 14,yes,2
2518,2519,one star. does not work.,66,88,13-04-2023 08:04,April 14,yes,1
2519,2520,exceeded expectations. great value.,67,88,13-04-2023 08:04,April 14,no,3
2520,2521,would not recommend. customer service was bad.,71,88,13-04-2023 08:04,April 14,yes,1
2521,2522,poor quality. very disappointed.,72,88,13-04-2023 08:04,April 14,no,2
2522,2523,highly recommend. great value.,75,88,13-04-2023 08:04,April 14,no,4
2523,2524,best purchase ever. five stars. neither good nor bad.,76,88,13-04-2023 08:04,April 14,yes,2
2524,2525,works as expected. bad experience.,85,88,13-04-2023 08:04,April 14,yes,1
2525,2526,awful. difficult to use.,87,88,13-04-2023 08:04,April 14,no,2
2526,2527,neither good nor bad. highly recommend.,91,88,13-04-2023 08:04,April 14,yes,0
2527,2528,works perfectly. love this product.,92,88,13-04-2023 08:04,April 14,no,5
2528,2529,would not recommend. bad experience.,96,88,13-04-2023 08:04,April 14,no,6
2529,2530,it's okay. wonderful experience.,99,88,13-04-2023 08:04,April 14,yes,2
2530,2531,exceeded expectations. exceeded expectations.,2,89,13-04-2023 08:04,April 14,yes,1
2531,2532,very satisfied. excellent quality.,3,89,13-04-2023 08:04,April 14,no,3
2532,2533,broke easily. awful.,5,89,13-04-2023 08:04,April 14,yes,1
2533,2534,neither good nor bad. difficult to use.,11,89,13-04-2023 08:04,April 14,no,2
2534,2535,would not recommend. difficult to use.,13,89,13-04-2023 08:04,April 14,no,4
2535,2536,does not work. difficult to use. some pros and cons.,14,89,13-04-2023 08:04,April 14,yes,2
2536,2537,it's okay. fantastic.,19,89,13-04-2023 08:04,April 14,yes,1
2537,2538,could be better. does not work.,21,89,13-04-2023 08:04,April 14,no,2
2538,2539,waste of money. awful. decent for the price.,24,89,13-04-2023 08:04,April 14,yes,0
2539,2540,amazing features. five stars.,27,89,13-04-2023 08:04,April 14,no,5
2540,2541,easy to use. easy to use.,28,89,13-04-2023 08:04,April 14,no,6
2541,2542,works perfectly. very satisfied.,36,89,13-04-2023 08:04,April 14,yes,2
2542,2543,highly recommend. amazing features.,37,89,13-04-2023 08:04,April 14,yes,1
2543,2544,waste of money. missing features. works as expected.,41,89,13-04-2023 08:04,April 14,no,3
2544,2545,awful. very disappointed.,43,89,13-04-2023 08:04,April 14,yes,1
2545,2546,easy to use. best purchase ever.,50,89,13-04-2023 08:04,April 14,no,2
2546,2547,met expectations. highly recommend.,54,89,13-04-2023 08:04,April 14,no,4
2547,2548,love this product. love this product.,56,89,13-04-2023 08:04,April 14,yes,2
2548,2549,could be better. easy to use.,57,89,13-04-2023 08:04,April 14,yes,1
2549,2550,neither good nor bad. missing features.,61,89,13-04-2023 08:04,April 14,no,2
2550,2551,missing features. bad experience. nothing special.,66,89,13-04-2023 08:04,April 14,yes,0
2551,2552,love this product. five stars.,71,89,13-04-2023 08:04,April 14,no,5
2552,2553,highly recommend. highly recommend.,73,89,13-04-2023 08:04,April 14,no,6
2553,2554,it's okay. bad experience.,75,89,13-04-2023 08:04,April 14,yes,2
2554,2555,works perfectly. great value.,76,89,13-04-2023 08:04,April 14,yes,1
2555,2556,works as expected. exceeded expectations.,78,89,13-04-2023 08:04,April 14,no,3
2556,2557,nothing special. poor quality.,79,89,13-04-2023 08:04,April 14,yes,1
2557,2558,could be better. poor quality.,85,89,13-04-2023 08:04,April 14,no,2
2558,2559,could be better. love this product.,91,89,13-04-2023 08:04,April 14,no,4
2559,2560,five stars. love this product.,95,89,13-04-2023 08:04,April 14,yes,2
2560,2561,very satisfied. fantastic.,99,89,13-04-2023 08:04,April 14,yes,1
2561,2562,waste of money. broke easily. neither good nor bad.,100,89,13-04-2023 08:04,April 14,no,2
2562,2563,very satisfied. easy to use.,3,90,13-04-2023 08:04,April 14,yes,0
2563,2564,could be better. best purchase ever.,5,90,13-04-2023 08:04,April 14,no,5
2564,2565,customer service was bad. bad experience.,12,90,13-04-2023 08:04,April 14,no,6
2565,2566,customer service was bad. missing features.,14,90,13-04-2023 08:04,April 14,yes,2
2566,2567,one star. difficult to use. average product.,20,90,13-04-2023 08:04,April 14,yes,1
2567,2568,one star. awful.,21,90,13-04-2023 08:04,April 14,no,3
2568,2569,broke easily. bad experience.,24,90,13-04-2023 08:04,April 14,yes,1
2569,2570,five stars. works perfectly.,33,90,13-04-2023 08:04,April 14,no,2
2570,2571,broke easily. worst purchase.,36,90,13-04-2023 08:04,April 14,no,4
2571,2572,one star. poor quality.,38,90,13-04-2023 08:04,April 14,yes,2
2572,2573,waste of money. broke easily.,40,90,13-04-2023 08:04,April 14,yes,1
2573,2574,amazing features. wonderful experience.,41,90,13-04-2023 08:04,April 14,no,2
2574,2575,terrible product. missing features.,42,90,13-04-2023 08:04,April 14,yes,0
2575,2576,bad experience. customer service was bad. met expectations.,43,90,13-04-2023 08:04,April 14,no,5
2576,2577,poor quality. does not work.,48,90,13-04-2023 08:04,April 14,no,6
2577,2578,highly recommend. wonderful experience.,54,90,13-04-2023 08:04,April 14,yes,2
2578,2579,it's okay. missing features.,55,90,13-04-2023 08:04,April 14,yes,1
2579,2580,awful. difficult to use. neither good nor bad.,57,90,13-04-2023 08:04,April 14,no,3
2580,2581,excellent quality. fantastic.,60,90,13-04-2023 08:04,April 14,yes,1
2581,2582,terrible product. broke easily.,63,90,13-04-2023 08:04,April 14,no,2
2582,2583,does not work. would not recommend.,66,90,13-04-2023 08:04,April 14,no,4
2583,2584,fantastic. works perfectly.,71,90,13-04-2023 08:04,April 14,yes,2
2584,2585,missing features. difficult to use. it's okay.,73,90,13-04-2023 08:04,April 14,yes,1
2585,2586,exceeded expectations. great value.,75,90,13-04-2023 08:04,April 14,no,2
2586,2587,would not recommend. poor quality.,76,90,13-04-2023 08:04,April 14,yes,0
2587,2588,very satisfied. exceeded expectations.,78,90,13-04-2023 08:04,April 14,no,5
2588,2589,easy to use. wonderful experience.,79,90,13-04-2023 08:04,April 14,no,6
2589,2590,easy to use. works perfectly.,82,90,13-04-2023 08:04,April 14,yes,2
2590,2591,very disappointed. waste of money. decent for the price.,87,90,13-04-2023 08:04,April 14,yes,1
2591,2592,poor quality. difficult to use.,91,90,13-04-2023 08:04,April 14,no,3
2592,2593,love this product. highly recommend.,93,90,13-04-2023 08:04,April 14,yes,1
2593,2594,decent for the price. worst purchase.,96,90,13-04-2023 08:04,April 14,no,2
2594,2595,easy to use. great value.,4,91,13-04-2023 08:04,April 14,no,4
2595,2596,terrible product. waste of money.,5,91,13-04-2023 08:04,April 14,yes,2
2596,2597,met expectations. waste of money.,6,91,13-04-2023 08:04,April 14,yes,1
2597,2598,does not work. customer service was bad.,14,91,13-04-2023 08:04,April 14,no,2
2598,2599,bad experience. customer service was bad.,19,91,13-04-2023 08:04,April 14,yes,0
2599,2600,great value. very satisfied.,20,91,13-04-2023 08:04,April 14,no,5
2600,2601,customer service was bad. worst purchase.,21,91,13-04-2023 08:04,April 14,no,6
2601,2602,amazing features. best purchase ever.,24,91,13-04-2023 08:04,April 14,yes,2
2602,2603,some pros and cons. love this product.,27,91,13-04-2023 08:04,April 14,yes,1
2603,2604,it's okay. excellent quality.,36,91,13-04-2023 08:04,April 14,no,3
2604,2605,it's okay. wonderful experience.,38,91,13-04-2023 08:04,April 14,yes,1
2605,2606,wonderful experience. great value.,39,91,13-04-2023 08:04,April 14,no,2
2606,2607,decent for the price. customer service was bad.,41,91,13-04-2023 08:04,April 14,no,4
2607,2608,bad experience. does not work.,44,91,13-04-2023 08:04,April 14,yes,2
2608,2609,amazing features. very satisfied.,54,91,13-04-2023 08:04,April 14,yes,1
2609,2610,missing features. does not work. met expectations.,57,91,13-04-2023 08:04,April 14,no,2
2610,2611,poor quality. missing features.,61,91,13-04-2023 08:04,April 14,yes,0
2611,2612,some pros and cons. does not work.,66,91,13-04-2023 08:04,April 14,no,5
2612,2613,one star. would not recommend.,67,91,13-04-2023 08:04,April 14,no,6
2613,2614,wonderful experience. very satisfied.,71,91,13-04-2023 08:04,April 14,yes,2
2614,2615,works perfectly. works perfectly.,75,91,13-04-2023 08:04,April 14,yes,1
2615,2616,average product. terrible product.,76,91,13-04-2023 08:04,April 14,no,3
2616,2617,poor quality. bad experience. some pros and cons.,91,91,13-04-2023 08:04,April 14,yes,1
2617,2618,wonderful experience. easy to use.,92,91,13-04-2023 08:04,April 14,no,2
2618,2619,works perfectly. five stars.,95,91,13-04-2023 08:04,April 14,no,4
2619,2620,love this product. easy to use.,96,91,13-04-2023 08:04,April 14,yes,2
2620,2621,great value. great value.,97,91,13-04-2023 08:04,April 14,yes,1
2621,2622,bad experience. broke easily. could be better.,100,91,13-04-2023 08:04,April 14,no,2
2622,2623,average product. five stars.,5,92,13-04-2023 08:04,April 14,yes,0
2623,2624,terrible product. worst purchase.,9,92,13-04-2023 08:04,April 14,no,5
2624,2625,love this product. very satisfied.,10,92,13-04-2023 08:04,April 14,no,6
2625,2626,it's okay. one star.,14,92,13-04-2023 08:04,April 14,yes,2
2626,2627,easy to use. great value.,20,92,13-04-2023 08:04,April 14,yes,1
2627,2628,love this product. five stars. decent for the price.,21,92,13-04-2023 08:04,April 14,no,3
2628,2629,great value. five stars. average product.,24,92,13-04-2023 08:04,April 14,yes,1
2629,2630,awful. bad experience.,32,92,13-04-2023 08:04,April 14,no,2
2630,2631,bad experience. very disappointed. nothing special.,36,92,13-04-2023 08:04,April 14,no,4
2631,2632,wonderful experience. best purchase ever. works as expected.,38,92,13-04-2023 08:04,April 14,yes,2
2632,2633,exceeded expectations. great value.,39,92,13-04-2023 08:04,April 14,yes,1
2633,2634,works as expected. fantastic.,41,92,13-04-2023 08:04,April 14,no,2
2634,2635,difficult to use. broke easily. works as expected.,44,92,13-04-2023 08:04,April 14,yes,0
2635,2636,amazing features. highly recommend.,48,92,13-04-2023 08:04,April 14,no,5
2636,2637,some pros and cons. works perfectly.,54,92,13-04-2023 08:04,April 14,no,6
2637,2638,decent for the price. waste of money.,57,92,13-04-2023 08:04,April 14,yes,2
2638,2639,nothing special. worst purchase.,66,92,13-04-2023 08:04,April 14,yes,1
2639,2640,exceeded expectations. wonderful experience.,71,92,13-04-2023 08:04,April 14,no,3
2640,2641,difficult to use. missing features.,72,92,13-04-2023 08:04,April 14,yes,1
2641,2642,very disappointed. does not work.,75,92,13-04-2023 08:04,April 14,no,2
2642,2643,five stars. very satisfied.,76,92,13-04-2023 08:04,April 14,no,4
2643,2644,poor quality. would not recommend.,78,92,13-04-2023 08:04,April 14,yes,2
2644,2645,one star. awful.,82,92,13-04-2023 08:04,April 14,yes,1
2645,2646,average product. very disappointed.,87,92,13-04-2023 08:04,April 14,no,2
2646,2647,broke easily. awful. met expectations.,91,92,13-04-2023 08:04,April 14,yes,0
2647,2648,highly recommend. highly recommend. neither good nor bad.,96,92,13-04-2023 08:04,April 14,no,5
2648,2649,great value. easy to use. some pros and cons.,2,93,13-04-2023 08:04,April 14,no,6
2649,2650,it's okay. difficult to use.,5,93,13-04-2023 08:04,April 14,yes,2
2650,2651,would not recommend. one star. neither good nor bad.,10,93,13-04-2023 08:04,April 14,yes,1
2651,2652,best purchase ever. wonderful experience. average product.,12,93,13-04-2023 08:04,April 14,no,3
2652,2653,poor quality. very disappointed.,14,93,13-04-2023 08:04,April 14,yes,1
2653,2654,amazing features. fantastic. could be better.,15,93,13-04-2023 08:04,April 14,no,2
2654,2655,neither good nor bad. highly recommend.,19,93,13-04-2023 08:04,April 14,no,4
2655,2656,great value. best purchase ever.,21,93,13-04-2023 08:04,April 14,yes,2
2656,2657,broke easily. one star.,24,93,13-04-2023 08:04,April 14,yes,1
2657,2658,fantastic. works perfectly. neither good nor bad.,30,93,13-04-2023 08:04,April 14,no,2
2658,2659,missing features. difficult to use. could be better.,32,93,13-04-2023 08:04,April 14,yes,0
2659,2660,poor quality. does not work.,33,93,13-04-2023 08:04,April 14,no,5
2660,2661,difficult to use. bad experience.,35,93,13-04-2023 08:04,April 14,no,6
2661,2662,bad experience. missing features.,36,93,13-04-2023 08:04,April 14,yes,2
2662,2663,amazing features. works perfectly.,39,93,13-04-2023 08:04,April 14,yes,1
2663,2664,fantastic. wonderful experience.,41,93,13-04-2023 08:04,April 14,no,3
2664,2665,missing features. one star.,46,93,13-04-2023 08:04,April 14,yes,1
2665,2666,amazing features. wonderful experience.,54,93,13-04-2023 08:04,April 14,no,2
2666,2667,five stars. works perfectly. average product.,57,93,13-04-2023 08:04,April 14,no,4
2667,2668,works perfectly. best purchase ever.,66,93,13-04-2023 08:04,April 14,yes,2
2668,2669,decent for the price. amazing features.,67,93,13-04-2023 08:04,April 14,yes,1
2669,2670,very disappointed. would not recommend. average product.,71,93,13-04-2023 08:04,April 14,no,2
2670,2671,very disappointed. would not recommend.,75,93,13-04-2023 08:04,April 14,yes,0
2671,2672,fantastic. excellent quality.,76,93,13-04-2023 08:04,April 14,no,5
2672,2673,it's okay. bad experience.,85,93,13-04-2023 08:04,April 14,no,6
2673,2674,difficult to use. bad experience.,91,93,13-04-2023 08:04,April 14,yes,2
2674,2675,great value. great value. it's okay.,93,93,13-04-2023 08:04,April 14,yes,1
2675,2676,nothing special. waste of money.,95,93,13-04-2023 08:04,April 14,no,3
2676,2677,amazing features. very satisfied.,100,93,13-04-2023 08:04,April 14,yes,1
2677,2678,amazing features. five stars.,2,94,13-04-2023 08:04,April 14,no,2
2678,2679,broke easily. customer service was bad.,3,94,13-04-2023 08:04,April 14,no,4
2679,2680,neither good nor bad. love this product.,4,94,13-04-2023 08:04,April 14,yes,2
2680,2681,waste of money. awful.,5,94,13-04-2023 08:04,April 14,yes,1
2681,2682,very disappointed. awful.,10,94,13-04-2023 08:04,April 14,no,2
2682,2683,works as expected. fantastic.,14,94,13-04-2023 08:04,April 14,yes,0
2683,2684,works as expected. five stars.,17,94,13-04-2023 08:04,April 14,no,5
2684,2685,worst purchase. terrible product. nothing special.,20,94,13-04-2023 08:04,April 14,no,6
2685,2686,one star. customer service was bad.,21,94,13-04-2023 08:04,April 14,yes,2
2686,2687,fantastic. love this product.,24,94,13-04-2023 08:04,April 14,yes,1
2687,2688,broke easily. missing features. could be better.,31,94,13-04-2023 08:04,April 14,no,3
2688,2689,excellent quality. works perfectly. met expectations.,35,94,13-04-2023 08:04,April 14,yes,1
2689,2690,worst purchase. does not work.,36,94,13-04-2023 08:04,April 14,no,2
2690,2691,love this product. works perfectly. decent for the price.,39,94,13-04-2023 08:04,April 14,no,4
2691,2692,easy to use. excellent quality.,41,94,13-04-2023 08:04,April 14,yes,2
2692,2693,works perfectly. best purchase ever.,43,94,13-04-2023 08:04,April 14,yes,1
2693,2694,wonderful experience. love this product. nothing special.,54,94,13-04-2023 08:04,April 14,no,2
2694,2695,terrible product. broke easily.,57,94,13-04-2023 08:04,April 14,yes,0
2695,2696,five stars. works perfectly.,60,94,13-04-2023 08:04,April 14,no,5
2696,2697,nothing special. easy to use.,63,94,13-04-2023 08:04,April 14,no,6
2697,2698,decent for the price. fantastic.,65,94,13-04-2023 08:04,April 14,yes,2
2698,2699,some pros and cons. poor quality.,66,94,13-04-2023 08:04,April 14,yes,1
2699,2700,broke easily. one star. neither good nor bad.,67,94,13-04-2023 08:04,April 14,no,3
2700,2701,bad experience. very disappointed.,71,94,13-04-2023 08:04,April 14,yes,1
2701,2702,poor quality. difficult to use. some pros and cons.,72,94,13-04-2023 08:04,April 14,no,2
2702,2703,fantastic. great value.,75,94,13-04-2023 08:04,April 14,no,4
2703,2704,very disappointed. worst purchase.,76,94,13-04-2023 08:04,April 14,yes,2
2704,2705,customer service was bad. terrible product.,82,94,13-04-2023 08:04,April 14,yes,1
2705,2706,terrible product. customer service was bad.,84,94,13-04-2023 08:04,April 14,no,2
2706,2707,it's okay. fantastic.,91,94,13-04-2023 08:04,April 14,yes,0
2707,2708,met expectations. easy to use.,2,95,13-04-2023 08:04,April 14,no,5
2708,2709,worst purchase. would not recommend. average product.,3,95,13-04-2023 08:04,April 14,no,6
2709,2710,customer service was bad. customer service was bad. neither good nor bad.,4,95,13-04-2023 08:04,April 14,yes,2
2710,2711,works as expected. highly recommend.,5,95,13-04-2023 08:04,April 14,yes,1
2711,2712,could be better. wonderful experience.,8,95,13-04-2023 08:04,April 14,no,3
2712,2713,does not work. would not recommend.,14,95,13-04-2023 08:04,April 14,yes,1
2713,2714,one star. customer service was bad. average product.,15,95,13-04-2023 08:04,April 14,no,2
2714,2715,neither good nor bad. fantastic.,16,95,13-04-2023 08:04,April 14,no,4
2715,2716,very satisfied. excellent quality. decent for the price.,17,95,13-04-2023 08:04,April 14,yes,2
2716,2717,wonderful experience. easy to use.,21,95,13-04-2023 08:04,April 14,yes,1
2717,2718,difficult to use. very disappointed. average product.,24,95,13-04-2023 08:04,April 14,no,2
2718,2719,very disappointed. awful. works as expected.,27,95,13-04-2023 08:04,April 14,yes,0
2719,2720,would not recommend. would not recommend. works as expected.,28,95,13-04-2023 08:04,April 14,no,5
2720,2721,highly recommend. very satisfied.,32,95,13-04-2023 08:04,April 14,no,6
2721,2722,neither good nor bad. excellent quality.,33,95,13-04-2023 08:04,April 14,yes,2
2722,2723,does not work. bad experience. nothing special.,36,95,13-04-2023 08:04,April 14,yes,1
2723,2724,awful. missing features.,41,95,13-04-2023 08:04,April 14,no,3
2724,2725,difficult to use. missing features. works as expected.,44,95,13-04-2023 08:04,April 14,yes,1
2725,2726,exceeded expectations. exceeded expectations.,46,95,13-04-2023 08:04,April 14,no,2
2726,2727,excellent quality. five stars. average product.,47,95,13-04-2023 08:04,April 14,no,4
2727,2728,works as expected. great value.,48,95,13-04-2023 08:04,April 14,yes,2
2728,2729,some pros and cons. worst purchase.,50,95,13-04-2023 08:04,April 14,yes,1
2729,2730,best purchase ever. exceeded expectations.,54,95,13-04-2023 08:04,April 14,no,2
2730,2731,love this product. wonderful experience.,56,95,13-04-2023 08:04,April 14,yes,0
2731,2732,highly recommend. five stars. decent for the price.,57,95,13-04-2023 08:04,April 14,no,5
2732,2733,bad experience. waste of money.,62,95,13-04-2023 08:04,April 14,no,6
2733,2734,best purchase ever. great value.,66,95,13-04-2023 08:04,April 14,yes,2
2734,2735,some pros and cons. highly recommend.,71,95,13-04-2023 08:04,April 14,yes,1
2735,2736,bad experience. does not work.,73,95,13-04-2023 08:04,April 14,no,3
2736,2737,highly recommend. very satisfied.,75,95,13-04-2023 08:04,April 14,yes,1
2737,2738,very satisfied. highly recommend.,76,95,13-04-2023 08:04,April 14,no,2
2738,2739,would not recommend. poor quality.,82,95,13-04-2023 08:04,April 14,no,4
2739,2740,best purchase ever. highly recommend. average product.,85,95,13-04-2023 08:04,April 14,yes,2
2740,2741,easy to use. highly recommend.,87,95,13-04-2023 08:04,April 14,yes,1
2741,2742,works as expected. poor quality.,91,95,13-04-2023 08:04,April 14,no,2
2742,2743,average product. love this product.,3,96,13-04-2023 08:04,April 14,yes,0
2743,2744,exceeded expectations. easy to use. neither good nor bad.,5,96,13-04-2023 08:04,April 14,no,5
2744,2745,terrible product. terrible product.,6,96,13-04-2023 08:04,April 14,no,6
2745,2746,difficult to use. poor quality.,14,96,13-04-2023 08:04,April 14,yes,2
2746,2747,exceeded expectations. fantastic. works as expected.,21,96,13-04-2023 08:04,April 14,yes,1
2747,2748,excellent quality. love this product.,24,96,13-04-2023 08:04,April 14,no,3
2748,2749,wonderful experience. best purchase ever.,28,96,13-04-2023 08:04,April 14,yes,1
2749,2750,waste of money. very disappointed. met expectations.,35,96,13-04-2023 08:04,April 14,no,2
2750,2751,poor quality. worst purchase.,36,96,13-04-2023 08:04,April 14,no,4
2751,2752,best purchase ever. amazing features. nothing special.,41,96,13-04-2023 08:04,April 14,yes,2
2752,2753,five stars. highly recommend. average product.,43,96,13-04-2023 08:04,April 14,yes,1
2753,2754,one star. waste of money.,54,96,13-04-2023 08:04,April 14,no,2
2754,2755,great value. excellent quality. average product.,56,96,13-04-2023 08:04,April 14,yes,0
2755,2756,would not recommend. bad experience. nothing special.,57,96,13-04-2023 08:04,April 14,no,5
2756,2757,would not recommend. poor quality.,63,96,13-04-2023 08:04,April 14,no,6
2757,2758,great value. highly recommend.,66,96,13-04-2023 08:04,April 14,yes,2
2758,2759,neither good nor bad. difficult to use.,69,96,13-04-2023 08:04,April 14,yes,1
2759,2760,five stars. excellent quality.,70,96,13-04-2023 08:04,April 14,no,3
2760,2761,it's okay. works perfectly.,71,96,13-04-2023 08:04,April 14,yes,1
2761,2762,very disappointed. customer service was bad.,73,96,13-04-2023 08:04,April 14,no,2
2762,2763,great value. amazing features.,75,96,13-04-2023 08:04,April 14,no,4
2763,2764,broke easily. missing features.,76,96,13-04-2023 08:04,April 14,yes,2
2764,2765,broke easily. difficult to use.,78,96,13-04-2023 08:04,April 14,yes,1
2765,2766,works as expected. does not work.,91,96,13-04-2023 08:04,April 14,no,2
2766,2767,terrible product. terrible product.,97,96,13-04-2023 08:04,April 14,yes,0
2767,2768,works perfectly. five stars. nothing special.,98,96,13-04-2023 08:04,April 14,no,5
2768,2769,highly recommend. works perfectly.,2,97,13-04-2023 08:04,April 14,no,6
2769,2770,some pros and cons. highly recommend.,4,97,13-04-2023 08:04,April 14,yes,2
2770,2771,works perfectly. fantastic. works as expected.,5,97,13-04-2023 08:04,April 14,yes,1
2771,2772,would not recommend. awful. neither good nor bad.,9,97,13-04-2023 08:04,April 14,no,3
2772,2773,met expectations. does not work.,10,97,13-04-2023 08:04,April 14,yes,1
2773,2774,love this product. works perfectly.,14,97,13-04-2023 08:04,April 14,no,2
2774,2775,neither good nor bad. bad experience.,16,97,13-04-2023 08:04,April 14,no,4
2775,2776,very satisfied. five stars.,17,97,13-04-2023 08:04,April 14,yes,2
2776,2777,amazing features. wonderful experience.,20,97,13-04-2023 08:04,April 14,yes,1
2777,2778,terrible product. difficult to use.,21,97,13-04-2023 08:04,April 14,no,2
2778,2779,neither good nor bad. exceeded expectations.,24,97,13-04-2023 08:04,April 14,yes,0
2779,2780,bad experience. does not work. works as expected.,26,97,13-04-2023 08:04,April 14,no,5
2780,2781,highly recommend. wonderful experience.,33,97,13-04-2023 08:04,April 14,no,6
2781,2782,very disappointed. would not recommend.,36,97,13-04-2023 08:04,April 14,yes,2
2782,2783,terrible product. poor quality. some pros and cons.,39,97,13-04-2023 08:04,April 14,yes,1
2783,2784,love this product. five stars.,41,97,13-04-2023 08:04,April 14,no,3
2784,2785,broke easily. very disappointed. it's okay.,43,97,13-04-2023 08:04,April 14,yes,1
2785,2786,awful. bad experience. nothing special.,52,97,13-04-2023 08:04,April 14,no,2
2786,2787,customer service was bad. missing features.,54,97,13-04-2023 08:04,April 14,no,4
2787,2788,exceeded expectations. exceeded expectations.,57,97,13-04-2023 08:04,April 14,yes,2
2788,2789,best purchase ever. easy to use.,63,97,13-04-2023 08:04,April 14,yes,1
2789,2790,nothing special. waste of money.,66,97,13-04-2023 08:04,April 14,no,2
2790,2791,best purchase ever. wonderful experience.,69,97,13-04-2023 08:04,April 14,yes,0
2791,2792,great value. amazing features.,71,97,13-04-2023 08:04,April 14,no,5
2792,2793,customer service was bad. broke easily.,72,97,13-04-2023 08:04,April 14,no,6
2793,2794,exceeded expectations. great value.,75,97,13-04-2023 08:04,April 14,yes,2
2794,2795,works perfectly. easy to use.,76,97,13-04-2023 08:04,April 14,yes,1
2795,2796,exceeded expectations. best purchase ever.,85,97,13-04-2023 08:04,April 14,no,3
2796,2797,could be better. one star.,91,97,13-04-2023 08:04,April 14,yes,1
2797,2798,difficult to use. broke easily.,92,97,13-04-2023 08:04,April 14,no,2
2798,2799,love this product. amazing features. met expectations.,98,97,13-04-2023 08:04,April 14,no,4
2799,2800,exceeded expectations. best purchase ever.,100,97,13-04-2023 08:04,April 14,yes,2
2800,2801,worst purchase. one star. works as expected.,3,98,13-04-2023 08:04,April 14,yes,1
2801,2802,works perfectly. fantastic. nothing special.,5,98,13-04-2023 08:04,April 14,no,2
2802,2803,wonderful experience. fantastic.,6,98,13-04-2023 08:04,April 14,yes,0
2803,2804,wonderful experience. great value. neither good nor bad.,10,98,13-04-2023 08:04,April 14,no,5
2804,2805,terrible product. waste of money.,14,98,13-04-2023 08:04,April 14,no,6
2805,2806,awful. awful.,16,98,13-04-2023 08:04,April 14,yes,2
2806,2807,one star. worst purchase.,21,98,13-04-2023 08:04,April 14,yes,1
2807,2808,very disappointed. waste of money.,24,98,13-04-2023 08:04,April 14,no,3
2808,2809,broke easily. one star. works as expected.,31,98,13-04-2023 08:04,April 14,yes,1
2809,2810,it's okay. amazing features.,36,98,13-04-2023 08:04,April 14,no,2
2810,2811,awful. difficult to use.,37,98,13-04-2023 08:04,April 14,no,4
2811,2812,very satisfied. excellent quality.,41,98,13-04-2023 08:04,April 14,yes,2
2812,2813,one star. bad experience. some pros and cons.,42,98,13-04-2023 08:04,April 14,yes,1
2813,2814,met expectations. awful.,50,98,13-04-2023 08:04,April 14,no,2
2814,2815,difficult to use. awful.,54,98,13-04-2023 08:04,April 14,yes,0
2815,2816,terrible product. does not work.,56,98,13-04-2023 08:04,April 14,no,5
2816,2817,best purchase ever. works perfectly. works as expected.,57,98,13-04-2023 08:04,April 14,no,6
2817,2818,five stars. works perfectly.,66,98,13-04-2023 08:04,April 14,yes,2
2818,2819,amazing features. amazing features. neither good nor bad.,67,98,13-04-2023 08:04,April 14,yes,1
2819,2820,average product. terrible product.,70,98,13-04-2023 08:04,April 14,no,3
2820,2821,fantastic. works perfectly.,71,98,13-04-2023 08:04,April 14,yes,1
2821,2822,nothing special. broke easily.,75,98,13-04-2023 08:04,April 14,no,2
2822,2823,worst purchase. awful.,76,98,13-04-2023 08:04,April 14,no,4
2823,2824,great value. very satisfied.,84,98,13-04-2023 08:04,April 14,yes,2
2824,2825,worst purchase. poor quality.,91,98,13-04-2023 08:04,April 14,yes,1
2825,2826,average product. difficult to use.,93,98,13-04-2023 08:04,April 14,no,2
2826,2827,works perfectly. excellent quality.,94,98,13-04-2023 08:04,April 14,yes,0
2827,2828,love this product. highly recommend. it's okay.,95,98,13-04-2023 08:04,April 14,no,5
2828,2829,excellent quality. wonderful experience.,5,99,13-04-2023 08:04,April 14,no,6
2829,2830,works as expected. best purchase ever.,14,99,13-04-2023 08:04,April 14,yes,2
2830,2831,average product. wonderful experience.,15,99,13-04-2023 08:04,April 14,yes,1
2831,2832,exceeded expectations. easy to use.,16,99,13-04-2023 08:04,April 14,no,3
2832,2833,would not recommend. bad experience.,17,99,13-04-2023 08:04,April 14,yes,1
2833,2834,highly recommend. love this product. works as expected.,20,99,13-04-2023 08:04,April 14,no,2
2834,2835,waste of money. would not recommend.,21,99,13-04-2023 08:04,April 14,no,4
2835,2836,worst purchase. bad experience. could be better.,22,99,13-04-2023 08:04,April 14,yes,2
2836,2837,works as expected. worst purchase.,24,99,13-04-2023 08:04,April 14,yes,1
2837,2838,great value. best purchase ever.,26,99,13-04-2023 08:04,April 14,no,2
2838,2839,very disappointed. awful.,33,99,13-04-2023 08:04,April 14,yes,0
2839,2840,great value. easy to use. average product.,35,99,13-04-2023 08:04,April 14,no,5
2840,2841,wonderful experience. excellent quality.,36,99,13-04-2023 08:04,April 14,no,6
2841,2842,worst purchase. does not work.,38,99,13-04-2023 08:04,April 14,yes,2
2842,2843,exceeded expectations. five stars. could be better.,39,99,13-04-2023 08:04,April 14,yes,1
2843,2844,one star. difficult to use.,41,99,13-04-2023 08:04,April 14,no,3
2844,2845,customer service was bad. does not work.,46,99,13-04-2023 08:04,April 14,yes,1
2845,2846,nothing special. love this product.,48,99,13-04-2023 08:04,April 14,no,2
2846,2847,best purchase ever. excellent quality. met expectations.,50,99,13-04-2023 08:04,April 14,no,4
2847,2848,terrible product. customer service was bad.,54,99,13-04-2023 08:04,April 14,yes,2
2848,2849,does not work. broke easily.,57,99,13-04-2023 08:04,April 14,yes,1
2849,2850,met expectations. customer service was bad.,66,99,13-04-2023 08:04,April 14,no,2
2850,2851,met expectations. missing features.,67,99,13-04-2023 08:04,April 14,yes,0
2851,2852,fantastic. fantastic.,70,99,13-04-2023 08:04,April 14,no,5
2852,2853,could be better. terrible product.,71,99,13-04-2023 08:04,April 14,no,6
2853,2854,decent for the price. would not recommend.,72,99,13-04-2023 08:04,April 14,yes,2
2854,2855,love this product. works perfectly.,75,99,13-04-2023 08:04,April 14,yes,1
2855,2856,works as expected. bad experience.,76,99,13-04-2023 08:04,April 14,no,3
2856,2857,easy to use. excellent quality.,84,99,13-04-2023 08:04,April 14,yes,1
2857,2858,would not recommend. difficult to use. works as expected.,91,99,13-04-2023 08:04,April 14,no,2
2858,2859,wonderful experience. highly recommend.,93,99,13-04-2023 08:04,April 14,no,4
2859,2860,one star. customer service was bad.,98,99,13-04-2023 08:04,April 14,yes,2
2860,2861,difficult to use. bad experience.,4,100,13-04-2023 08:04,April 14,yes,1
2861,2862,some pros and cons. bad experience.,5,100,13-04-2023 08:04,April 14,no,2
2862,2863,works perfectly. great value.,14,100,13-04-2023 08:04,April 14,yes,0
2863,2864,worst purchase. difficult to use.,21,100,13-04-2023 08:04,April 14,no,5
2864,2865,love this product. easy to use.,24,100,13-04-2023 08:04,April 14,no,6
2865,2866,works perfectly. amazing features.,26,100,13-04-2023 08:04,April 14,yes,2
2866,2867,poor quality. missing features.,27,100,13-04-2023 08:04,April 14,yes,1
2867,2868,customer service was bad. terrible product.,30,100,13-04-2023 08:04,April 14,no,3
2868,2869,would not recommend. would not recommend. it's okay.,32,100,13-04-2023 08:04,April 14,yes,1
2869,2870,five stars. very satisfied. average product.,36,100,13-04-2023 08:04,April 14,no,2
2870,2871,terrible product. bad experience. met expectations.,38,100,13-04-2023 08:04,April 14,no,4
2871,2872,wonderful experience. best purchase ever.,41,100,13-04-2023 08:04,April 14,yes,2
2872,2873,does not work. difficult to use.,42,100,13-04-2023 08:04,April 14,yes,1
2873,2874,customer service was bad. terrible product.,43,100,13-04-2023 08:04,April 14,no,2
2874,2875,some pros and cons. five stars.,47,100,13-04-2023 08:04,April 14,yes,0
2875,2876,very disappointed. would not recommend.,50,100,13-04-2023 08:04,April 14,no,5
2876,2877,difficult to use. does not work.,54,100,13-04-2023 08:04,April 14,no,6
2877,2878,customer service was bad. bad experience.,55,100,13-04-2023 08:04,April 14,yes,2
2878,2879,excellent quality. love this product.,57,100,13-04-2023 08:04,April 14,yes,1
2879,2880,customer service was bad. difficult to use. could be better.,61,100,13-04-2023 08:04,April 14,no,3
2880,2881,works as expected. terrible product.,66,100,13-04-2023 08:04,April 14,yes,1
2881,2882,great value. love this product.,71,100,13-04-2023 08:04,April 14,no,2
2882,2883,met expectations. five stars.,75,100,13-04-2023 08:04,April 14,no,4
2883,2884,broke easily. terrible product.,76,100,13-04-2023 08:04,April 14,yes,2
2884,2885,excellent quality. wonderful experience.,91,100,13-04-2023 08:04,April 14,yes,1
2885,2886,it's okay. very disappointed.,95,100,13-04-2023 08:04,April 14,no,2
2886,2887,waste of money. worst purchase. average product.,99,100,13-04-2023 08:04,April 14,yes,0
2887,2888,best purchase ever. wonderful experience.,5,101,13-04-2023 08:04,April 14,no,5
2888,2889,highly recommend. wonderful experience.,6,101,13-04-2023 08:04,April 14,no,6
2889,2890,neither good nor bad. difficult to use.,14,101,13-04-2023 08:04,April 14,yes,2
2890,2891,works perfectly. easy to use.,21,101,13-04-2023 08:04,April 14,yes,1
2891,2892,difficult to use. does not work.,24,101,13-04-2023 08:04,April 14,no,3
2892,2893,terrible product. bad experience.,33,101,13-04-2023 08:04,April 14,yes,1
2893,2894,would not recommend. waste of money.,36,101,13-04-2023 08:04,April 14,no,2
2894,2895,worst purchase. does not work.,39,101,13-04-2023 08:04,April 14,no,4
2895,2896,customer service was bad. broke easily.,41,101,13-04-2023 08:04,April 14,yes,2
2896,2897,missing features. difficult to use.,54,101,13-04-2023 08:04,April 14,yes,1
2897,2898,missing features. waste of money.,57,101,13-04-2023 08:04,April 14,no,2
2898,2899,fantastic. fantastic.,60,101,13-04-2023 08:04,April 14,yes,0
2899,2900,amazing features. five stars. some pros and cons.,61,101,13-04-2023 08:04,April 14,no,5
2900,2901,excellent quality. fantastic.,63,101,13-04-2023 08:04,April 14,no,6
2901,2902,wonderful experience. fantastic. it's okay.,65,101,13-04-2023 08:04,April 14,yes,2
2902,2903,bad experience. poor quality. it's okay.,66,101,13-04-2023 08:04,April 14,yes,1
2903,2904,fantastic. fantastic.,71,101,13-04-2023 08:04,April 14,no,3
2904,2905,exceeded expectations. five stars. works as expected.,75,101,13-04-2023 08:04,April 14,yes,1
2905,2906,worst purchase. worst purchase. it's okay.,76,101,13-04-2023 08:04,April 14,no,2
2906,2907,terrible product. worst purchase.,91,101,13-04-2023 08:04,April 14,no,4
2907,2908,fantastic. works perfectly.,92,101,13-04-2023 08:04,April 14,yes,2
2908,2909,would not recommend. waste of money.,94,101,13-04-2023 08:04,April 14,yes,1
2909,2910,love this product. amazing features.,96,101,13-04-2023 08:04,April 14,no,2
2910,2911,would not recommend. difficult to use.,2,102,13-04-2023 08:04,April 14,yes,0
2911,2912,neither good nor bad. amazing features.,4,102,13-04-2023 08:04,April 14,no,5
2912,2913,highly recommend. wonderful experience.,5,102,13-04-2023 08:04,April 14,no,6
2913,2914,one star. worst purchase.,8,102,13-04-2023 08:04,April 14,yes,2
2914,2915,five stars. highly recommend. some pros and cons.,11,102,13-04-2023 08:04,April 14,yes,1
2915,2916,excellent quality. highly recommend.,14,102,13-04-2023 08:04,April 14,no,3
2916,2917,nothing special. works perfectly.,15,102,13-04-2023 08:04,April 14,yes,1
2917,2918,would not recommend. very disappointed. nothing special.,19,102,13-04-2023 08:04,April 14,no,2
2918,2919,works as expected. exceeded expectations.,21,102,13-04-2023 08:04,April 14,no,4
2919,2920,exceeded expectations. great value. works as expected.,24,102,13-04-2023 08:04,April 14,yes,2
2920,2921,waste of money. missing features.,31,102,13-04-2023 08:04,April 14,yes,1
2921,2922,fantastic. great value.,35,102,13-04-2023 08:04,April 14,no,2
2922,2923,customer service was bad. difficult to use.,36,102,13-04-2023 08:04,April 14,yes,0
2923,2924,best purchase ever. best purchase ever. works as expected.,41,102,13-04-2023 08:04,April 14,no,5
2924,2925,average product. very satisfied.,54,102,13-04-2023 08:04,April 14,no,6
2925,2926,does not work. poor quality. average product.,55,102,13-04-2023 08:04,April 14,yes,2
2926,2927,amazing features. five stars.,56,102,13-04-2023 08:04,April 14,yes,1
2927,2928,waste of money. would not recommend. nothing special.,57,102,13-04-2023 08:04,April 14,no,3
2928,2929,very satisfied. excellent quality. decent for the price.,62,102,13-04-2023 08:04,April 14,yes,1
2929,2930,highly recommend. fantastic.,66,102,13-04-2023 08:04,April 14,no,2
2930,2931,very disappointed. very disappointed.,67,102,13-04-2023 08:04,April 14,no,4
2931,2932,very satisfied. love this product.,71,102,13-04-2023 08:04,April 14,yes,2
2932,2933,met expectations. customer service was bad.,75,102,13-04-2023 08:04,April 14,yes,1
2933,2934,one star. worst purchase. some pros and cons.,76,102,13-04-2023 08:04,April 14,no,2
2934,2935,exceeded expectations. easy to use. nothing special.,85,102,13-04-2023 08:04,April 14,yes,0
2935,2936,excellent quality. love this product.,91,102,13-04-2023 08:04,April 14,no,5
2936,2937,fantastic. fantastic. decent for the price.,96,102,13-04-2023 08:04,April 14,no,6
2937,2938,poor quality. worst purchase.,3,103,13-04-2023 08:04,April 14,yes,2
2938,2939,would not recommend. worst purchase.,5,103,13-04-2023 08:04,April 14,yes,1
2939,2940,exceeded expectations. very satisfied. could be better.,8,103,13-04-2023 08:04,April 14,no,3
2940,2941,missing features. waste of money. met expectations.,9,103,13-04-2023 08:04,April 14,yes,1
2941,2942,best purchase ever. fantastic.,12,103,13-04-2023 08:04,April 14,no,2
2942,2943,one star. poor quality.,14,103,13-04-2023 08:04,April 14,no,4
2943,2944,best purchase ever. fantastic.,17,103,13-04-2023 08:04,April 14,yes,2
2944,2945,great value. exceeded expectations.,21,103,13-04-2023 08:04,April 14,yes,1
2945,2946,excellent quality. best purchase ever.,24,103,13-04-2023 08:04,April 14,no,2
2946,2947,love this product. highly recommend. decent for the price.,27,103,13-04-2023 08:04,April 14,yes,0
2947,2948,fantastic. wonderful experience. nothing special.,31,103,13-04-2023 08:04,April 14,no,5
2948,2949,five stars. best purchase ever.,36,103,13-04-2023 08:04,April 14,no,6
2949,2950,waste of money. very disappointed.,41,103,13-04-2023 08:04,April 14,yes,2
2950,2951,excellent quality. wonderful experience.,44,103,13-04-2023 08:04,April 14,yes,1
2951,2952,best purchase ever. very satisfied. it's okay.,54,103,13-04-2023 08:04,April 14,no,3
2952,2953,broke easily. missing features. decent for the price.,55,103,13-04-2023 08:04,April 14,yes,1
2953,2954,best purchase ever. five stars.,57,103,13-04-2023 08:04,April 14,no,2
2954,2955,one star. poor quality.,60,103,13-04-2023 08:04,April 14,no,4
2955,2956,average product. customer service was bad.,65,103,13-04-2023 08:04,April 14,yes,2
2956,2957,bad experience. poor quality.,66,103,13-04-2023 08:04,April 14,yes,1
2957,2958,difficult to use. worst purchase. could be better.,69,103,13-04-2023 08:04,April 14,no,2
2958,2959,it's okay. easy to use.,70,103,13-04-2023 08:04,April 14,yes,0
2959,2960,easy to use. excellent quality.,71,103,13-04-2023 08:04,April 14,no,5
2960,2961,it's okay. missing features.,75,103,13-04-2023 08:04,April 14,no,6
2961,2962,five stars. highly recommend.,76,103,13-04-2023 08:04,April 14,yes,2
2962,2963,difficult to use. waste of money.,78,103,13-04-2023 08:04,April 14,yes,1
2963,2964,great value. highly recommend. decent for the price.,79,103,13-04-2023 08:04,April 14,no,3
2964,2965,works perfectly. wonderful experience. nothing special.,84,103,13-04-2023 08:04,April 14,yes,1
2965,2966,wonderful experience. five stars. decent for the price.,91,103,13-04-2023 08:04,April 14,no,2
2966,2967,great value. easy to use.,94,103,13-04-2023 08:04,April 14,no,4
2967,2968,waste of money. worst purchase.,3,104,13-04-2023 08:04,April 14,yes,2
2968,2969,could be better. love this product.,5,104,13-04-2023 08:04,April 14,yes,1
2969,2970,great value. best purchase ever. nothing special.,6,104,13-04-2023 08:04,April 14,no,2
2970,2971,highly recommend. excellent quality. could be better.,9,104,13-04-2023 08:04,April 14,yes,0
2971,2972,one star. worst purchase.,11,104,13-04-2023 08:04,April 14,no,5
2972,2973,waste of money. one star.,14,104,13-04-2023 08:04,April 14,no,6
2973,2974,five stars. great value. average product.,19,104,13-04-2023 08:04,April 14,yes,2
2974,2975,terrible product. terrible product.,21,104,13-04-2023 08:04,April 14,yes,1
2975,2976,does not work. missing features.,22,104,13-04-2023 08:04,April 14,no,3
2976,2977,wonderful experience. excellent quality.,24,104,13-04-2023 08:04,April 14,yes,1
2977,2978,neither good nor bad. bad experience.,26,104,13-04-2023 08:04,April 14,no,2
2978,2979,difficult to use. very disappointed. nothing special.,32,104,13-04-2023 08:04,April 14,no,4
2979,2980,customer service was bad. would not recommend.,36,104,13-04-2023 08:04,April 14,yes,2
2980,2981,easy to use. highly recommend. nothing special.,39,104,13-04-2023 08:04,April 14,yes,1
2981,2982,would not recommend. awful. nothing special.,41,104,13-04-2023 08:04,April 14,no,2
2982,2983,works as expected. terrible product.,44,104,13-04-2023 08:04,April 14,yes,0
2983,2984,it's okay. five stars.,48,104,13-04-2023 08:04,April 14,no,5
2984,2985,bad experience. does not work.,54,104,13-04-2023 08:04,April 14,no,6
2985,2986,it's okay. wonderful experience.,56,104,13-04-2023 08:04,April 14,yes,2
2986,2987,broke easily. customer service was bad. met expectations.,57,104,13-04-2023 08:04,April 14,yes,1
2987,2988,broke easily. difficult to use.,60,104,13-04-2023 08:04,April 14,no,3
2988,2989,customer service was bad. poor quality.,65,104,13-04-2023 08:04,April 14,yes,1
2989,2990,missing features. broke easily.,66,104,13-04-2023 08:04,April 14,no,2
2990,2991,nothing special. missing features.,67,104,13-04-2023 08:04,April 14,no,4
2991,2992,very satisfied. easy to use. met expectations.,69,104,13-04-2023 08:04,April 14,yes,2
2992,2993,amazing features. five stars.,71,104,13-04-2023 08:04,April 14,yes,1
2993,2994,five stars. five stars.,75,104,13-04-2023 08:04,April 14,no,2
2994,2995,worst purchase. terrible product. some pros and cons.,76,104,13-04-2023 08:04,April 14,yes,0
2995,2996,average product. worst purchase.,87,104,13-04-2023 08:04,April 14,no,5
2996,2997,met expectations. poor quality.,91,104,13-04-2023 08:04,April 14,no,6
2997,2998,works as expected. five stars.,93,104,13-04-2023 08:04,April 14,yes,2
2998,2999,fantastic. excellent quality. neither good nor bad.,96,104,13-04-2023 08:04,April 14,yes,1
2999,3000,waste of money. worst purchase. works as expected.,97,104,13-04-2023 08:04,April 14,no,3
3000,3001,fantastic. wonderful experience.,99,104,13-04-2023 08:04,April 14,yes,1
3001,3002,broke easily. awful.,5,105,13-04-2023 08:04,April 14,no,2
3002,3003,met expectations. five stars.,14,105,13-04-2023 08:04,April 14,no,4
3003,3004,very satisfied. wonderful experience.,21,105,13-04-2023 08:04,April 14,yes,2
3004,3005,worst purchase. one star.,24,105,13-04-2023 08:04,April 14,yes,1
3005,3006,some pros and cons. works perfectly.,26,105,13-04-2023 08:04,April 14,no,2
3006,3007,highly recommend. amazing features.,27,105,13-04-2023 08:04,April 14,yes,0
3007,3008,waste of money. poor quality.,28,105,13-04-2023 08:04,April 14,no,5
3008,3009,love this product. highly recommend. nothing special.,30,105,13-04-2023 08:04,April 14,no,6
3009,3010,poor quality. worst purchase.,33,105,13-04-2023 08:04,April 14,yes,2
3010,3011,awful. customer service was bad. some pros and cons.,36,105,13-04-2023 08:04,April 14,yes,1
3011,3012,fantastic. best purchase ever.,37,105,13-04-2023 08:04,April 14,no,3
3012,3013,wonderful experience. love this product. some pros and cons.,40,105,13-04-2023 08:04,April 14,yes,1
3013,3014,broke easily. does not work.,41,105,13-04-2023 08:04,April 14,no,2
3014,3015,decent for the price. worst purchase.,47,105,13-04-2023 08:04,April 14,no,4
3015,3016,awful. one star.,48,105,13-04-2023 08:04,April 14,yes,2
3016,3017,exceeded expectations. works perfectly.,54,105,13-04-2023 08:04,April 14,yes,1
3017,3018,best purchase ever. easy to use.,57,105,13-04-2023 08:04,April 14,no,2
3018,3019,works as expected. easy to use.,63,105,13-04-2023 08:04,April 14,yes,0
3019,3020,difficult to use. difficult to use.,65,105,13-04-2023 08:04,April 14,no,5
3020,3021,neither good nor bad. very satisfied.,66,105,13-04-2023 08:04,April 14,no,6
3021,3022,amazing features. great value.,70,105,13-04-2023 08:04,April 14,yes,2
3022,3023,exceeded expectations. best purchase ever. some pros and cons.,71,105,13-04-2023 08:04,April 14,yes,1
3023,3024,would not recommend. bad experience.,75,105,13-04-2023 08:04,April 14,no,3
3024,3025,it's okay. five stars.,76,105,13-04-2023 08:04,April 14,yes,1
3025,3026,it's okay. five stars.,78,105,13-04-2023 08:04,April 14,no,2
3026,3027,broke easily. terrible product.,91,105,13-04-2023 08:04,April 14,no,4
3027,3028,love this product. works perfectly.,93,105,13-04-2023 08:04,April 14,yes,2
3028,3029,very satisfied. easy to use.,99,105,13-04-2023 08:04,April 14,yes,1
3029,3030,could be better. excellent quality.,100,105,13-04-2023 08:04,April 14,no,2
3030,3031,met expectations. does not work.,5,106,13-04-2023 08:04,April 14,yes,0
3031,3032,best purchase ever. works perfectly.,13,106,13-04-2023 08:04,April 14,no,5
3032,3033,easy to use. excellent quality.,14,106,13-04-2023 08:04,April 14,no,6
3033,3034,average product. customer service was bad.,15,106,13-04-2023 08:04,April 14,yes,2
3034,3035,worst purchase. missing features.,19,106,13-04-2023 08:04,April 14,yes,1
3035,3036,customer service was bad. one star.,21,106,13-04-2023 08:04,April 14,no,3
3036,3037,works as expected. very disappointed.,24,106,13-04-2023 08:04,April 14,yes,1
3037,3038,awful. would not recommend.,30,106,13-04-2023 08:04,April 14,no,2
3038,3039,amazing features. wonderful experience. average product.,33,106,13-04-2023 08:04,April 14,no,4
3039,3040,would not recommend. terrible product. decent for the price.,36,106,13-04-2023 08:04,April 14,yes,2
3040,3041,love this product. five stars.,41,106,13-04-2023 08:04,April 14,yes,1
3041,3042,exceeded expectations. excellent quality.,50,106,13-04-2023 08:04,April 14,no,2
3042,3043,waste of money. one star.,52,106,13-04-2023 08:04,April 14,yes,0
3043,3044,it's okay. five stars.,54,106,13-04-2023 08:04,April 14,no,5
3044,3045,very satisfied. works perfectly.,57,106,13-04-2023 08:04,April 14,no,6
3045,3046,works perfectly. five stars.,66,106,13-04-2023 08:04,April 14,yes,2
3046,3047,works perfectly. excellent quality.,71,106,13-04-2023 08:04,April 14,yes,1
3047,3048,very disappointed. difficult to use. average product.,73,106,13-04-2023 08:04,April 14,no,3
3048,3049,broke easily. very disappointed.,75,106,13-04-2023 08:04,April 14,yes,1
3049,3050,wonderful experience. five stars.,76,106,13-04-2023 08:04,April 14,no,2
3050,3051,terrible product. awful.,84,106,13-04-2023 08:04,April 14,no,4
3051,3052,five stars. excellent quality. neither good nor bad.,91,106,13-04-2023 08:04,April 14,yes,2
3052,3053,met expectations. very disappointed.,92,106,13-04-2023 08:04,April 14,yes,1
3053,3054,broke easily. one star.,96,106,13-04-2023 08:04,April 14,no,2
3054,3055,highly recommend. very satisfied. nothing special.,4,107,13-04-2023 08:04,April 14,yes,0
3055,3056,average product. customer service was bad.,5,107,13-04-2023 08:04,April 14,no,5
3056,3057,neither good nor bad. best purchase ever.,10,107,13-04-2023 08:04,April 14,no,6
3057,3058,best purchase ever. best purchase ever. average product.,14,107,13-04-2023 08:04,April 14,yes,2
3058,3059,bad experience. difficult to use.,15,107,13-04-2023 08:04,April 14,yes,1
3059,3060,best purchase ever. works perfectly.,17,107,13-04-2023 08:04,April 14,no,3
3060,3061,waste of money. terrible product.,21,107,13-04-2023 08:04,April 14,yes,1
3061,3062,best purchase ever. great value.,22,107,13-04-2023 08:04,April 14,no,2
3062,3063,very disappointed. waste of money.,24,107,13-04-2023 08:04,April 14,no,4
3063,3064,love this product. fantastic.,36,107,13-04-2023 08:04,April 14,yes,2
3064,3065,exceeded expectations. highly recommend.,41,107,13-04-2023 08:04,April 14,yes,1
3065,3066,broke easily. waste of money.,46,107,13-04-2023 08:04,April 14,no,2
3066,3067,one star. bad experience. average product.,54,107,13-04-2023 08:04,April 14,yes,0
3067,3068,love this product. best purchase ever.,57,107,13-04-2023 08:04,April 14,no,5
3068,3069,does not work. missing features.,62,107,13-04-2023 08:04,April 14,no,6
3069,3070,awful. would not recommend.,63,107,13-04-2023 08:04,April 14,yes,2
3070,3071,great value. amazing features.,66,107,13-04-2023 08:04,April 14,yes,1
3071,3072,average product. fantastic.,70,107,13-04-2023 08:04,April 14,no,3
3072,3073,easy to use. amazing features. it's okay.,71,107,13-04-2023 08:04,April 14,yes,1
3073,3074,bad experience. broke easily. nothing special.,72,107,13-04-2023 08:04,April 14,no,2
3074,3075,amazing features. easy to use.,75,107,13-04-2023 08:04,April 14,no,4
3075,3076,works perfectly. five stars.,76,107,13-04-2023 08:04,April 14,yes,2
3076,3077,neither good nor bad. difficult to use.,84,107,13-04-2023 08:04,April 14,yes,1
3077,3078,easy to use. best purchase ever.,85,107,13-04-2023 08:04,April 14,no,2
3078,3079,five stars. amazing features.,91,107,13-04-2023 08:04,April 14,yes,0
3079,3080,wonderful experience. fantastic. average product.,92,107,13-04-2023 08:04,April 14,no,5
3080,3081,decent for the price. fantastic.,5,108,13-04-2023 08:04,April 14,no,6
3081,3082,love this product. easy to use.,6,108,13-04-2023 08:04,April 14,yes,2
3082,3083,works perfectly. wonderful experience.,8,108,13-04-2023 08:04,April 14,yes,1
3083,3084,neither good nor bad. wonderful experience.,11,108,13-04-2023 08:04,April 14,no,3
3084,3085,best purchase ever. highly recommend. some pros and cons.,12,108,13-04-2023 08:04,April 14,yes,1
3085,3086,customer service was bad. missing features.,13,108,13-04-2023 08:04,April 14,no,2
3086,3087,very disappointed. worst purchase. decent for the price.,14,108,13-04-2023 08:04,April 14,no,4
3087,3088,works perfectly. highly recommend. some pros and cons.,17,108,13-04-2023 08:04,April 14,yes,2
3088,3089,difficult to use. missing features.,20,108,13-04-2023 08:04,April 14,yes,1
3089,3090,waste of money. awful. nothing special.,21,108,13-04-2023 08:04,April 14,no,2
3090,3091,one star. one star.,24,108,13-04-2023 08:04,April 14,yes,0
3091,3092,amazing features. love this product.,26,108,13-04-2023 08:04,April 14,no,5
3092,3093,works perfectly. wonderful experience.,36,108,13-04-2023 08:04,April 14,no,6
3093,3094,could be better. broke easily.,39,108,13-04-2023 08:04,April 14,yes,2
3094,3095,love this product. excellent quality.,40,108,13-04-2023 08:04,April 14,yes,1
3095,3096,missing features. very disappointed.,41,108,13-04-2023 08:04,April 14,no,3
3096,3097,missing features. does not work. decent for the price.,43,108,13-04-2023 08:04,April 14,yes,1
3097,3098,very satisfied. works perfectly.,46,108,13-04-2023 08:04,April 14,no,2
3098,3099,best purchase ever. works perfectly. some pros and cons.,52,108,13-04-2023 08:04,April 14,no,4
3099,3100,would not recommend. customer service was bad.,54,108,13-04-2023 08:04,April 14,yes,2
3100,3101,difficult to use. worst purchase.,57,108,13-04-2023 08:04,April 14,yes,1
3101,3102,it's okay. waste of money.,62,108,13-04-2023 08:04,April 14,no,2
3102,3103,neither good nor bad. waste of money.,66,108,13-04-2023 08:04,April 14,yes,0
3103,3104,very disappointed. one star.,70,108,13-04-2023 08:04,April 14,no,5
3104,3105,broke easily. does not work.,71,108,13-04-2023 08:04,April 14,no,6
3105,3106,fantastic. five stars. works as expected.,72,108,13-04-2023 08:04,April 14,yes,2
3106,3107,awful. terrible product.,75,108,13-04-2023 08:04,April 14,yes,1
3107,3108,excellent quality. very satisfied.,76,108,13-04-2023 08:04,April 14,no,3
3108,3109,amazing features. easy to use. met expectations.,87,108,13-04-2023 08:04,April 14,yes,1
3109,3110,works perfectly. works perfectly.,91,108,13-04-2023 08:04,April 14,no,2
3110,3111,waste of money. waste of money.,92,108,13-04-2023 08:04,April 14,no,4
3111,3112,very disappointed. terrible product.,98,108,13-04-2023 08:04,April 14,yes,2
3112,3113,love this product. best purchase ever.,5,109,13-04-2023 08:04,April 14,yes,1
3113,3114,very disappointed. awful.,8,109,13-04-2023 08:04,April 14,no,2
3114,3115,fantastic. love this product.,10,109,13-04-2023 08:04,April 14,yes,0
3115,3116,fantastic. excellent quality.,13,109,13-04-2023 08:04,April 14,no,5
3116,3117,neither good nor bad. one star.,14,109,13-04-2023 08:04,April 14,no,6
3117,3118,amazing features. easy to use.,15,109,13-04-2023 08:04,April 14,yes,2
3118,3119,very disappointed. worst purchase.,17,109,13-04-2023 08:04,April 14,yes,1
3119,3120,missing features. would not recommend.,19,109,13-04-2023 08:04,April 14,no,3
3120,3121,would not recommend. very disappointed.,21,109,13-04-2023 08:04,April 14,yes,1
3121,3122,missing features. waste of money.,24,109,13-04-2023 08:04,April 14,no,2
3122,3123,bad experience. very disappointed.,28,109,13-04-2023 08:04,April 14,no,4
3123,3124,very disappointed. very disappointed. nothing special.,36,109,13-04-2023 08:04,April 14,yes,2
3124,3125,could be better. awful.,40,109,13-04-2023 08:04,April 14,yes,1
3125,3126,would not recommend. very disappointed.,41,109,13-04-2023 08:04,April 14,no,2
3126,3127,could be better. wonderful experience.,54,109,13-04-2023 08:04,April 14,yes,0
3127,3128,very satisfied. highly recommend.,57,109,13-04-2023 08:04,April 14,no,5
3128,3129,terrible product. worst purchase.,60,109,13-04-2023 08:04,April 14,no,6
3129,3130,love this product. very satisfied.,62,109,13-04-2023 08:04,April 14,yes,2
3130,3131,one star. poor quality.,66,109,13-04-2023 08:04,April 14,yes,1
3131,3132,waste of money. missing features.,67,109,13-04-2023 08:04,April 14,no,3
3132,3133,it's okay. one star.,71,109,13-04-2023 08:04,April 14,yes,1
3133,3134,exceeded expectations. amazing features. works as expected.,73,109,13-04-2023 08:04,April 14,no,2
3134,3135,met expectations. wonderful experience.,75,109,13-04-2023 08:04,April 14,no,4
3135,3136,decent for the price. works perfectly.,76,109,13-04-2023 08:04,April 14,yes,2
3136,3137,some pros and cons. missing features.,79,109,13-04-2023 08:04,April 14,yes,1
3137,3138,terrible product. missing features.,85,109,13-04-2023 08:04,April 14,no,2
3138,3139,does not work. very disappointed.,91,109,13-04-2023 08:04,April 14,yes,0
3139,3140,it's okay. difficult to use.,99,109,13-04-2023 08:04,April 14,no,5
3140,3141,some pros and cons. great value.,5,110,13-04-2023 08:04,April 14,no,6
3141,3142,average product. broke easily.,6,110,13-04-2023 08:04,April 14,yes,2
3142,3143,would not recommend. bad experience. could be better.,8,110,13-04-2023 08:04,April 14,yes,1
3143,3144,highly recommend. five stars.,14,110,13-04-2023 08:04,April 14,no,3
3144,3145,decent for the price. customer service was bad.,15,110,13-04-2023 08:04,April 14,yes,1
3145,3146,one star. worst purchase.,21,110,13-04-2023 08:04,April 14,no,2
3146,3147,awful. one star.,24,110,13-04-2023 08:04,April 14,no,4
3147,3148,fantastic. great value.,26,110,13-04-2023 08:04,April 14,yes,2
3148,3149,missing features. very disappointed. could be better.,31,110,13-04-2023 08:04,April 14,yes,1
3149,3150,waste of money. worst purchase.,32,110,13-04-2023 08:04,April 14,no,2
3150,3151,does not work. awful.,36,110,13-04-2023 08:04,April 14,yes,0
3151,3152,would not recommend. missing features. some pros and cons.,38,110,13-04-2023 08:04,April 14,no,5
3152,3153,met expectations. excellent quality.,41,110,13-04-2023 08:04,April 14,no,6
3153,3154,works as expected. amazing features.,54,110,13-04-2023 08:04,April 14,yes,2
3154,3155,love this product. wonderful experience.,55,110,13-04-2023 08:04,April 14,yes,1
3155,3156,difficult to use. terrible product.,57,110,13-04-2023 08:04,April 14,no,3
3156,3157,bad experience. awful.,66,110,13-04-2023 08:04,April 14,yes,1
3157,3158,does not work. broke easily.,71,110,13-04-2023 08:04,April 14,no,2
3158,3159,fantastic. works perfectly. works as expected.,72,110,13-04-2023 08:04,April 14,no,4
3159,3160,poor quality. customer service was bad.,75,110,13-04-2023 08:04,April 14,yes,2
3160,3161,easy to use. works perfectly.,76,110,13-04-2023 08:04,April 14,yes,1
3161,3162,terrible product. difficult to use.,84,110,13-04-2023 08:04,April 14,no,2
3162,3163,difficult to use. does not work. could be better.,91,110,13-04-2023 08:04,April 14,yes,0
3163,3164,terrible product. one star. average product.,93,110,13-04-2023 08:04,April 14,no,5
3164,3165,nothing special. waste of money.,94,110,13-04-2023 08:04,April 14,no,6
3165,3166,difficult to use. waste of money. works as expected.,95,110,13-04-2023 08:04,April 14,yes,2
3166,3167,excellent quality. love this product.,97,110,13-04-2023 08:04,April 14,yes,1
3167,3168,easy to use. easy to use. decent for the price.,2,111,13-04-2023 08:04,April 14,no,3
3168,3169,five stars. works perfectly.,5,111,13-04-2023 08:04,April 14,yes,1
3169,3170,fantastic. exceeded expectations.,9,111,13-04-2023 08:04,April 14,no,2
3170,3171,missing features. awful.,12,111,13-04-2023 08:04,April 14,no,4
3171,3172,customer service was bad. would not recommend. average product.,13,111,13-04-2023 08:04,April 14,yes,2
3172,3173,great value. best purchase ever.,14,111,13-04-2023 08:04,April 14,yes,1
3173,3174,very disappointed. worst purchase.,17,111,13-04-2023 08:04,April 14,no,2
3174,3175,amazing features. very satisfied.,21,111,13-04-2023 08:04,April 14,yes,0
3175,3176,worst purchase. bad experience.,24,111,13-04-2023 08:04,April 14,no,5
3176,3177,excellent quality. five stars.,36,111,13-04-2023 08:04,April 14,no,6
3177,3178,does not work. worst purchase. could be better.,38,111,13-04-2023 08:04,April 14,yes,2
3178,3179,met expectations. fantastic.,41,111,13-04-2023 08:04,April 14,yes,1
3179,3180,works perfectly. works perfectly.,42,111,13-04-2023 08:04,April 14,no,3
3180,3181,worst purchase. poor quality. some pros and cons.,44,111,13-04-2023 08:04,April 14,yes,1
3181,3182,broke easily. awful.,52,111,13-04-2023 08:04,April 14,no,2
3182,3183,met expectations. does not work.,54,111,13-04-2023 08:04,April 14,no,4
3183,3184,best purchase ever. amazing features.,57,111,13-04-2023 08:04,April 14,yes,2
3184,3185,love this product. easy to use.,63,111,13-04-2023 08:04,April 14,yes,1
3185,3186,broke easily. worst purchase. neither good nor bad.,66,111,13-04-2023 08:04,April 14,no,2
3186,3187,worst purchase. difficult to use. decent for the price.,71,111,13-04-2023 08:04,April 14,yes,0
3187,3188,broke easily. difficult to use.,73,111,13-04-2023 08:04,April 14,no,5
3188,3189,best purchase ever. easy to use. could be better.,75,111,13-04-2023 08:04,April 14,no,6
3189,3190,works as expected. awful.,76,111,13-04-2023 08:04,April 14,yes,2
3190,3191,awful. terrible product.,78,111,13-04-2023 08:04,April 14,yes,1
3191,3192,bad experience. worst purchase.,91,111,13-04-2023 08:04,April 14,no,3
3192,3193,customer service was bad. broke easily.,98,111,13-04-2023 08:04,April 14,yes,1
3193,3194,works perfectly. exceeded expectations.,2,112,13-04-2023 08:04,April 14,no,2
3194,3195,great value. five stars.,3,112,13-04-2023 08:04,April 14,no,4
3195,3196,highly recommend. great value.,4,112,13-04-2023 08:04,April 14,yes,2
3196,3197,awful. customer service was bad.,5,112,13-04-2023 08:04,April 14,yes,1
3197,3198,terrible product. waste of money.,10,112,13-04-2023 08:04,April 14,no,2
3198,3199,broke easily. worst purchase.,11,112,13-04-2023 08:04,April 14,yes,0
3199,3200,fantastic. exceeded expectations.,12,112,13-04-2023 08:04,April 14,no,5
3200,3201,would not recommend. broke easily.,13,112,13-04-2023 08:04,April 14,no,6
3201,3202,excellent quality. amazing features. it's okay.,14,112,13-04-2023 08:04,April 14,yes,2
3202,3203,waste of money. very disappointed.,16,112,13-04-2023 08:04,April 14,yes,1
3203,3204,worst purchase. terrible product. works as expected.,21,112,13-04-2023 08:04,April 14,no,3
3204,3205,awful. does not work.,24,112,13-04-2023 08:04,April 14,yes,1
3205,3206,highly recommend. great value. some pros and cons.,26,112,13-04-2023 08:04,April 14,no,2
3206,3207,some pros and cons. excellent quality.,27,112,13-04-2023 08:04,April 14,no,4
3207,3208,fantastic. amazing features.,32,112,13-04-2023 08:04,April 14,yes,2
3208,3209,met expectations. great value.,36,112,13-04-2023 08:04,April 14,yes,1
3209,3210,one star. bad experience.,41,112,13-04-2023 08:04,April 14,no,2
3210,3211,wonderful experience. works perfectly.,43,112,13-04-2023 08:04,April 14,yes,0
3211,3212,very disappointed. awful.,46,112,13-04-2023 08:04,April 14,no,5
3212,3213,amazing features. wonderful experience.,54,112,13-04-2023 08:04,April 14,no,6
3213,3214,broke easily. very disappointed. decent for the price.,55,112,13-04-2023 08:04,April 14,yes,2
3214,3215,neither good nor bad. exceeded expectations.,57,112,13-04-2023 08:04,April 14,yes,1
3215,3216,wonderful experience. wonderful experience. average product.,61,112,13-04-2023 08:04,April 14,no,3
3216,3217,excellent quality. five stars. works as expected.,66,112,13-04-2023 08:04,April 14,yes,1
3217,3218,decent for the price. highly recommend.,71,112,13-04-2023 08:04,April 14,no,2
3218,3219,love this product. five stars. met expectations.,75,112,13-04-2023 08:04,April 14,no,4
3219,3220,customer service was bad. bad experience.,76,112,13-04-2023 08:04,April 14,yes,2
3220,3221,neither good nor bad. love this product.,79,112,13-04-2023 08:04,April 14,yes,1
3221,3222,average product. wonderful experience.,91,112,13-04-2023 08:04,April 14,no,2
3222,3223,amazing features. easy to use.,98,112,13-04-2023 08:04,April 14,yes,0
3223,3224,highly recommend. very satisfied. works as expected.,100,112,13-04-2023 08:04,April 14,no,5
3224,3225,bad experience. waste of money.,2,113,13-04-2023 08:04,April 14,no,6
3225,3226,amazing features. great value.,5,113,13-04-2023 08:04,April 14,yes,2
3226,3227,poor quality. bad experience. it's okay.,13,113,13-04-2023 08:04,April 14,yes,1
3227,3228,one star. broke easily.,14,113,13-04-2023 08:04,April 14,no,3
3228,3229,awful. broke easily.,21,113,13-04-2023 08:04,April 14,yes,1
3229,3230,fantastic. five stars.,22,113,13-04-2023 08:04,April 14,no,2
3230,3231,easy to use. love this product.,24,113,13-04-2023 08:04,April 14,no,4
3231,3232,amazing features. five stars. met expectations.,31,113,13-04-2023 08:04,April 14,yes,2
3232,3233,fantastic. exceeded expectations.,36,113,13-04-2023 08:04,April 14,yes,1
3233,3234,poor quality. customer service was bad.,41,113,13-04-2023 08:04,April 14,no,2
3234,3235,some pros and cons. very satisfied.,50,113,13-04-2023 08:04,April 14,yes,0
3235,3236,some pros and cons. very disappointed.,52,113,13-04-2023 08:04,April 14,no,5
3236,3237,fantastic. excellent quality.,54,113,13-04-2023 08:04,April 14,no,6
3237,3238,would not recommend. worst purchase.,55,113,13-04-2023 08:04,April 14,yes,2
3238,3239,poor quality. poor quality. it's okay.,56,113,13-04-2023 08:04,April 14,yes,1
3239,3240,met expectations. missing features.,57,113,13-04-2023 08:04,April 14,no,3
3240,3241,awful. poor quality.,63,113,13-04-2023 08:04,April 14,yes,1
3241,3242,highly recommend. highly recommend.,66,113,13-04-2023 08:04,April 14,no,2
3242,3243,worst purchase. customer service was bad. met expectations.,67,113,13-04-2023 08:04,April 14,no,4
3243,3244,wonderful experience. works perfectly. neither good nor bad.,70,113,13-04-2023 08:04,April 14,yes,2
3244,3245,great value. easy to use. average product.,71,113,13-04-2023 08:04,April 14,yes,1
3245,3246,awful. missing features.,75,113,13-04-2023 08:04,April 14,no,2
3246,3247,wonderful experience. very satisfied. it's okay.,76,113,13-04-2023 08:04,April 14,yes,0
3247,3248,best purchase ever. wonderful experience.,78,113,13-04-2023 08:04,April 14,no,5
3248,3249,highly recommend. five stars. it's okay.,79,113,13-04-2023 08:04,April 14,no,6
3249,3250,decent for the price. highly recommend.,91,113,13-04-2023 08:04,April 14,yes,2
3250,3251,worst purchase. does not work.,94,113,13-04-2023 08:04,April 14,yes,1
3251,3252,excellent quality. fantastic.,96,113,13-04-2023 08:04,April 14,no,3
3252,3253,would not recommend. customer service was bad. average product.,99,113,13-04-2023 08:04,April 14,yes,1
3253,3254,very satisfied. five stars.,100,113,13-04-2023 08:04,April 14,no,2
3254,3255,broke easily. missing features.,4,114,13-04-2023 08:04,April 14,no,4
3255,3256,awful. one star. neither good nor bad.,5,114,13-04-2023 08:04,April 14,yes,2
3256,3257,some pros and cons. highly recommend.,11,114,13-04-2023 08:04,April 14,yes,1
3257,3258,met expectations. amazing features.,14,114,13-04-2023 08:04,April 14,no,2
3258,3259,decent for the price. awful.,17,114,13-04-2023 08:04,April 14,yes,0
3259,3260,exceeded expectations. wonderful experience. average product.,18,114,13-04-2023 08:04,April 14,no,5
3260,3261,bad experience. terrible product. met expectations.,19,114,13-04-2023 08:04,April 14,no,6
3261,3262,love this product. works perfectly. nothing special.,21,114,13-04-2023 08:04,April 14,yes,2
3262,3263,exceeded expectations. excellent quality.,24,114,13-04-2023 08:04,April 14,yes,1
3263,3264,fantastic. exceeded expectations.,33,114,13-04-2023 08:04,April 14,no,3
3264,3265,wonderful experience. highly recommend.,36,114,13-04-2023 08:04,April 14,yes,1
3265,3266,terrible product. difficult to use.,37,114,13-04-2023 08:04,April 14,no,2
3266,3267,easy to use. best purchase ever.,40,114,13-04-2023 08:04,April 14,no,4
3267,3268,awful. awful.,41,114,13-04-2023 08:04,April 14,yes,2
3268,3269,works as expected. customer service was bad.,54,114,13-04-2023 08:04,April 14,yes,1
3269,3270,excellent quality. excellent quality.,57,114,13-04-2023 08:04,April 14,no,2
3270,3271,bad experience. missing features. some pros and cons.,63,114,13-04-2023 08:04,April 14,yes,0
3271,3272,met expectations. very satisfied.,66,114,13-04-2023 08:04,April 14,no,5
3272,3273,some pros and cons. wonderful experience.,70,114,13-04-2023 08:04,April 14,no,6
3273,3274,some pros and cons. love this product.,71,114,13-04-2023 08:04,April 14,yes,2
3274,3275,great value. works perfectly.,75,114,13-04-2023 08:04,April 14,yes,1
3275,3276,does not work. one star. works as expected.,76,114,13-04-2023 08:04,April 14,no,3
3276,3277,waste of money. worst purchase.,82,114,13-04-2023 08:04,April 14,yes,1
3277,3278,missing features. one star. decent for the price.,91,114,13-04-2023 08:04,April 14,no,2
3278,3279,easy to use. very satisfied.,92,114,13-04-2023 08:04,April 14,no,4
3279,3280,easy to use. exceeded expectations. decent for the price.,94,114,13-04-2023 08:04,April 14,yes,2
3280,3281,works perfectly. highly recommend.,4,115,13-04-2023 08:04,April 14,yes,1
3281,3282,nothing special. bad experience.,5,115,13-04-2023 08:04,April 14,no,2
3282,3283,best purchase ever. highly recommend.,14,115,13-04-2023 08:04,April 14,yes,0
3283,3284,worst purchase. missing features.,17,115,13-04-2023 08:04,April 14,no,5
3284,3285,easy to use. fantastic.,21,115,13-04-2023 08:04,April 14,no,6
3285,3286,highly recommend. highly recommend. met expectations.,24,115,13-04-2023 08:04,April 14,yes,2
3286,3287,broke easily. bad experience.,26,115,13-04-2023 08:04,April 14,yes,1
3287,3288,amazing features. best purchase ever. some pros and cons.,30,115,13-04-2023 08:04,April 14,no,3
3288,3289,love this product. best purchase ever. nothing special.,36,115,13-04-2023 08:04,April 14,yes,1
3289,3290,difficult to use. worst purchase.,39,115,13-04-2023 08:04,April 14,no,2
3290,3291,average product. love this product.,40,115,13-04-2023 08:04,April 14,no,4
3291,3292,neither good nor bad. very disappointed.,41,115,13-04-2023 08:04,April 14,yes,2
3292,3293,exceeded expectations. best purchase ever. some pros and cons.,44,115,13-04-2023 08:04,April 14,yes,1
3293,3294,waste of money. poor quality.,54,115,13-04-2023 08:04,April 14,no,2
3294,3295,five stars. works perfectly.,57,115,13-04-2023 08:04,April 14,yes,0
3295,3296,would not recommend. does not work.,61,115,13-04-2023 08:04,April 14,no,5
3296,3297,difficult to use. would not recommend.,62,115,13-04-2023 08:04,April 14,no,6
3297,3298,five stars. exceeded expectations.,65,115,13-04-2023 08:04,April 14,yes,2
3298,3299,worst purchase. does not work. average product.,66,115,13-04-2023 08:04,April 14,yes,1
3299,3300,easy to use. highly recommend. nothing special.,67,115,13-04-2023 08:04,April 14,no,3
3300,3301,amazing features. easy to use.,71,115,13-04-2023 08:04,April 14,yes,1
3301,3302,one star. awful.,75,115,13-04-2023 08:04,April 14,no,2
3302,3303,five stars. love this product.,76,115,13-04-2023 08:04,April 14,no,4
3303,3304,excellent quality. fantastic.,78,115,13-04-2023 08:04,April 14,yes,2
3304,3305,very disappointed. would not recommend.,82,115,13-04-2023 08:04,April 14,yes,1
3305,3306,wonderful experience. excellent quality.,84,115,13-04-2023 08:04,April 14,no,2
3306,3307,broke easily. does not work.,91,115,13-04-2023 08:04,April 14,yes,0
3307,3308,very disappointed. does not work.,96,115,13-04-2023 08:04,April 14,no,5
3308,3309,love this product. best purchase ever.,97,115,13-04-2023 08:04,April 14,no,6
3309,3310,best purchase ever. very satisfied. neither good nor bad.,99,115,13-04-2023 08:04,April 14,yes,2
3310,3311,works perfectly. excellent quality. works as expected.,100,115,13-04-2023 08:04,April 14,yes,1
3311,3312,missing features. poor quality. met expectations.,5,116,13-04-2023 08:04,April 14,no,3
3312,3313,very disappointed. customer service was bad. works as expected.,6,116,13-04-2023 08:04,April 14,yes,1
3313,3314,decent for the price. great value.,10,116,13-04-2023 08:04,April 14,no,2
3314,3315,would not recommend. bad experience.,12,116,13-04-2023 08:04,April 14,no,4
3315,3316,excellent quality. wonderful experience. met expectations.,14,116,13-04-2023 08:04,April 14,yes,2
3316,3317,easy to use. works perfectly.,19,116,13-04-2023 08:04,April 14,yes,1
3317,3318,excellent quality. exceeded expectations.,20,116,13-04-2023 08:04,April 14,no,2
3318,3319,waste of money. missing features.,21,116,13-04-2023 08:04,April 14,yes,0
3319,3320,nothing special. terrible product.,22,116,13-04-2023 08:04,April 14,no,5
3320,3321,highly recommend. highly recommend.,24,116,13-04-2023 08:04,April 14,no,6
3321,3322,bad experience. does not work.,27,116,13-04-2023 08:04,April 14,yes,2
3322,3323,easy to use. excellent quality. decent for the price.,28,116,13-04-2023 08:04,April 14,yes,1
3323,3324,great value. love this product.,32,116,13-04-2023 08:04,April 14,no,3
3324,3325,poor quality. waste of money.,36,116,13-04-2023 08:04,April 14,yes,1
3325,3326,five stars. exceeded expectations.,41,116,13-04-2023 08:04,April 14,no,2
3326,3327,highly recommend. excellent quality.,46,116,13-04-2023 08:04,April 14,no,4
3327,3328,wonderful experience. very satisfied.,54,116,13-04-2023 08:04,April 14,yes,2
3328,3329,awful. missing features.,56,116,13-04-2023 08:04,April 14,yes,1
3329,3330,terrible product. worst purchase.,57,116,13-04-2023 08:04,April 14,no,2
3330,3331,easy to use. excellent quality.,63,116,13-04-2023 08:04,April 14,yes,0
3331,3332,does not work. waste of money.,66,116,13-04-2023 08:04,April 14,no,5
3332,3333,missing features. difficult to use.,69,116,13-04-2023 08:04,April 14,no,6
3333,3334,fantastic. love this product.,71,116,13-04-2023 08:04,April 14,yes,2
3334,3335,highly recommend. exceeded expectations.,73,116,13-04-2023 08:04,April 14,yes,1
3335,3336,decent for the price. very disappointed.,75,116,13-04-2023 08:04,April 14,no,3
3336,3337,awful. awful.,76,116,13-04-2023 08:04,April 14,yes,1
3337,3338,would not recommend. customer service was bad. some pros and cons.,82,116,13-04-2023 08:04,April 14,no,2
3338,3339,worst purchase. waste of money. could be better.,85,116,13-04-2023 08:04,April 14,no,4
3339,3340,one star. poor quality. it's okay.,91,116,13-04-2023 08:04,April 14,yes,2
3340,3341,broke easily. customer service was bad.,93,116,13-04-2023 08:04,April 14,yes,1
3341,3342,would not recommend. waste of money.,94,116,13-04-2023 08:04,April 14,no,2
3342,3343,neither good nor bad. one star.,96,116,13-04-2023 08:04,April 14,yes,0
3343,3344,customer service was bad. waste of money.,100,116,13-04-2023 08:04,April 14,no,5
3344,3345,exceeded expectations. amazing features.,5,117,13-04-2023 08:04,April 14,no,6
3345,3346,great value. highly recommend.,8,117,13-04-2023 08:04,April 14,yes,2
3346,3347,decent for the price. awful.,9,117,13-04-2023 08:04,April 14,yes,1
3347,3348,neither good nor bad. missing features.,14,117,13-04-2023 08:04,April 14,no,3
3348,3349,fantastic. love this product.,16,117,13-04-2023 08:04,April 14,yes,1
3349,3350,works as expected. best purchase ever.,21,117,13-04-2023 08:04,April 14,no,2
3350,3351,waste of money. customer service was bad.,24,117,13-04-2023 08:04,April 14,no,4
3351,3352,some pros and cons. very disappointed.,26,117,13-04-2023 08:04,April 14,yes,2
3352,3353,one star. terrible product. some pros and cons.,35,117,13-04-2023 08:04,April 14,yes,1
3353,3354,does not work. difficult to use.,36,117,13-04-2023 08:04,April 14,no,2
3354,3355,nothing special. awful.,37,117,13-04-2023 08:04,April 14,yes,0
3355,3356,met expectations. waste of money.,41,117,13-04-2023 08:04,April 14,no,5
3356,3357,bad experience. would not recommend.,50,117,13-04-2023 08:04,April 14,no,6
3357,3358,fantastic. great value.,52,117,13-04-2023 08:04,April 14,yes,2
3358,3359,excellent quality. works perfectly. works as expected.,54,117,13-04-2023 08:04,April 14,yes,1
3359,3360,bad experience. one star.,55,117,13-04-2023 08:04,April 14,no,3
3360,3361,wonderful experience. highly recommend. it's okay.,57,117,13-04-2023 08:04,April 14,yes,1
3361,3362,terrible product. broke easily.,65,117,13-04-2023 08:04,April 14,no,2
3362,3363,it's okay. would not recommend.,66,117,13-04-2023 08:04,April 14,no,4
3363,3364,decent for the price. wonderful experience.,69,117,13-04-2023 08:04,April 14,yes,2
3364,3365,terrible product. customer service was bad.,71,117,13-04-2023 08:04,April 14,yes,1
3365,3366,works perfectly. best purchase ever.,73,117,13-04-2023 08:04,April 14,no,2
3366,3367,great value. best purchase ever.,75,117,13-04-2023 08:04,April 14,yes,0
3367,3368,easy to use. easy to use.,76,117,13-04-2023 08:04,April 14,no,5
3368,3369,customer service was bad. one star. some pros and cons.,91,117,13-04-2023 08:04,April 14,no,6
3369,3370,fantastic. five stars. met expectations.,92,117,13-04-2023 08:04,April 14,yes,2
3370,3371,fantastic. best purchase ever. met expectations.,97,117,13-04-2023 08:04,April 14,yes,1
3371,3372,one star. missing features.,3,118,13-04-2023 08:04,April 14,no,3
3372,3373,some pros and cons. excellent quality.,4,118,13-04-2023 08:04,April 14,yes,1
3373,3374,poor quality. awful.,5,118,13-04-2023 08:04,April 14,no,2
3374,3375,fantastic. amazing features.,10,118,13-04-2023 08:04,April 14,no,4
3375,3376,easy to use. best purchase ever. it's okay.,11,118,13-04-2023 08:04,April 14,yes,2
3376,3377,some pros and cons. love this product.,14,118,13-04-2023 08:04,April 14,yes,1
3377,3378,missing features. difficult to use.,15,118,13-04-2023 08:04,April 14,no,2
3378,3379,bad experience. poor quality.,20,118,13-04-2023 08:04,April 14,yes,0
3379,3380,it's okay. very disappointed.,21,118,13-04-2023 08:04,April 14,no,5
3380,3381,poor quality. very disappointed.,22,118,13-04-2023 08:04,April 14,no,6
3381,3382,does not work. bad experience.,24,118,13-04-2023 08:04,April 14,yes,2
3382,3383,works perfectly. works perfectly.,27,118,13-04-2023 08:04,April 14,yes,1
3383,3384,highly recommend. highly recommend.,28,118,13-04-2023 08:04,April 14,no,3
3384,3385,amazing features. fantastic.,30,118,13-04-2023 08:04,April 14,yes,1
3385,3386,missing features. awful.,31,118,13-04-2023 08:04,April 14,no,2
3386,3387,very satisfied. easy to use.,33,118,13-04-2023 08:04,April 14,no,4
3387,3388,does not work. waste of money.,36,118,13-04-2023 08:04,April 14,yes,2
3388,3389,five stars. amazing features.,37,118,13-04-2023 08:04,April 14,yes,1
3389,3390,fantastic. excellent quality. nothing special.,41,118,13-04-2023 08:04,April 14,no,2
3390,3391,wonderful experience. works perfectly.,42,118,13-04-2023 08:04,April 14,yes,0
3391,3392,neither good nor bad. great value.,54,118,13-04-2023 08:04,April 14,no,5
3392,3393,very satisfied. works perfectly.,56,118,13-04-2023 08:04,April 14,no,6
3393,3394,love this product. wonderful experience.,57,118,13-04-2023 08:04,April 14,yes,2
3394,3395,five stars. very satisfied.,63,118,13-04-2023 08:04,April 14,yes,1
3395,3396,works as expected. missing features.,65,118,13-04-2023 08:04,April 14,no,3
3396,3397,great value. works perfectly. some pros and cons.,66,118,13-04-2023 08:04,April 14,yes,1
3397,3398,five stars. five stars.,71,118,13-04-2023 08:04,April 14,no,2
3398,3399,awful. poor quality.,72,118,13-04-2023 08:04,April 14,no,4
3399,3400,five stars. fantastic. it's okay.,75,118,13-04-2023 08:04,April 14,yes,2
3400,3401,amazing features. works perfectly.,76,118,13-04-2023 08:04,April 14,yes,1
3401,3402,very disappointed. terrible product.,84,118,13-04-2023 08:04,April 14,no,2
3402,3403,nothing special. poor quality.,91,118,13-04-2023 08:04,April 14,yes,0
3403,3404,one star. difficult to use. nothing special.,92,118,13-04-2023 08:04,April 14,no,5
3404,3405,works perfectly. highly recommend.,93,118,13-04-2023 08:04,April 14,no,6
3405,3406,great value. highly recommend.,97,118,13-04-2023 08:04,April 14,yes,2
3406,3407,works perfectly. five stars.,5,119,13-04-2023 08:04,April 14,yes,1
3407,3408,broke easily. broke easily.,8,119,13-04-2023 08:04,April 14,no,3
3408,3409,nothing special. works perfectly.,9,119,13-04-2023 08:04,April 14,yes,1
3409,3410,could be better. worst purchase.,10,119,13-04-2023 08:04,April 14,no,2
3410,3411,does not work. missing features.,12,119,13-04-2023 08:04,April 14,no,4
3411,3412,fantastic. very satisfied. nothing special.,13,119,13-04-2023 08:04,April 14,yes,2
3412,3413,awful. would not recommend.,14,119,13-04-2023 08:04,April 14,yes,1
3413,3414,some pros and cons. highly recommend.,16,119,13-04-2023 08:04,April 14,no,2
3414,3415,easy to use. wonderful experience.,17,119,13-04-2023 08:04,April 14,yes,0
3415,3416,excellent quality. great value.,19,119,13-04-2023 08:04,April 14,no,5
3416,3417,love this product. great value. some pros and cons.,21,119,13-04-2023 08:04,April 14,no,6
3417,3418,fantastic. love this product. neither good nor bad.,24,119,13-04-2023 08:04,April 14,yes,2
3418,3419,amazing features. works perfectly.,26,119,13-04-2023 08:04,April 14,yes,1
3419,3420,highly recommend. amazing features.,36,119,13-04-2023 08:04,April 14,no,3
3420,3421,five stars. wonderful experience.,41,119,13-04-2023 08:04,April 14,yes,1
3421,3422,exceeded expectations. easy to use.,43,119,13-04-2023 08:04,April 14,no,2
3422,3423,one star. very disappointed. could be better.,54,119,13-04-2023 08:04,April 14,no,4
3423,3424,it's okay. customer service was bad.,57,119,13-04-2023 08:04,April 14,yes,2
3424,3425,met expectations. terrible product.,66,119,13-04-2023 08:04,April 14,yes,1
3425,3426,neither good nor bad. terrible product.,71,119,13-04-2023 08:04,April 14,no,2
3426,3427,missing features. missing features.,75,119,13-04-2023 08:04,April 14,yes,0
3427,3428,difficult to use. difficult to use.,76,119,13-04-2023 08:04,April 14,no,5
3428,3429,wonderful experience. love this product.,79,119,13-04-2023 08:04,April 14,no,6
3429,3430,decent for the price. wonderful experience.,91,119,13-04-2023 08:04,April 14,yes,2
3430,3431,one star. worst purchase.,92,119,13-04-2023 08:04,April 14,yes,1
3431,3432,customer service was bad. bad experience.,93,119,13-04-2023 08:04,April 14,no,3
3432,3433,poor quality. would not recommend.,95,119,13-04-2023 08:04,April 14,yes,1
3433,3434,fantastic. highly recommend.,99,119,13-04-2023 08:04,April 14,no,2
3434,3435,easy to use. excellent quality.,4,120,13-04-2023 08:04,April 14,no,4
3435,3436,customer service was bad. poor quality. some pros and cons.,5,120,13-04-2023 08:04,April 14,yes,2
3436,3437,very disappointed. broke easily.,10,120,13-04-2023 08:04,April 14,yes,1
3437,3438,fantastic. excellent quality. works as expected.,14,120,13-04-2023 08:04,April 14,no,2
3438,3439,decent for the price. missing features.,18,120,13-04-2023 08:04,April 14,yes,0
3439,3440,broke easily. poor quality.,21,120,13-04-2023 08:04,April 14,no,5
3440,3441,five stars. five stars.,24,120,13-04-2023 08:04,April 14,no,6
3441,3442,some pros and cons. fantastic.,36,120,13-04-2023 08:04,April 14,yes,2
3442,3443,nothing special. fantastic.,38,120,13-04-2023 08:04,April 14,yes,1
3443,3444,would not recommend. waste of money.,40,120,13-04-2023 08:04,April 14,no,3
3444,3445,worst purchase. one star.,41,120,13-04-2023 08:04,April 14,yes,1
3445,3446,it's okay. great value.,42,120,13-04-2023 08:04,April 14,no,2
3446,3447,very disappointed. terrible product. it's okay.,43,120,13-04-2023 08:04,April 14,no,4
3447,3448,fantastic. exceeded expectations.,44,120,13-04-2023 08:04,April 14,yes,2
3448,3449,very satisfied. exceeded expectations.,48,120,13-04-2023 08:04,April 14,yes,1
3449,3450,broke easily. bad experience.,54,120,13-04-2023 08:04,April 14,no,2
3450,3451,one star. waste of money.,56,120,13-04-2023 08:04,April 14,yes,0
3451,3452,wonderful experience. wonderful experience.,57,120,13-04-2023 08:04,April 14,no,5
3452,3453,highly recommend. great value. it's okay.,65,120,13-04-2023 08:04,April 14,no,6
3453,3454,easy to use. works perfectly.,66,120,13-04-2023 08:04,April 14,yes,2
3454,3455,waste of money. customer service was bad.,71,120,13-04-2023 08:04,April 14,yes,1
3455,3456,highly recommend. works perfectly. could be better.,72,120,13-04-2023 08:04,April 14,no,3
3456,3457,excellent quality. exceeded expectations. it's okay.,75,120,13-04-2023 08:04,April 14,yes,1
3457,3458,met expectations. worst purchase.,76,120,13-04-2023 08:04,April 14,no,2
3458,3459,decent for the price. highly recommend.,84,120,13-04-2023 08:04,April 14,no,4
3459,3460,met expectations. one star.,85,120,13-04-2023 08:04,April 14,yes,2
3460,3461,love this product. fantastic. met expectations.,87,120,13-04-2023 08:04,April 14,yes,1
3461,3462,one star. one star.,91,120,13-04-2023 08:04,April 14,no,2
3462,3463,customer service was bad. awful.,97,120,13-04-2023 08:04,April 14,yes,0
3463,3464,average product. waste of money.,5,121,13-04-2023 08:04,April 14,no,5
3464,3465,nothing special. does not work.,14,121,13-04-2023 08:04,April 14,no,6
3465,3466,terrible product. terrible product.,15,121,13-04-2023 08:04,April 14,yes,2
3466,3467,neither good nor bad. very satisfied.,16,121,13-04-2023 08:04,April 14,yes,1
3467,3468,best purchase ever. best purchase ever.,17,121,13-04-2023 08:04,April 14,no,3
3468,3469,fantastic. works perfectly. some pros and cons.,20,121,13-04-2023 08:04,April 14,yes,1
3469,3470,could be better. easy to use.,21,121,13-04-2023 08:04,April 14,no,2
3470,3471,decent for the price. waste of money.,22,121,13-04-2023 08:04,April 14,no,4
3471,3472,amazing features. love this product.,24,121,13-04-2023 08:04,April 14,yes,2
3472,3473,would not recommend. customer service was bad. works as expected.,26,121,13-04-2023 08:04,April 14,yes,1
3473,3474,average product. works perfectly.,27,121,13-04-2023 08:04,April 14,no,2
3474,3475,neither good nor bad. one star.,28,121,13-04-2023 08:04,April 14,yes,0
3475,3476,wonderful experience. fantastic. average product.,30,121,13-04-2023 08:04,April 14,no,5
3476,3477,decent for the price. terrible product.,36,121,13-04-2023 08:04,April 14,no,6
3477,3478,does not work. waste of money.,41,121,13-04-2023 08:04,April 14,yes,2
3478,3479,customer service was bad. worst purchase.,54,121,13-04-2023 08:04,April 14,yes,1
3479,3480,excellent quality. five stars. decent for the price.,55,121,13-04-2023 08:04,April 14,no,3
3480,3481,fantastic. excellent quality.,57,121,13-04-2023 08:04,April 14,yes,1
3481,3482,broke easily. missing features.,60,121,13-04-2023 08:04,April 14,no,2
3482,3483,poor quality. very disappointed.,62,121,13-04-2023 08:04,April 14,no,4
3483,3484,one star. missing features. some pros and cons.,63,121,13-04-2023 08:04,April 14,yes,2
3484,3485,broke easily. poor quality.,65,121,13-04-2023 08:04,April 14,yes,1
3485,3486,works perfectly. love this product.,66,121,13-04-2023 08:04,April 14,no,2
3486,3487,best purchase ever. easy to use.,71,121,13-04-2023 08:04,April 14,yes,0
3487,3488,awful. difficult to use. neither good nor bad.,75,121,13-04-2023 08:04,April 14,no,5
3488,3489,love this product. fantastic.,76,121,13-04-2023 08:04,April 14,no,6
3489,3490,missing features. waste of money.,78,121,13-04-2023 08:04,April 14,yes,2
3490,3491,met expectations. one star.,91,121,13-04-2023 08:04,April 14,yes,1
3491,3492,poor quality. customer service was bad.,92,121,13-04-2023 08:04,April 14,no,3
3492,3493,poor quality. waste of money.,93,121,13-04-2023 08:04,April 14,yes,1
3493,3494,broke easily. very disappointed.,100,121,13-04-2023 08:04,April 14,no,2
3494,3495,bad experience. poor quality.,2,122,13-04-2023 08:04,April 14,no,4
3495,3496,very satisfied. five stars. could be better.,5,122,13-04-2023 08:04,April 14,yes,2
3496,3497,broke easily. does not work.,6,122,13-04-2023 08:04,April 14,yes,1
3497,3498,waste of money. worst purchase. decent for the price.,11,122,13-04-2023 08:04,April 14,no,2
3498,3499,worst purchase. does not work.,14,122,13-04-2023 08:04,April 14,yes,0
3499,3500,bad experience. broke easily.,16,122,13-04-2023 08:04,April 14,no,5
3500,3501,terrible product. would not recommend.,17,122,13-04-2023 08:04,April 14,no,6
3501,3502,waste of money. worst purchase.,21,122,13-04-2023 08:04,April 14,yes,2
3502,3503,difficult to use. waste of money.,22,122,13-04-2023 08:04,April 14,yes,1
3503,3504,one star. broke easily.,24,122,13-04-2023 08:04,April 14,no,3
3504,3505,exceeded expectations. fantastic.,26,122,13-04-2023 08:04,April 14,yes,1
3505,3506,would not recommend. awful. some pros and cons.,35,122,13-04-2023 08:04,April 14,no,2
3506,3507,wonderful experience. five stars.,36,122,13-04-2023 08:04,April 14,no,4
3507,3508,missing features. difficult to use.,39,122,13-04-2023 08:04,April 14,yes,2
3508,3509,five stars. very satisfied.,41,122,13-04-2023 08:04,April 14,yes,1
3509,3510,some pros and cons. worst purchase.,48,122,13-04-2023 08:04,April 14,no,2
3510,3511,decent for the price. would not recommend.,52,122,13-04-2023 08:04,April 14,yes,0
3511,3512,highly recommend. very satisfied. some pros and cons.,54,122,13-04-2023 08:04,April 14,no,5
3512,3513,would not recommend. would not recommend. could be better.,57,122,13-04-2023 08:04,April 14,no,6
3513,3514,bad experience. worst purchase.,66,122,13-04-2023 08:04,April 14,yes,2
3514,3515,wonderful experience. works perfectly. could be better.,71,122,13-04-2023 08:04,April 14,yes,1
3515,3516,exceeded expectations. wonderful experience.,75,122,13-04-2023 08:04,April 14,no,3
3516,3517,highly recommend. works perfectly.,76,122,13-04-2023 08:04,April 14,yes,1
3517,3518,decent for the price. works perfectly.,84,122,13-04-2023 08:04,April 14,no,2
3518,3519,one star. does not work.,87,122,13-04-2023 08:04,April 14,no,4
3519,3520,exceeded expectations. great value.,91,122,13-04-2023 08:04,April 14,yes,2
3520,3521,would not recommend. customer service was bad.,92,122,13-04-2023 08:04,April 14,yes,1
3521,3522,poor quality. very disappointed.,5,123,13-04-2023 08:04,April 14,no,2
3522,3523,highly recommend. great value.,8,123,13-04-2023 08:04,April 14,yes,0
3523,3524,best purchase ever. five stars. neither good nor bad.,11,123,13-04-2023 08:04,April 14,no,5
3524,3525,works as expected. bad experience.,12,123,13-04-2023 08:04,April 14,no,6
3525,3526,awful. difficult to use.,14,123,13-04-2023 08:04,April 14,yes,2
3526,3527,neither good nor bad. highly recommend.,15,123,13-04-2023 08:04,April 14,yes,1
3527,3528,works perfectly. love this product.,19,123,13-04-2023 08:04,April 14,no,3
3528,3529,would not recommend. bad experience.,21,123,13-04-2023 08:04,April 14,yes,1
3529,3530,it's okay. wonderful experience.,24,123,13-04-2023 08:04,April 14,no,2
3530,3531,exceeded expectations. exceeded expectations.,27,123,13-04-2023 08:04,April 14,no,4
3531,3532,very satisfied. excellent quality.,28,123,13-04-2023 08:04,April 14,yes,2
3532,3533,broke easily. awful.,31,123,13-04-2023 08:04,April 14,yes,1
3533,3534,neither good nor bad. difficult to use.,32,123,13-04-2023 08:04,April 14,no,2
3534,3535,would not recommend. difficult to use.,33,123,13-04-2023 08:04,April 14,yes,0
3535,3536,does not work. difficult to use. some pros and cons.,36,123,13-04-2023 08:04,April 14,no,5
3536,3537,it's okay. fantastic.,41,123,13-04-2023 08:04,April 14,no,6
3537,3538,could be better. does not work.,50,123,13-04-2023 08:04,April 14,yes,2
3538,3539,waste of money. awful. decent for the price.,54,123,13-04-2023 08:04,April 14,yes,1
3539,3540,amazing features. five stars.,57,123,13-04-2023 08:04,April 14,no,3
3540,3541,easy to use. easy to use.,60,123,13-04-2023 08:04,April 14,yes,1
3541,3542,works perfectly. very satisfied.,61,123,13-04-2023 08:04,April 14,no,2
3542,3543,highly recommend. amazing features.,63,123,13-04-2023 08:04,April 14,no,4
3543,3544,waste of money. missing features. works as expected.,66,123,13-04-2023 08:04,April 14,yes,2
3544,3545,awful. very disappointed.,69,123,13-04-2023 08:04,April 14,yes,1
3545,3546,easy to use. best purchase ever.,71,123,13-04-2023 08:04,April 14,no,2
3546,3547,met expectations. highly recommend.,75,123,13-04-2023 08:04,April 14,yes,0
3547,3548,love this product. love this product.,76,123,13-04-2023 08:04,April 14,no,5
3548,3549,could be better. easy to use.,84,123,13-04-2023 08:04,April 14,no,6
3549,3550,neither good nor bad. missing features.,91,123,13-04-2023 08:04,April 14,yes,2
3550,3551,missing features. bad experience. nothing special.,99,123,13-04-2023 08:04,April 14,yes,1
3551,3552,love this product. five stars.,100,123,13-04-2023 08:04,April 14,no,3
3552,3553,highly recommend. highly recommend.,5,124,13-04-2023 08:04,April 14,yes,1
3553,3554,it's okay. bad experience.,6,124,13-04-2023 08:04,April 14,no,2
3554,3555,works perfectly. great value.,9,124,13-04-2023 08:04,April 14,no,4
3555,3556,works as expected. exceeded expectations.,11,124,13-04-2023 08:04,April 14,yes,2
3556,3557,nothing special. poor quality.,14,124,13-04-2023 08:04,April 14,yes,1
3557,3558,could be better. poor quality.,15,124,13-04-2023 08:04,April 14,no,2
3558,3559,could be better. love this product.,18,124,13-04-2023 08:04,April 14,yes,0
3559,3560,five stars. love this product.,21,124,13-04-2023 08:04,April 14,no,5
3560,3561,very satisfied. fantastic.,22,124,13-04-2023 08:04,April 14,no,6
3561,3562,waste of money. broke easily. neither good nor bad.,24,124,13-04-2023 08:04,April 14,yes,2
3562,3563,very satisfied. easy to use.,28,124,13-04-2023 08:04,April 14,yes,1
3563,3564,could be better. best purchase ever.,33,124,13-04-2023 08:04,April 14,no,3
3564,3565,customer service was bad. bad experience.,35,124,13-04-2023 08:04,April 14,yes,1
3565,3566,customer service was bad. missing features.,36,124,13-04-2023 08:04,April 14,no,2
3566,3567,one star. difficult to use. average product.,38,124,13-04-2023 08:04,April 14,no,4
3567,3568,one star. awful.,41,124,13-04-2023 08:04,April 14,yes,2
3568,3569,broke easily. bad experience.,43,124,13-04-2023 08:04,April 14,yes,1
3569,3570,five stars. works perfectly.,47,124,13-04-2023 08:04,April 14,no,2
3570,3571,broke easily. worst purchase.,54,124,13-04-2023 08:04,April 14,yes,0
3571,3572,one star. poor quality.,55,124,13-04-2023 08:04,April 14,no,5
3572,3573,waste of money. broke easily.,56,124,13-04-2023 08:04,April 14,no,6
3573,3574,amazing features. wonderful experience.,57,124,13-04-2023 08:04,April 14,yes,2
3574,3575,terrible product. missing features.,63,124,13-04-2023 08:04,April 14,yes,1
3575,3576,bad experience. customer service was bad. met expectations.,66,124,13-04-2023 08:04,April 14,no,3
3576,3577,poor quality. does not work.,69,124,13-04-2023 08:04,April 14,yes,1
3577,3578,highly recommend. wonderful experience.,71,124,13-04-2023 08:04,April 14,no,2
3578,3579,it's okay. missing features.,75,124,13-04-2023 08:04,April 14,no,4
3579,3580,awful. difficult to use. neither good nor bad.,76,124,13-04-2023 08:04,April 14,yes,2
3580,3581,excellent quality. fantastic.,91,124,13-04-2023 08:04,April 14,yes,1
3581,3582,terrible product. broke easily.,92,124,13-04-2023 08:04,April 14,no,2
3582,3583,does not work. would not recommend.,94,124,13-04-2023 08:04,April 14,yes,0
3583,3584,fantastic. works perfectly.,97,124,13-04-2023 08:04,April 14,no,5
3584,3585,missing features. difficult to use. it's okay.,100,124,13-04-2023 08:04,April 14,no,6
3585,3586,exceeded expectations. great value.,5,125,13-04-2023 08:04,April 14,yes,2
3586,3587,would not recommend. poor quality.,14,125,13-04-2023 08:04,April 14,yes,1
3587,3588,very satisfied. exceeded expectations.,17,125,13-04-2023 08:04,April 14,no,3
3588,3589,easy to use. wonderful experience.,20,125,13-04-2023 08:04,April 14,yes,1
3589,3590,easy to use. works perfectly.,21,125,13-04-2023 08:04,April 14,no,2
3590,3591,very disappointed. waste of money. decent for the price.,24,125,13-04-2023 08:04,April 14,no,4
3591,3592,poor quality. difficult to use.,30,125,13-04-2023 08:04,April 14,yes,2
3592,3593,love this product. highly recommend.,36,125,13-04-2023 08:04,April 14,yes,1
3593,3594,decent for the price. worst purchase.,41,125,13-04-2023 08:04,April 14,no,2
3594,3595,easy to use. great value.,43,125,13-04-2023 08:04,April 14,yes,0
3595,3596,terrible product. waste of money.,46,125,13-04-2023 08:04,April 14,no,5
3596,3597,met expectations. waste of money.,47,125,13-04-2023 08:04,April 14,no,6
3597,3598,does not work. customer service was bad.,54,125,13-04-2023 08:04,April 14,yes,2
3598,3599,bad experience. customer service was bad.,56,125,13-04-2023 08:04,April 14,yes,1
3599,3600,great value. very satisfied.,57,125,13-04-2023 08:04,April 14,no,3
3600,3601,customer service was bad. worst purchase.,60,125,13-04-2023 08:04,April 14,yes,1
3601,3602,amazing features. best purchase ever.,66,125,13-04-2023 08:04,April 14,no,2
3602,3603,some pros and cons. love this product.,67,125,13-04-2023 08:04,April 14,no,4
3603,3604,it's okay. excellent quality.,71,125,13-04-2023 08:04,April 14,yes,2
3604,3605,it's okay. wonderful experience.,72,125,13-04-2023 08:04,April 14,yes,1
3605,3606,wonderful experience. great value.,73,125,13-04-2023 08:04,April 14,no,2
3606,3607,decent for the price. customer service was bad.,75,125,13-04-2023 08:04,April 14,yes,0
3607,3608,bad experience. does not work.,76,125,13-04-2023 08:04,April 14,no,5
3608,3609,amazing features. very satisfied.,82,125,13-04-2023 08:04,April 14,no,6
3609,3610,missing features. does not work. met expectations.,91,125,13-04-2023 08:04,April 14,yes,2
3610,3611,poor quality. missing features.,98,125,13-04-2023 08:04,April 14,yes,1
3611,3612,some pros and cons. does not work.,100,125,13-04-2023 08:04,April 14,no,3
3612,3613,one star. would not recommend.,4,126,13-04-2023 08:04,April 14,yes,1
3613,3614,wonderful experience. very satisfied.,5,126,13-04-2023 08:04,April 14,no,2
3614,3615,works perfectly. works perfectly.,14,126,13-04-2023 08:04,April 14,no,4
3615,3616,average product. terrible product.,16,126,13-04-2023 08:04,April 14,yes,2
3616,3617,poor quality. bad experience. some pros and cons.,17,126,13-04-2023 08:04,April 14,yes,1
3617,3618,wonderful experience. easy to use.,18,126,13-04-2023 08:04,April 14,no,2
3618,3619,works perfectly. five stars.,21,126,13-04-2023 08:04,April 14,yes,0
3619,3620,love this product. easy to use.,24,126,13-04-2023 08:04,April 14,no,5
3620,3621,great value. great value.,26,126,13-04-2023 08:04,April 14,no,6
3621,3622,bad experience. broke easily. could be better.,30,126,13-04-2023 08:04,April 14,yes,2
3622,3623,average product. five stars.,32,126,13-04-2023 08:04,April 14,yes,1
3623,3624,terrible product. worst purchase.,36,126,13-04-2023 08:04,April 14,no,3
3624,3625,love this product. very satisfied.,39,126,13-04-2023 08:04,April 14,yes,1
3625,3626,it's okay. one star.,40,126,13-04-2023 08:04,April 14,no,2
3626,3627,easy to use. great value.,41,126,13-04-2023 08:04,April 14,no,4
3627,3628,love this product. five stars. decent for the price.,42,126,13-04-2023 08:04,April 14,yes,2
3628,3629,great value. five stars. average product.,43,126,13-04-2023 08:04,April 14,yes,1
3629,3630,awful. bad experience.,50,126,13-04-2023 08:04,April 14,no,2
3630,3631,bad experience. very disappointed. nothing special.,54,126,13-04-2023 08:04,April 14,yes,0
3631,3632,wonderful experience. best purchase ever. works as expected.,56,126,13-04-2023 08:04,April 14,no,5
3632,3633,exceeded expectations. great value.,57,126,13-04-2023 08:04,April 14,no,6
3633,3634,works as expected. fantastic.,63,126,13-04-2023 08:04,April 14,yes,2
3634,3635,difficult to use. broke easily. works as expected.,66,126,13-04-2023 08:04,April 14,yes,1
3635,3636,amazing features. highly recommend.,71,126,13-04-2023 08:04,April 14,no,3
3636,3637,some pros and cons. works perfectly.,72,126,13-04-2023 08:04,April 14,yes,1
3637,3638,decent for the price. waste of money.,75,126,13-04-2023 08:04,April 14,no,2
3638,3639,nothing special. worst purchase.,76,126,13-04-2023 08:04,April 14,no,4
3639,3640,exceeded expectations. wonderful experience.,91,126,13-04-2023 08:04,April 14,yes,2
3640,3641,difficult to use. missing features.,92,126,13-04-2023 08:04,April 14,yes,1
3641,3642,very disappointed. does not work.,95,126,13-04-2023 08:04,April 14,no,2
3642,3643,five stars. very satisfied.,97,126,13-04-2023 08:04,April 14,yes,0
3643,3644,poor quality. would not recommend.,5,127,13-04-2023 08:04,April 14,no,5
3644,3645,one star. awful.,12,127,13-04-2023 08:04,April 14,no,6
3645,3646,average product. very disappointed.,14,127,13-04-2023 08:04,April 14,yes,2
3646,3647,broke easily. awful. met expectations.,19,127,13-04-2023 08:04,April 14,yes,1
3647,3648,highly recommend. highly recommend. neither good nor bad.,21,127,13-04-2023 08:04,April 14,no,3
3648,3649,great value. easy to use. some pros and cons.,22,127,13-04-2023 08:04,April 14,yes,1
3649,3650,it's okay. difficult to use.,24,127,13-04-2023 08:04,April 14,no,2
3650,3651,would not recommend. one star. neither good nor bad.,27,127,13-04-2023 08:04,April 14,no,4
3651,3652,best purchase ever. wonderful experience. average product.,32,127,13-04-2023 08:04,April 14,yes,2
3652,3653,poor quality. very disappointed.,36,127,13-04-2023 08:04,April 14,yes,1
3653,3654,amazing features. fantastic. could be better.,39,127,13-04-2023 08:04,April 14,no,2
3654,3655,neither good nor bad. highly recommend.,40,127,13-04-2023 08:04,April 14,yes,0
3655,3656,great value. best purchase ever.,41,127,13-04-2023 08:04,April 14,no,5
3656,3657,broke easily. one star.,43,127,13-04-2023 08:04,April 14,no,6
3657,3658,fantastic. works perfectly. neither good nor bad.,47,127,13-04-2023 08:04,April 14,yes,2
3658,3659,missing features. difficult to use. could be better.,50,127,13-04-2023 08:04,April 14,yes,1
3659,3660,poor quality. does not work.,54,127,13-04-2023 08:04,April 14,no,3
3660,3661,difficult to use. bad experience.,57,127,13-04-2023 08:04,April 14,yes,1
3661,3662,bad experience. missing features.,61,127,13-04-2023 08:04,April 14,no,2
3662,3663,amazing features. works perfectly.,66,127,13-04-2023 08:04,April 14,no,4
3663,3664,fantastic. wonderful experience.,67,127,13-04-2023 08:04,April 14,yes,2
3664,3665,missing features. one star.,71,127,13-04-2023 08:04,April 14,yes,1
3665,3666,amazing features. wonderful experience.,73,127,13-04-2023 08:04,April 14,no,2
3666,3667,five stars. works perfectly. average product.,75,127,13-04-2023 08:04,April 14,yes,0
3667,3668,works perfectly. best purchase ever.,76,127,13-04-2023 08:04,April 14,no,5
3668,3669,decent for the price. amazing features.,84,127,13-04-2023 08:04,April 14,no,6
3669,3670,very disappointed. would not recommend. average product.,87,127,13-04-2023 08:04,April 14,yes,2
3670,3671,very disappointed. would not recommend.,91,127,13-04-2023 08:04,April 14,yes,1
3671,3672,fantastic. excellent quality.,92,127,13-04-2023 08:04,April 14,no,3
3672,3673,it's okay. bad experience.,96,127,13-04-2023 08:04,April 14,yes,1
3673,3674,difficult to use. bad experience.,3,128,13-04-2023 08:04,April 14,no,2
3674,3675,great value. great value. it's okay.,4,128,13-04-2023 08:04,April 14,no,4
3675,3676,nothing special. waste of money.,5,128,13-04-2023 08:04,April 14,yes,2
3676,3677,amazing features. very satisfied.,6,128,13-04-2023 08:04,April 14,yes,1
3677,3678,amazing features. five stars.,9,128,13-04-2023 08:04,April 14,no,2
3678,3679,broke easily. customer service was bad.,14,128,13-04-2023 08:04,April 14,yes,0
3679,3680,neither good nor bad. love this product.,21,128,13-04-2023 08:04,April 14,no,5
3680,3681,waste of money. awful.,22,128,13-04-2023 08:04,April 14,no,6
3681,3682,very disappointed. awful.,24,128,13-04-2023 08:04,April 14,yes,2
3682,3683,works as expected. fantastic.,26,128,13-04-2023 08:04,April 14,yes,1
3683,3684,works as expected. five stars.,36,128,13-04-2023 08:04,April 14,no,3
3684,3685,worst purchase. terrible product. nothing special.,37,128,13-04-2023 08:04,April 14,yes,1
3685,3686,one star. customer service was bad.,38,128,13-04-2023 08:04,April 14,no,2
3686,3687,fantastic. love this product.,41,128,13-04-2023 08:04,April 14,no,4
3687,3688,broke easily. missing features. could be better.,43,128,13-04-2023 08:04,April 14,yes,2
3688,3689,excellent quality. works perfectly. met expectations.,54,128,13-04-2023 08:04,April 14,yes,1
3689,3690,worst purchase. does not work.,57,128,13-04-2023 08:04,April 14,no,2
3690,3691,love this product. works perfectly. decent for the price.,62,128,13-04-2023 08:04,April 14,yes,0
3691,3692,easy to use. excellent quality.,63,128,13-04-2023 08:04,April 14,no,5
3692,3693,works perfectly. best purchase ever.,66,128,13-04-2023 08:04,April 14,no,6
3693,3694,wonderful experience. love this product. nothing special.,69,128,13-04-2023 08:04,April 14,yes,2
3694,3695,terrible product. broke easily.,71,128,13-04-2023 08:04,April 14,yes,1
3695,3696,five stars. works perfectly.,75,128,13-04-2023 08:04,April 14,no,3
3696,3697,nothing special. easy to use.,76,128,13-04-2023 08:04,April 14,yes,1
3697,3698,decent for the price. fantastic.,79,128,13-04-2023 08:04,April 14,no,2
3698,3699,some pros and cons. poor quality.,82,128,13-04-2023 08:04,April 14,no,4
3699,3700,broke easily. one star. neither good nor bad.,84,128,13-04-2023 08:04,April 14,yes,2
3700,3701,bad experience. very disappointed.,91,128,13-04-2023 08:04,April 14,yes,1
3701,3702,poor quality. difficult to use. some pros and cons.,94,128,13-04-2023 08:04,April 14,no,2
3702,3703,fantastic. great value.,95,128,13-04-2023 08:04,April 14,yes,0
3703,3704,very disappointed. worst purchase.,97,128,13-04-2023 08:04,April 14,no,5
3704,3705,customer service was bad. terrible product.,99,128,13-04-2023 08:04,April 14,no,6
3705,3706,terrible product. customer service was bad.,5,129,13-04-2023 08:04,April 14,yes,2
3706,3707,it's okay. fantastic.,11,129,13-04-2023 08:04,April 14,yes,1
3707,3708,met expectations. easy to use.,14,129,13-04-2023 08:04,April 14,no,3
3708,3709,worst purchase. would not recommend. average product.,21,129,13-04-2023 08:04,April 14,yes,1
3709,3710,customer service was bad. customer service was bad. neither good nor bad.,24,129,13-04-2023 08:04,April 14,no,2
3710,3711,works as expected. highly recommend.,28,129,13-04-2023 08:04,April 14,no,4
3711,3712,could be better. wonderful experience.,30,129,13-04-2023 08:04,April 14,yes,2
3712,3713,does not work. would not recommend.,36,129,13-04-2023 08:04,April 14,yes,1
3713,3714,one star. customer service was bad. average product.,41,129,13-04-2023 08:04,April 14,no,2
3714,3715,neither good nor bad. fantastic.,46,129,13-04-2023 08:04,April 14,yes,0
3715,3716,very satisfied. excellent quality. decent for the price.,54,129,13-04-2023 08:04,April 14,no,5
3716,3717,wonderful experience. easy to use.,57,129,13-04-2023 08:04,April 14,no,6
3717,3718,difficult to use. very disappointed. average product.,60,129,13-04-2023 08:04,April 14,yes,2
3718,3719,very disappointed. awful. works as expected.,66,129,13-04-2023 08:04,April 14,yes,1
3719,3720,would not recommend. would not recommend. works as expected.,71,129,13-04-2023 08:04,April 14,no,3
3720,3721,highly recommend. very satisfied.,72,129,13-04-2023 08:04,April 14,yes,1
3721,3722,neither good nor bad. excellent quality.,75,129,13-04-2023 08:04,April 14,no,2
3722,3723,does not work. bad experience. nothing special.,76,129,13-04-2023 08:04,April 14,no,4
3723,3724,awful. missing features.,79,129,13-04-2023 08:04,April 14,yes,2
3724,3725,difficult to use. missing features. works as expected.,91,129,13-04-2023 08:04,April 14,yes,1
3725,3726,exceeded expectations. exceeded expectations.,93,129,13-04-2023 08:04,April 14,no,2
3726,3727,excellent quality. five stars. average product.,94,129,13-04-2023 08:04,April 14,yes,0
3727,3728,works as expected. great value.,96,129,13-04-2023 08:04,April 14,no,5
3728,3729,some pros and cons. worst purchase.,5,130,13-04-2023 08:04,April 14,no,6
3729,3730,best purchase ever. exceeded expectations.,6,130,13-04-2023 08:04,April 14,yes,2
3730,3731,love this product. wonderful experience.,12,130,13-04-2023 08:04,April 14,yes,1
3731,3732,highly recommend. five stars. decent for the price.,14,130,13-04-2023 08:04,April 14,no,3
3732,3733,bad experience. waste of money.,16,130,13-04-2023 08:04,April 14,yes,1
3733,3734,best purchase ever. great value.,17,130,13-04-2023 08:04,April 14,no,2
3734,3735,some pros and cons. highly recommend.,18,130,13-04-2023 08:04,April 14,no,4
3735,3736,bad experience. does not work.,21,130,13-04-2023 08:04,April 14,yes,2
3736,3737,highly recommend. very satisfied.,24,130,13-04-2023 08:04,April 14,yes,1
3737,3738,very satisfied. highly recommend.,27,130,13-04-2023 08:04,April 14,no,2
3738,3739,would not recommend. poor quality.,36,130,13-04-2023 08:04,April 14,yes,0
3739,3740,best purchase ever. highly recommend. average product.,38,130,13-04-2023 08:04,April 14,no,5
3740,3741,easy to use. highly recommend.,40,130,13-04-2023 08:04,April 14,no,6
3741,3742,works as expected. poor quality.,41,130,13-04-2023 08:04,April 14,yes,2
3742,3743,average product. love this product.,43,130,13-04-2023 08:04,April 14,yes,1
3743,3744,exceeded expectations. easy to use. neither good nor bad.,44,130,13-04-2023 08:04,April 14,no,3
3744,3745,terrible product. terrible product.,46,130,13-04-2023 08:04,April 14,yes,1
3745,3746,difficult to use. poor quality.,50,130,13-04-2023 08:04,April 14,no,2
3746,3747,exceeded expectations. fantastic. works as expected.,54,130,13-04-2023 08:04,April 14,no,4
3747,3748,excellent quality. love this product.,57,130,13-04-2023 08:04,April 14,yes,2
3748,3749,wonderful experience. best purchase ever.,60,130,13-04-2023 08:04,April 14,yes,1
3749,3750,waste of money. very disappointed. met expectations.,63,130,13-04-2023 08:04,April 14,no,2
3750,3751,poor quality. worst purchase.,66,130,13-04-2023 08:04,April 14,yes,0
3751,3752,best purchase ever. amazing features. nothing special.,69,130,13-04-2023 08:04,April 14,no,5
3752,3753,five stars. highly recommend. average product.,71,130,13-04-2023 08:04,April 14,no,6
3753,3754,one star. waste of money.,73,130,13-04-2023 08:04,April 14,yes,2
3754,3755,great value. excellent quality. average product.,75,130,13-04-2023 08:04,April 14,yes,1
3755,3756,would not recommend. bad experience. nothing special.,76,130,13-04-2023 08:04,April 14,no,3
3756,3757,would not recommend. poor quality.,79,130,13-04-2023 08:04,April 14,yes,1
3757,3758,great value. highly recommend.,84,130,13-04-2023 08:04,April 14,no,2
3758,3759,neither good nor bad. difficult to use.,85,130,13-04-2023 08:04,April 14,no,4
3759,3760,five stars. excellent quality.,91,130,13-04-2023 08:04,April 14,yes,2
3760,3761,it's okay. works perfectly.,93,130,13-04-2023 08:04,April 14,yes,1
3761,3762,very disappointed. customer service was bad.,97,130,13-04-2023 08:04,April 14,no,2
3762,3763,great value. amazing features.,99,130,13-04-2023 08:04,April 14,yes,0
3763,3764,broke easily. missing features.,5,131,13-04-2023 08:04,April 14,no,5
3764,3765,broke easily. difficult to use.,12,131,13-04-2023 08:04,April 14,no,6
3765,3766,works as expected. does not work.,14,131,13-04-2023 08:04,April 14,yes,2
3766,3767,terrible product. terrible product.,15,131,13-04-2023 08:04,April 14,yes,1
3767,3768,works perfectly. five stars. nothing special.,19,131,13-04-2023 08:04,April 14,no,3
3768,3769,highly recommend. works perfectly.,21,131,13-04-2023 08:04,April 14,yes,1
3769,3770,some pros and cons. highly recommend.,24,131,13-04-2023 08:04,April 14,no,2
3770,3771,works perfectly. fantastic. works as expected.,31,131,13-04-2023 08:04,April 14,no,4
3771,3772,would not recommend. awful. neither good nor bad.,32,131,13-04-2023 08:04,April 14,yes,2
3772,3773,met expectations. does not work.,36,131,13-04-2023 08:04,April 14,yes,1
3773,3774,love this product. works perfectly.,40,131,13-04-2023 08:04,April 14,no,2
3774,3775,neither good nor bad. bad experience.,41,131,13-04-2023 08:04,April 14,yes,0
3775,3776,very satisfied. five stars.,42,131,13-04-2023 08:04,April 14,no,5
3776,3777,amazing features. wonderful experience.,46,131,13-04-2023 08:04,April 14,no,6
3777,3778,terrible product. difficult to use.,54,131,13-04-2023 08:04,April 14,yes,2
3778,3779,neither good nor bad. exceeded expectations.,57,131,13-04-2023 08:04,April 14,yes,1
3779,3780,bad experience. does not work. works as expected.,62,131,13-04-2023 08:04,April 14,no,3
3780,3781,highly recommend. wonderful experience.,66,131,13-04-2023 08:04,April 14,yes,1
3781,3782,very disappointed. would not recommend.,70,131,13-04-2023 08:04,April 14,no,2
3782,3783,terrible product. poor quality. some pros and cons.,71,131,13-04-2023 08:04,April 14,no,4
3783,3784,love this product. five stars.,75,131,13-04-2023 08:04,April 14,yes,2
3784,3785,broke easily. very disappointed. it's okay.,76,131,13-04-2023 08:04,April 14,yes,1
3785,3786,awful. bad experience. nothing special.,79,131,13-04-2023 08:04,April 14,no,2
3786,3787,customer service was bad. missing features.,91,131,13-04-2023 08:04,April 14,yes,0
3787,3788,exceeded expectations. exceeded expectations.,95,131,13-04-2023 08:04,April 14,no,5
3788,3789,best purchase ever. easy to use.,100,131,13-04-2023 08:04,April 14,no,6
3789,3790,nothing special. waste of money.,4,132,13-04-2023 08:04,April 14,yes,2
3790,3791,best purchase ever. wonderful experience.,5,132,13-04-2023 08:04,April 14,yes,1
3791,3792,great value. amazing features.,13,132,13-04-2023 08:04,April 14,no,3
3792,3793,customer service was bad. broke easily.,14,132,13-04-2023 08:04,April 14,yes,1
3793,3794,exceeded expectations. great value.,17,132,13-04-2023 08:04,April 14,no,2
3794,3795,works perfectly. easy to use.,21,132,13-04-2023 08:04,April 14,no,4
3795,3796,exceeded expectations. best purchase ever.,24,132,13-04-2023 08:04,April 14,yes,2
3796,3797,could be better. one star.,36,132,13-04-2023 08:04,April 14,yes,1
3797,3798,difficult to use. broke easily.,38,132,13-04-2023 08:04,April 14,no,2
3798,3799,love this product. amazing features. met expectations.,41,132,13-04-2023 08:04,April 14,yes,0
3799,3800,exceeded expectations. best purchase ever.,44,132,13-04-2023 08:04,April 14,no,5
3800,3801,worst purchase. one star. works as expected.,54,132,13-04-2023 08:04,April 14,no,6
3801,3802,works perfectly. fantastic. nothing special.,55,132,13-04-2023 08:04,April 14,yes,2
3802,3803,wonderful experience. fantastic.,57,132,13-04-2023 08:04,April 14,yes,1
3803,3804,wonderful experience. great value. neither good nor bad.,61,132,13-04-2023 08:04,April 14,no,3
3804,3805,terrible product. waste of money.,66,132,13-04-2023 08:04,April 14,yes,1
3805,3806,awful. awful.,70,132,13-04-2023 08:04,April 14,no,2
3806,3807,one star. worst purchase.,71,132,13-04-2023 08:04,April 14,no,4
3807,3808,very disappointed. waste of money.,75,132,13-04-2023 08:04,April 14,yes,2
3808,3809,broke easily. one star. works as expected.,76,132,13-04-2023 08:04,April 14,yes,1
3809,3810,it's okay. amazing features.,79,132,13-04-2023 08:04,April 14,no,2
3810,3811,awful. difficult to use.,82,132,13-04-2023 08:04,April 14,yes,0
3811,3812,very satisfied. excellent quality.,84,132,13-04-2023 08:04,April 14,no,5
3812,3813,one star. bad experience. some pros and cons.,91,132,13-04-2023 08:04,April 14,no,6
3813,3814,met expectations. awful.,92,132,13-04-2023 08:04,April 14,yes,2
3814,3815,difficult to use. awful.,94,132,13-04-2023 08:04,April 14,yes,1
3815,3816,terrible product. does not work.,95,132,13-04-2023 08:04,April 14,no,3
3816,3817,best purchase ever. works perfectly. works as expected.,96,132,13-04-2023 08:04,April 14,yes,1
3817,3818,five stars. works perfectly.,97,132,13-04-2023 08:04,April 14,no,2
3818,3819,amazing features. amazing features. neither good nor bad.,100,132,13-04-2023 08:04,April 14,no,4
3819,3820,average product. terrible product.,2,133,13-04-2023 08:04,April 14,yes,2
3820,3821,fantastic. works perfectly.,5,133,13-04-2023 08:04,April 14,yes,1
3821,3822,nothing special. broke easily.,6,133,13-04-2023 08:04,April 14,no,2
3822,3823,worst purchase. awful.,11,133,13-04-2023 08:04,April 14,yes,0
3823,3824,great value. very satisfied.,14,133,13-04-2023 08:04,April 14,no,5
3824,3825,worst purchase. poor quality.,16,133,13-04-2023 08:04,April 14,no,6
3825,3826,average product. difficult to use.,17,133,13-04-2023 08:04,April 14,yes,2
3826,3827,works perfectly. excellent quality.,20,133,13-04-2023 08:04,April 14,yes,1
3827,3828,love this product. highly recommend. it's okay.,21,133,13-04-2023 08:04,April 14,no,3
3828,3829,excellent quality. wonderful experience.,24,133,13-04-2023 08:04,April 14,yes,1
3829,3830,works as expected. best purchase ever.,27,133,13-04-2023 08:04,April 14,no,2
3830,3831,average product. wonderful experience.,36,133,13-04-2023 08:04,April 14,no,4
3831,3832,exceeded expectations. easy to use.,37,133,13-04-2023 08:04,April 14,yes,2
3832,3833,would not recommend. bad experience.,41,133,13-04-2023 08:04,April 14,yes,1
3833,3834,highly recommend. love this product. works as expected.,42,133,13-04-2023 08:04,April 14,no,2
3834,3835,waste of money. would not recommend.,43,133,13-04-2023 08:04,April 14,yes,0
3835,3836,worst purchase. bad experience. could be better.,47,133,13-04-2023 08:04,April 14,no,5
3836,3837,works as expected. worst purchase.,54,133,13-04-2023 08:04,April 14,no,6
3837,3838,great value. best purchase ever.,57,133,13-04-2023 08:04,April 14,yes,2
3838,3839,very disappointed. awful.,61,133,13-04-2023 08:04,April 14,yes,1
3839,3840,great value. easy to use. average product.,63,133,13-04-2023 08:04,April 14,no,3
3840,3841,wonderful experience. excellent quality.,65,133,13-04-2023 08:04,April 14,yes,1
3841,3842,worst purchase. does not work.,66,133,13-04-2023 08:04,April 14,no,2
3842,3843,exceeded expectations. five stars. could be better.,67,133,13-04-2023 08:04,April 14,no,4
3843,3844,one star. difficult to use.,70,133,13-04-2023 08:04,April 14,yes,2
3844,3845,customer service was bad. does not work.,71,133,13-04-2023 08:04,April 14,yes,1
3845,3846,nothing special. love this product.,75,133,13-04-2023 08:04,April 14,no,2
3846,3847,best purchase ever. excellent quality. met expectations.,76,133,13-04-2023 08:04,April 14,yes,0
3847,3848,terrible product. customer service was bad.,78,133,13-04-2023 08:04,April 14,no,5
3848,3849,does not work. broke easily.,84,133,13-04-2023 08:04,April 14,no,6
3849,3850,met expectations. customer service was bad.,91,133,13-04-2023 08:04,April 14,yes,2
3850,3851,met expectations. missing features.,94,133,13-04-2023 08:04,April 14,yes,1
3851,3852,fantastic. fantastic.,96,133,13-04-2023 08:04,April 14,no,3
3852,3853,could be better. terrible product.,98,133,13-04-2023 08:04,April 14,yes,1
3853,3854,decent for the price. would not recommend.,3,134,13-04-2023 08:04,April 14,no,2
3854,3855,love this product. works perfectly.,5,134,13-04-2023 08:04,April 14,no,4
3855,3856,works as expected. bad experience.,12,134,13-04-2023 08:04,April 14,yes,2
3856,3857,easy to use. excellent quality.,14,134,13-04-2023 08:04,April 14,yes,1
3857,3858,would not recommend. difficult to use. works as expected.,15,134,13-04-2023 08:04,April 14,no,2
3858,3859,wonderful experience. highly recommend.,21,134,13-04-2023 08:04,April 14,yes,0
3859,3860,one star. customer service was bad.,22,134,13-04-2023 08:04,April 14,no,5
3860,3861,difficult to use. bad experience.,24,134,13-04-2023 08:04,April 14,no,6
3861,3862,some pros and cons. bad experience.,36,134,13-04-2023 08:04,April 14,yes,2
3862,3863,works perfectly. great value.,37,134,13-04-2023 08:04,April 14,yes,1
3863,3864,worst purchase. difficult to use.,41,134,13-04-2023 08:04,April 14,no,3
3864,3865,love this product. easy to use.,46,134,13-04-2023 08:04,April 14,yes,1
3865,3866,works perfectly. amazing features.,50,134,13-04-2023 08:04,April 14,no,2
3866,3867,poor quality. missing features.,52,134,13-04-2023 08:04,April 14,no,4
3867,3868,customer service was bad. terrible product.,54,134,13-04-2023 08:04,April 14,yes,2
3868,3869,would not recommend. would not recommend. it's okay.,57,134,13-04-2023 08:04,April 14,yes,1
3869,3870,five stars. very satisfied. average product.,66,134,13-04-2023 08:04,April 14,no,2
3870,3871,terrible product. bad experience. met expectations.,71,134,13-04-2023 08:04,April 14,yes,0
3871,3872,wonderful experience. best purchase ever.,75,134,13-04-2023 08:04,April 14,no,5
3872,3873,does not work. difficult to use.,76,134,13-04-2023 08:04,April 14,no,6
3873,3874,customer service was bad. terrible product.,84,134,13-04-2023 08:04,April 14,yes,2
3874,3875,some pros and cons. five stars.,87,134,13-04-2023 08:04,April 14,yes,1
3875,3876,very disappointed. would not recommend.,91,134,13-04-2023 08:04,April 14,no,3
3876,3877,difficult to use. does not work.,100,134,13-04-2023 08:04,April 14,yes,1
3877,3878,customer service was bad. bad experience.,2,135,13-04-2023 08:04,April 14,no,2
3878,3879,excellent quality. love this product.,3,135,13-04-2023 08:04,April 14,no,4
3879,3880,customer service was bad. difficult to use. could be better.,5,135,13-04-2023 08:04,April 14,yes,2
3880,3881,works as expected. terrible product.,6,135,13-04-2023 08:04,April 14,yes,1
3881,3882,great value. love this product.,9,135,13-04-2023 08:04,April 14,no,2
3882,3883,met expectations. five stars.,14,135,13-04-2023 08:04,April 14,yes,0
3883,3884,broke easily. terrible product.,17,135,13-04-2023 08:04,April 14,no,5
3884,3885,excellent quality. wonderful experience.,21,135,13-04-2023 08:04,April 14,no,6
3885,3886,it's okay. very disappointed.,24,135,13-04-2023 08:04,April 14,yes,2
3886,3887,waste of money. worst purchase. average product.,27,135,13-04-2023 08:04,April 14,yes,1
3887,3888,best purchase ever. wonderful experience.,35,135,13-04-2023 08:04,April 14,no,3
3888,3889,highly recommend. wonderful experience.,36,135,13-04-2023 08:04,April 14,yes,1
3889,3890,neither good nor bad. difficult to use.,41,135,13-04-2023 08:04,April 14,no,2
3890,3891,works perfectly. easy to use.,44,135,13-04-2023 08:04,April 14,no,4
3891,3892,difficult to use. does not work.,47,135,13-04-2023 08:04,April 14,yes,2
3892,3893,terrible product. bad experience.,54,135,13-04-2023 08:04,April 14,yes,1
3893,3894,would not recommend. waste of money.,56,135,13-04-2023 08:04,April 14,no,2
3894,3895,worst purchase. does not work.,57,135,13-04-2023 08:04,April 14,yes,0
3895,3896,customer service was bad. broke easily.,60,135,13-04-2023 08:04,April 14,no,5
3896,3897,missing features. difficult to use.,66,135,13-04-2023 08:04,April 14,no,6
3897,3898,missing features. waste of money.,69,135,13-04-2023 08:04,April 14,yes,2
3898,3899,fantastic. fantastic.,70,135,13-04-2023 08:04,April 14,yes,1
3899,3900,amazing features. five stars. some pros and cons.,71,135,13-04-2023 08:04,April 14,no,3
3900,3901,excellent quality. fantastic.,73,135,13-04-2023 08:04,April 14,yes,1
3901,3902,wonderful experience. fantastic. it's okay.,75,135,13-04-2023 08:04,April 14,no,2
3902,3903,bad experience. poor quality. it's okay.,76,135,13-04-2023 08:04,April 14,no,4
3903,3904,fantastic. fantastic.,82,135,13-04-2023 08:04,April 14,yes,2
3904,3905,exceeded expectations. five stars. works as expected.,91,135,13-04-2023 08:04,April 14,yes,1
3905,3906,worst purchase. worst purchase. it's okay.,93,135,13-04-2023 08:04,April 14,no,2
3906,3907,terrible product. worst purchase.,98,135,13-04-2023 08:04,April 14,yes,0
3907,3908,fantastic. works perfectly.,5,136,13-04-2023 08:04,April 14,no,5
3908,3909,would not recommend. waste of money.,9,136,13-04-2023 08:04,April 14,no,6
3909,3910,love this product. amazing features.,13,136,13-04-2023 08:04,April 14,yes,2
3910,3911,would not recommend. difficult to use.,14,136,13-04-2023 08:04,April 14,yes,1
3911,3912,neither good nor bad. amazing features.,16,136,13-04-2023 08:04,April 14,no,3
3912,3913,highly recommend. wonderful experience.,19,136,13-04-2023 08:04,April 14,yes,1
3913,3914,one star. worst purchase.,21,136,13-04-2023 08:04,April 14,no,2
3914,3915,five stars. highly recommend. some pros and cons.,24,136,13-04-2023 08:04,April 14,no,4
3915,3916,excellent quality. highly recommend.,30,136,13-04-2023 08:04,April 14,yes,2
3916,3917,nothing special. works perfectly.,36,136,13-04-2023 08:04,April 14,yes,1
3917,3918,would not recommend. very disappointed. nothing special.,40,136,13-04-2023 08:04,April 14,no,2
3918,3919,works as expected. exceeded expectations.,41,136,13-04-2023 08:04,April 14,yes,0
3919,3920,exceeded expectations. great value. works as expected.,54,136,13-04-2023 08:04,April 14,no,5
3920,3921,waste of money. missing features.,56,136,13-04-2023 08:04,April 14,no,6
3921,3922,fantastic. great value.,57,136,13-04-2023 08:04,April 14,yes,2
3922,3923,customer service was bad. difficult to use.,61,136,13-04-2023 08:04,April 14,yes,1
3923,3924,best purchase ever. best purchase ever. works as expected.,62,136,13-04-2023 08:04,April 14,no,3
3924,3925,average product. very satisfied.,63,136,13-04-2023 08:04,April 14,yes,1
3925,3926,does not work. poor quality. average product.,65,136,13-04-2023 08:04,April 14,no,2
3926,3927,amazing features. five stars.,66,136,13-04-2023 08:04,April 14,no,4
3927,3928,waste of money. would not recommend. nothing special.,70,136,13-04-2023 08:04,April 14,yes,2
3928,3929,very satisfied. excellent quality. decent for the price.,71,136,13-04-2023 08:04,April 14,yes,1
3929,3930,highly recommend. fantastic.,73,136,13-04-2023 08:04,April 14,no,2
3930,3931,very disappointed. very disappointed.,75,136,13-04-2023 08:04,April 14,yes,0
3931,3932,very satisfied. love this product.,76,136,13-04-2023 08:04,April 14,no,5
3932,3933,met expectations. customer service was bad.,79,136,13-04-2023 08:04,April 14,no,6
3933,3934,one star. worst purchase. some pros and cons.,84,136,13-04-2023 08:04,April 14,yes,2
3934,3935,exceeded expectations. easy to use. nothing special.,91,136,13-04-2023 08:04,April 14,yes,1
3935,3936,excellent quality. love this product.,93,136,13-04-2023 08:04,April 14,no,3
3936,3937,fantastic. fantastic. decent for the price.,94,136,13-04-2023 08:04,April 14,yes,1
3937,3938,poor quality. worst purchase.,96,136,13-04-2023 08:04,April 14,no,2
3938,3939,would not recommend. worst purchase.,97,136,13-04-2023 08:04,April 14,no,4
3939,3940,exceeded expectations. very satisfied. could be better.,99,136,13-04-2023 08:04,April 14,yes,2
3940,3941,missing features. waste of money. met expectations.,100,136,13-04-2023 08:04,April 14,yes,1
3941,3942,best purchase ever. fantastic.,4,137,13-04-2023 08:04,April 14,no,2
3942,3943,one star. poor quality.,5,137,13-04-2023 08:04,April 14,yes,0
3943,3944,best purchase ever. fantastic.,8,137,13-04-2023 08:04,April 14,no,5
3944,3945,great value. exceeded expectations.,10,137,13-04-2023 08:04,April 14,no,6
3945,3946,excellent quality. best purchase ever.,14,137,13-04-2023 08:04,April 14,yes,2
3946,3947,love this product. highly recommend. decent for the price.,20,137,13-04-2023 08:04,April 14,yes,1
3947,3948,fantastic. wonderful experience. nothing special.,21,137,13-04-2023 08:04,April 14,no,3
3948,3949,five stars. best purchase ever.,24,137,13-04-2023 08:04,April 14,yes,1
3949,3950,waste of money. very disappointed.,31,137,13-04-2023 08:04,April 14,no,2
3950,3951,excellent quality. wonderful experience.,33,137,13-04-2023 08:04,April 14,no,4
3951,3952,best purchase ever. very satisfied. it's okay.,35,137,13-04-2023 08:04,April 14,yes,2
3952,3953,broke easily. missing features. decent for the price.,36,137,13-04-2023 08:04,April 14,yes,1
3953,3954,best purchase ever. five stars.,41,137,13-04-2023 08:04,April 14,no,2
3954,3955,one star. poor quality.,43,137,13-04-2023 08:04,April 14,yes,0
3955,3956,average product. customer service was bad.,48,137,13-04-2023 08:04,April 14,no,5
3956,3957,bad experience. poor quality.,54,137,13-04-2023 08:04,April 14,no,6
3957,3958,difficult to use. worst purchase. could be better.,57,137,13-04-2023 08:04,April 14,yes,2
3958,3959,it's okay. easy to use.,60,137,13-04-2023 08:04,April 14,yes,1
3959,3960,easy to use. excellent quality.,61,137,13-04-2023 08:04,April 14,no,3
3960,3961,it's okay. missing features.,66,137,13-04-2023 08:04,April 14,yes,1
3961,3962,five stars. highly recommend.,71,137,13-04-2023 08:04,April 14,no,2
3962,3963,difficult to use. waste of money.,72,137,13-04-2023 08:04,April 14,no,4
3963,3964,great value. highly recommend. decent for the price.,75,137,13-04-2023 08:04,April 14,yes,2
3964,3965,works perfectly. wonderful experience. nothing special.,76,137,13-04-2023 08:04,April 14,yes,1
3965,3966,wonderful experience. five stars. decent for the price.,78,137,13-04-2023 08:04,April 14,no,2
3966,3967,great value. easy to use.,79,137,13-04-2023 08:04,April 14,yes,0
3967,3968,waste of money. worst purchase.,91,137,13-04-2023 08:04,April 14,no,5
3968,3969,could be better. love this product.,92,137,13-04-2023 08:04,April 14,no,6
3969,3970,great value. best purchase ever. nothing special.,94,137,13-04-2023 08:04,April 14,yes,2
3970,3971,highly recommend. excellent quality. could be better.,5,138,13-04-2023 08:04,April 14,yes,1
3971,3972,one star. worst purchase.,6,138,13-04-2023 08:04,April 14,no,3
3972,3973,waste of money. one star.,12,138,13-04-2023 08:04,April 14,yes,1
3973,3974,five stars. great value. average product.,14,138,13-04-2023 08:04,April 14,no,2
3974,3975,terrible product. terrible product.,20,138,13-04-2023 08:04,April 14,no,4
3975,3976,does not work. missing features.,21,138,13-04-2023 08:04,April 14,yes,2
3976,3977,wonderful experience. excellent quality.,24,138,13-04-2023 08:04,April 14,yes,1
3977,3978,neither good nor bad. bad experience.,28,138,13-04-2023 08:04,April 14,no,2
3978,3979,difficult to use. very disappointed. nothing special.,36,138,13-04-2023 08:04,April 14,yes,0
3979,3980,customer service was bad. would not recommend.,37,138,13-04-2023 08:04,April 14,no,5
3980,3981,easy to use. highly recommend. nothing special.,39,138,13-04-2023 08:04,April 14,no,6
3981,3982,would not recommend. awful. nothing special.,41,138,13-04-2023 08:04,April 14,yes,2
3982,3983,works as expected. terrible product.,42,138,13-04-2023 08:04,April 14,yes,1
3983,3984,it's okay. five stars.,50,138,13-04-2023 08:04,April 14,no,3
3984,3985,bad experience. does not work.,54,138,13-04-2023 08:04,April 14,yes,1
3985,3986,it's okay. wonderful experience.,56,138,13-04-2023 08:04,April 14,no,2
3986,3987,broke easily. customer service was bad. met expectations.,57,138,13-04-2023 08:04,April 14,no,4
3987,3988,broke easily. difficult to use.,63,138,13-04-2023 08:04,April 14,yes,2
3988,3989,customer service was bad. poor quality.,66,138,13-04-2023 08:04,April 14,yes,1
3989,3990,missing features. broke easily.,71,138,13-04-2023 08:04,April 14,no,2
3990,3991,nothing special. missing features.,72,138,13-04-2023 08:04,April 14,yes,0
3991,3992,very satisfied. easy to use. met expectations.,73,138,13-04-2023 08:04,April 14,no,5
3992,3993,amazing features. five stars.,75,138,13-04-2023 08:04,April 14,no,6
3993,3994,five stars. five stars.,76,138,13-04-2023 08:04,April 14,yes,2
3994,3995,worst purchase. terrible product. some pros and cons.,85,138,13-04-2023 08:04,April 14,yes,1
3995,3996,average product. worst purchase.,91,138,13-04-2023 08:04,April 14,no,3
3996,3997,met expectations. poor quality.,92,138,13-04-2023 08:04,April 14,yes,1
3997,3998,works as expected. five stars.,97,138,13-04-2023 08:04,April 14,no,2
3998,3999,fantastic. excellent quality. neither good nor bad.,2,139,13-04-2023 08:04,April 14,no,4
3999,4000,waste of money. worst purchase. works as expected.,5,139,13-04-2023 08:04,April 14,yes,2
4000,4001,fantastic. wonderful experience.,8,139,13-04-2023 08:04,April 14,yes,1
4001,4002,broke easily. awful.,11,139,13-04-2023 08:04,April 14,no,2
4002,4003,met expectations. five stars.,14,139,13-04-2023 08:04,April 14,yes,0
4003,4004,very satisfied. wonderful experience.,16,139,13-04-2023 08:04,April 14,no,5
4004,4005,worst purchase. one star.,19,139,13-04-2023 08:04,April 14,no,6
4005,4006,some pros and cons. works perfectly.,20,139,13-04-2023 08:04,April 14,yes,2
4006,4007,highly recommend. amazing features.,21,139,13-04-2023 08:04,April 14,yes,1
4007,4008,waste of money. poor quality.,24,139,13-04-2023 08:04,April 14,no,3
4008,4009,love this product. highly recommend. nothing special.,30,139,13-04-2023 08:04,April 14,yes,1
4009,4010,poor quality. worst purchase.,32,139,13-04-2023 08:04,April 14,no,2
4010,4011,awful. customer service was bad. some pros and cons.,36,139,13-04-2023 08:04,April 14,no,4
4011,4012,fantastic. best purchase ever.,40,139,13-04-2023 08:04,April 14,yes,2
4012,4013,wonderful experience. love this product. some pros and cons.,41,139,13-04-2023 08:04,April 14,yes,1
4013,4014,broke easily. does not work.,54,139,13-04-2023 08:04,April 14,no,2
4014,4015,decent for the price. worst purchase.,57,139,13-04-2023 08:04,April 14,yes,0
4015,4016,awful. one star.,65,139,13-04-2023 08:04,April 14,no,5
4016,4017,exceeded expectations. works perfectly.,66,139,13-04-2023 08:04,April 14,no,6
4017,4018,best purchase ever. easy to use.,71,139,13-04-2023 08:04,April 14,yes,2
4018,4019,works as expected. easy to use.,73,139,13-04-2023 08:04,April 14,yes,1
4019,4020,difficult to use. difficult to use.,75,139,13-04-2023 08:04,April 14,no,3
4020,4021,neither good nor bad. very satisfied.,76,139,13-04-2023 08:04,April 14,yes,1
4021,4022,amazing features. great value.,78,139,13-04-2023 08:04,April 14,no,2
4022,4023,exceeded expectations. best purchase ever. some pros and cons.,91,139,13-04-2023 08:04,April 14,no,4
4023,4024,would not recommend. bad experience.,96,139,13-04-2023 08:04,April 14,yes,2
4024,4025,it's okay. five stars.,5,140,13-04-2023 08:04,April 14,yes,1
4025,4026,it's okay. five stars.,9,140,13-04-2023 08:04,April 14,no,2
4026,4027,broke easily. terrible product.,12,140,13-04-2023 08:04,April 14,yes,0
4027,4028,love this product. works perfectly.,14,140,13-04-2023 08:04,April 14,no,5
4028,4029,very satisfied. easy to use.,15,140,13-04-2023 08:04,April 14,no,6
4029,4030,could be better. excellent quality.,20,140,13-04-2023 08:04,April 14,yes,2
4030,4031,met expectations. does not work.,21,140,13-04-2023 08:04,April 14,yes,1
4031,4032,best purchase ever. works perfectly.,24,140,13-04-2023 08:04,April 14,no,3
4032,4033,easy to use. excellent quality.,26,140,13-04-2023 08:04,April 14,yes,1
4033,4034,average product. customer service was bad.,28,140,13-04-2023 08:04,April 14,no,2
4034,4035,worst purchase. missing features.,30,140,13-04-2023 08:04,April 14,no,4
4035,4036,customer service was bad. one star.,33,140,13-04-2023 08:04,April 14,yes,2
4036,4037,works as expected. very disappointed.,36,140,13-04-2023 08:04,April 14,yes,1
4037,4038,awful. would not recommend.,39,140,13-04-2023 08:04,April 14,no,2
4038,4039,amazing features. wonderful experience. average product.,41,140,13-04-2023 08:04,April 14,yes,0
4039,4040,would not recommend. terrible product. decent for the price.,44,140,13-04-2023 08:04,April 14,no,5
4040,4041,love this product. five stars.,50,140,13-04-2023 08:04,April 14,no,6
4041,4042,exceeded expectations. excellent quality.,54,140,13-04-2023 08:04,April 14,yes,2
4042,4043,waste of money. one star.,57,140,13-04-2023 08:04,April 14,yes,1
4043,4044,it's okay. five stars.,62,140,13-04-2023 08:04,April 14,no,3
4044,4045,very satisfied. works perfectly.,63,140,13-04-2023 08:04,April 14,yes,1
4045,4046,works perfectly. five stars.,65,140,13-04-2023 08:04,April 14,no,2
4046,4047,works perfectly. excellent quality.,66,140,13-04-2023 08:04,April 14,no,4
4047,4048,very disappointed. difficult to use. average product.,67,140,13-04-2023 08:04,April 14,yes,2
4048,4049,broke easily. very disappointed.,71,140,13-04-2023 08:04,April 14,yes,1
4049,4050,wonderful experience. five stars.,75,140,13-04-2023 08:04,April 14,no,2
4050,4051,terrible product. awful.,76,140,13-04-2023 08:04,April 14,yes,0
4051,4052,five stars. excellent quality. neither good nor bad.,84,140,13-04-2023 08:04,April 14,no,5
4052,4053,met expectations. very disappointed.,91,140,13-04-2023 08:04,April 14,no,6
4053,4054,broke easily. one star.,97,140,13-04-2023 08:04,April 14,yes,2
4054,4055,highly recommend. very satisfied. nothing special.,99,140,13-04-2023 08:04,April 14,yes,1
4055,4056,average product. customer service was bad.,2,141,13-04-2023 08:04,April 14,no,3
4056,4057,neither good nor bad. best purchase ever.,4,141,13-04-2023 08:04,April 14,yes,1
4057,4058,best purchase ever. best purchase ever. average product.,5,141,13-04-2023 08:04,April 14,no,2
4058,4059,bad experience. difficult to use.,11,141,13-04-2023 08:04,April 14,no,4
4059,4060,best purchase ever. works perfectly.,12,141,13-04-2023 08:04,April 14,yes,2
4060,4061,waste of money. terrible product.,13,141,13-04-2023 08:04,April 14,yes,1
4061,4062,best purchase ever. great value.,14,141,13-04-2023 08:04,April 14,no,2
4062,4063,very disappointed. waste of money.,15,141,13-04-2023 08:04,April 14,yes,0
4063,4064,love this product. fantastic.,17,141,13-04-2023 08:04,April 14,no,5
4064,4065,exceeded expectations. highly recommend.,20,141,13-04-2023 08:04,April 14,no,6
4065,4066,broke easily. waste of money.,21,141,13-04-2023 08:04,April 14,yes,2
4066,4067,one star. bad experience. average product.,22,141,13-04-2023 08:04,April 14,yes,1
4067,4068,love this product. best purchase ever.,24,141,13-04-2023 08:04,April 14,no,3
4068,4069,does not work. missing features.,26,141,13-04-2023 08:04,April 14,yes,1
4069,4070,awful. would not recommend.,28,141,13-04-2023 08:04,April 14,no,2
4070,4071,great value. amazing features.,33,141,13-04-2023 08:04,April 14,no,4
4071,4072,average product. fantastic.,36,141,13-04-2023 08:04,April 14,yes,2
4072,4073,easy to use. amazing features. it's okay.,41,141,13-04-2023 08:04,April 14,yes,1
4073,4074,bad experience. broke easily. nothing special.,54,141,13-04-2023 08:04,April 14,no,2
4074,4075,amazing features. easy to use.,57,141,13-04-2023 08:04,April 14,yes,0
4075,4076,works perfectly. five stars.,60,141,13-04-2023 08:04,April 14,no,5
4076,4077,neither good nor bad. difficult to use.,66,141,13-04-2023 08:04,April 14,no,6
4077,4078,easy to use. best purchase ever.,71,141,13-04-2023 08:04,April 14,yes,2
4078,4079,five stars. amazing features.,75,141,13-04-2023 08:04,April 14,yes,1
4079,4080,wonderful experience. fantastic. average product.,76,141,13-04-2023 08:04,April 14,no,3
4080,4081,decent for the price. fantastic.,84,141,13-04-2023 08:04,April 14,yes,1
4081,4082,love this product. easy to use.,91,141,13-04-2023 08:04,April 14,no,2
4082,4083,works perfectly. wonderful experience.,96,141,13-04-2023 08:04,April 14,no,4
4083,4084,neither good nor bad. wonderful experience.,4,142,13-04-2023 08:04,April 14,yes,2
4084,4085,best purchase ever. highly recommend. some pros and cons.,5,142,13-04-2023 08:04,April 14,yes,1
4085,4086,customer service was bad. missing features.,11,142,13-04-2023 08:04,April 14,no,2
4086,4087,very disappointed. worst purchase. decent for the price.,14,142,13-04-2023 08:04,April 14,yes,0
4087,4088,works perfectly. highly recommend. some pros and cons.,21,142,13-04-2023 08:04,April 14,no,5
4088,4089,difficult to use. missing features.,22,142,13-04-2023 08:04,April 14,no,6
4089,4090,waste of money. awful. nothing special.,24,142,13-04-2023 08:04,April 14,yes,2
4090,4091,one star. one star.,33,142,13-04-2023 08:04,April 14,yes,1
4091,4092,amazing features. love this product.,36,142,13-04-2023 08:04,April 14,no,3
4092,4093,works perfectly. wonderful experience.,41,142,13-04-2023 08:04,April 14,yes,1
4093,4094,could be better. broke easily.,42,142,13-04-2023 08:04,April 14,no,2
4094,4095,love this product. excellent quality.,44,142,13-04-2023 08:04,April 14,no,4
4095,4096,missing features. very disappointed.,52,142,13-04-2023 08:04,April 14,yes,2
4096,4097,missing features. does not work. decent for the price.,54,142,13-04-2023 08:04,April 14,yes,1
4097,4098,very satisfied. works perfectly.,55,142,13-04-2023 08:04,April 14,no,2
4098,4099,best purchase ever. works perfectly. some pros and cons.,56,142,13-04-2023 08:04,April 14,yes,0
4099,4100,would not recommend. customer service was bad.,57,142,13-04-2023 08:04,April 14,no,5
4100,4101,difficult to use. worst purchase.,66,142,13-04-2023 08:04,April 14,no,6
4101,4102,it's okay. waste of money.,67,142,13-04-2023 08:04,April 14,yes,2
4102,4103,neither good nor bad. waste of money.,70,142,13-04-2023 08:04,April 14,yes,1
4103,4104,very disappointed. one star.,71,142,13-04-2023 08:04,April 14,no,3
4104,4105,broke easily. does not work.,75,142,13-04-2023 08:04,April 14,yes,1
4105,4106,fantastic. five stars. works as expected.,76,142,13-04-2023 08:04,April 14,no,2
4106,4107,awful. terrible product.,84,142,13-04-2023 08:04,April 14,no,4
4107,4108,excellent quality. very satisfied.,91,142,13-04-2023 08:04,April 14,yes,2
4108,4109,amazing features. easy to use. met expectations.,92,142,13-04-2023 08:04,April 14,yes,1
4109,4110,works perfectly. works perfectly.,96,142,13-04-2023 08:04,April 14,no,2
4110,4111,waste of money. waste of money.,99,142,13-04-2023 08:04,April 14,yes,0
4111,4112,very disappointed. terrible product.,3,143,13-04-2023 08:04,April 14,no,5
4112,4113,love this product. best purchase ever.,5,143,13-04-2023 08:04,April 14,no,6
4113,4114,very disappointed. awful.,8,143,13-04-2023 08:04,April 14,yes,2
4114,4115,fantastic. love this product.,9,143,13-04-2023 08:04,April 14,yes,1
4115,4116,fantastic. excellent quality.,13,143,13-04-2023 08:04,April 14,no,3
4116,4117,neither good nor bad. one star.,14,143,13-04-2023 08:04,April 14,yes,1
4117,4118,amazing features. easy to use.,16,143,13-04-2023 08:04,April 14,no,2
4118,4119,very disappointed. worst purchase.,17,143,13-04-2023 08:04,April 14,no,4
4119,4120,missing features. would not recommend.,21,143,13-04-2023 08:04,April 14,yes,2
4120,4121,would not recommend. very disappointed.,24,143,13-04-2023 08:04,April 14,yes,1
4121,4122,missing features. waste of money.,36,143,13-04-2023 08:04,April 14,no,2
4122,4123,bad experience. very disappointed.,39,143,13-04-2023 08:04,April 14,yes,0
4123,4124,very disappointed. very disappointed. nothing special.,41,143,13-04-2023 08:04,April 14,no,5
4124,4125,could be better. awful.,42,143,13-04-2023 08:04,April 14,no,6
4125,4126,would not recommend. very disappointed.,46,143,13-04-2023 08:04,April 14,yes,2
4126,4127,could be better. wonderful experience.,47,143,13-04-2023 08:04,April 14,yes,1
4127,4128,very satisfied. highly recommend.,48,143,13-04-2023 08:04,April 14,no,3
4128,4129,terrible product. worst purchase.,50,143,13-04-2023 08:04,April 14,yes,1
4129,4130,love this product. very satisfied.,54,143,13-04-2023 08:04,April 14,no,2
4130,4131,one star. poor quality.,56,143,13-04-2023 08:04,April 14,no,4
4131,4132,waste of money. missing features.,57,143,13-04-2023 08:04,April 14,yes,2
4132,4133,it's okay. one star.,62,143,13-04-2023 08:04,April 14,yes,1
4133,4134,exceeded expectations. amazing features. works as expected.,63,143,13-04-2023 08:04,April 14,no,2
4134,4135,met expectations. wonderful experience.,66,143,13-04-2023 08:04,April 14,yes,0
4135,4136,decent for the price. works perfectly.,67,143,13-04-2023 08:04,April 14,no,5
4136,4137,some pros and cons. missing features.,69,143,13-04-2023 08:04,April 14,no,6
4137,4138,terrible product. missing features.,71,143,13-04-2023 08:04,April 14,yes,2
4138,4139,does not work. very disappointed.,72,143,13-04-2023 08:04,April 14,yes,1
4139,4140,it's okay. difficult to use.,73,143,13-04-2023 08:04,April 14,no,3
4140,4141,some pros and cons. great value.,75,143,13-04-2023 08:04,April 14,yes,1
4141,4142,average product. broke easily.,76,143,13-04-2023 08:04,April 14,no,2
4142,4143,would not recommend. bad experience. could be better.,82,143,13-04-2023 08:04,April 14,no,4
4143,4144,highly recommend. five stars.,84,143,13-04-2023 08:04,April 14,yes,2
4144,4145,decent for the price. customer service was bad.,91,143,13-04-2023 08:04,April 14,yes,1
4145,4146,one star. worst purchase.,92,143,13-04-2023 08:04,April 14,no,2
4146,4147,awful. one star.,94,143,13-04-2023 08:04,April 14,yes,0
4147,4148,fantastic. great value.,5,144,13-04-2023 08:04,April 14,no,5
4148,4149,missing features. very disappointed. could be better.,8,144,13-04-2023 08:04,April 14,no,6
4149,4150,waste of money. worst purchase.,9,144,13-04-2023 08:04,April 14,yes,2
4150,4151,does not work. awful.,14,144,13-04-2023 08:04,April 14,yes,1
4151,4152,would not recommend. missing features. some pros and cons.,21,144,13-04-2023 08:04,April 14,no,3
4152,4153,met expectations. excellent quality.,24,144,13-04-2023 08:04,April 14,yes,1
4153,4154,works as expected. amazing features.,31,144,13-04-2023 08:04,April 14,no,2
4154,4155,love this product. wonderful experience.,36,144,13-04-2023 08:04,April 14,no,4
4155,4156,difficult to use. terrible product.,38,144,13-04-2023 08:04,April 14,yes,2
4156,4157,bad experience. awful.,41,144,13-04-2023 08:04,April 14,yes,1
4157,4158,does not work. broke easily.,50,144,13-04-2023 08:04,April 14,no,2
4158,4159,fantastic. works perfectly. works as expected.,54,144,13-04-2023 08:04,April 14,yes,0
4159,4160,poor quality. customer service was bad.,57,144,13-04-2023 08:04,April 14,no,5
4160,4161,easy to use. works perfectly.,63,144,13-04-2023 08:04,April 14,no,6
4161,4162,terrible product. difficult to use.,66,144,13-04-2023 08:04,April 14,yes,2
4162,4163,difficult to use. does not work. could be better.,71,144,13-04-2023 08:04,April 14,yes,1
4163,4164,terrible product. one star. average product.,75,144,13-04-2023 08:04,April 14,no,3
4164,4165,nothing special. waste of money.,76,144,13-04-2023 08:04,April 14,yes,1
4165,4166,difficult to use. waste of money. works as expected.,78,144,13-04-2023 08:04,April 14,no,2
4166,4167,excellent quality. love this product.,91,144,13-04-2023 08:04,April 14,no,4
4167,4168,easy to use. easy to use. decent for the price.,95,144,13-04-2023 08:04,April 14,yes,2
4168,4169,five stars. works perfectly.,97,144,13-04-2023 08:04,April 14,yes,1
4169,4170,fantastic. exceeded expectations.,98,144,13-04-2023 08:04,April 14,no,2
4170,4171,missing features. awful.,5,145,13-04-2023 08:04,April 14,yes,0
4171,4172,customer service was bad. would not recommend. average product.,11,145,13-04-2023 08:04,April 14,no,5
4172,4173,great value. best purchase ever.,14,145,13-04-2023 08:04,April 14,no,6
4173,4174,very disappointed. worst purchase.,21,145,13-04-2023 08:04,April 14,yes,2
4174,4175,amazing features. very satisfied.,24,145,13-04-2023 08:04,April 14,yes,1
4175,4176,worst purchase. bad experience.,36,145,13-04-2023 08:04,April 14,no,3
4176,4177,excellent quality. five stars.,37,145,13-04-2023 08:04,April 14,yes,1
4177,4178,does not work. worst purchase. could be better.,39,145,13-04-2023 08:04,April 14,no,2
4178,4179,met expectations. fantastic.,41,145,13-04-2023 08:04,April 14,no,4
4179,4180,works perfectly. works perfectly.,43,145,13-04-2023 08:04,April 14,yes,2
4180,4181,worst purchase. poor quality. some pros and cons.,46,145,13-04-2023 08:04,April 14,yes,1
4181,4182,broke easily. awful.,52,145,13-04-2023 08:04,April 14,no,2
4182,4183,met expectations. does not work.,54,145,13-04-2023 08:04,April 14,yes,0
4183,4184,best purchase ever. amazing features.,57,145,13-04-2023 08:04,April 14,no,5
4184,4185,love this product. easy to use.,60,145,13-04-2023 08:04,April 14,no,6
4185,4186,broke easily. worst purchase. neither good nor bad.,66,145,13-04-2023 08:04,April 14,yes,2
4186,4187,worst purchase. difficult to use. decent for the price.,69,145,13-04-2023 08:04,April 14,yes,1
4187,4188,broke easily. difficult to use.,71,145,13-04-2023 08:04,April 14,no,3
4188,4189,best purchase ever. easy to use. could be better.,75,145,13-04-2023 08:04,April 14,yes,1
4189,4190,works as expected. awful.,76,145,13-04-2023 08:04,April 14,no,2
4190,4191,awful. terrible product.,84,145,13-04-2023 08:04,April 14,no,4
4191,4192,bad experience. worst purchase.,87,145,13-04-2023 08:04,April 14,yes,2
4192,4193,customer service was bad. broke easily.,91,145,13-04-2023 08:04,April 14,yes,1
4193,4194,works perfectly. exceeded expectations.,94,145,13-04-2023 08:04,April 14,no,2
4194,4195,great value. five stars.,95,145,13-04-2023 08:04,April 14,yes,0
4195,4196,highly recommend. great value.,98,145,13-04-2023 08:04,April 14,no,5
4196,4197,awful. customer service was bad.,100,145,13-04-2023 08:04,April 14,no,6
4197,4198,terrible product. waste of money.,3,146,13-04-2023 08:04,April 14,yes,2
4198,4199,broke easily. worst purchase.,5,146,13-04-2023 08:04,April 14,yes,1
4199,4200,fantastic. exceeded expectations.,9,146,13-04-2023 08:04,April 14,no,3
4200,4201,would not recommend. broke easily.,10,146,13-04-2023 08:04,April 14,yes,1
4201,4202,excellent quality. amazing features. it's okay.,14,146,13-04-2023 08:04,April 14,no,2
4202,4203,waste of money. very disappointed.,17,146,13-04-2023 08:04,April 14,no,4
4203,4204,worst purchase. terrible product. works as expected.,18,146,13-04-2023 08:04,April 14,yes,2
4204,4205,awful. does not work.,20,146,13-04-2023 08:04,April 14,yes,1
4205,4206,highly recommend. great value. some pros and cons.,21,146,13-04-2023 08:04,April 14,no,2
4206,4207,some pros and cons. excellent quality.,24,146,13-04-2023 08:04,April 14,yes,0
4207,4208,fantastic. amazing features.,30,146,13-04-2023 08:04,April 14,no,5
4208,4209,met expectations. great value.,32,146,13-04-2023 08:04,April 14,no,6
4209,4210,one star. bad experience.,35,146,13-04-2023 08:04,April 14,yes,2
4210,4211,wonderful experience. works perfectly.,36,146,13-04-2023 08:04,April 14,yes,1
4211,4212,very disappointed. awful.,38,146,13-04-2023 08:04,April 14,no,3
4212,4213,amazing features. wonderful experience.,41,146,13-04-2023 08:04,April 14,yes,1
4213,4214,broke easily. very disappointed. decent for the price.,42,146,13-04-2023 08:04,April 14,no,2
4214,4215,neither good nor bad. exceeded expectations.,44,146,13-04-2023 08:04,April 14,no,4
4215,4216,wonderful experience. wonderful experience. average product.,47,146,13-04-2023 08:04,April 14,yes,2
4216,4217,excellent quality. five stars. works as expected.,54,146,13-04-2023 08:04,April 14,yes,1
4217,4218,decent for the price. highly recommend.,56,146,13-04-2023 08:04,April 14,no,2
4218,4219,love this product. five stars. met expectations.,57,146,13-04-2023 08:04,April 14,yes,0
4219,4220,customer service was bad. bad experience.,60,146,13-04-2023 08:04,April 14,no,5
4220,4221,neither good nor bad. love this product.,61,146,13-04-2023 08:04,April 14,no,6
4221,4222,average product. wonderful experience.,65,146,13-04-2023 08:04,April 14,yes,2
4222,4223,amazing features. easy to use.,66,146,13-04-2023 08:04,April 14,yes,1
4223,4224,highly recommend. very satisfied. works as expected.,71,146,13-04-2023 08:04,April 14,no,3
4224,4225,bad experience. waste of money.,72,146,13-04-2023 08:04,April 14,yes,1
4225,4226,amazing features. great value.,75,146,13-04-2023 08:04,April 14,no,2
4226,4227,poor quality. bad experience. it's okay.,76,146,13-04-2023 08:04,April 14,no,4
4227,4228,one star. broke easily.,78,146,13-04-2023 08:04,April 14,yes,2
4228,4229,awful. broke easily.,79,146,13-04-2023 08:04,April 14,yes,1
4229,4230,fantastic. five stars.,91,146,13-04-2023 08:04,April 14,no,2
4230,4231,easy to use. love this product.,94,146,13-04-2023 08:04,April 14,yes,0
4231,4232,amazing features. five stars. met expectations.,97,146,13-04-2023 08:04,April 14,no,5
4232,4233,fantastic. exceeded expectations.,98,146,13-04-2023 08:04,April 14,no,6
4233,4234,poor quality. customer service was bad.,100,146,13-04-2023 08:04,April 14,yes,2
4234,4235,some pros and cons. very satisfied.,3,147,13-04-2023 08:04,April 14,yes,1
4235,4236,some pros and cons. very disappointed.,4,147,13-04-2023 08:04,April 14,no,3
4236,4237,fantastic. excellent quality.,5,147,13-04-2023 08:04,April 14,yes,1
4237,4238,would not recommend. worst purchase.,9,147,13-04-2023 08:04,April 14,no,2
4238,4239,poor quality. poor quality. it's okay.,14,147,13-04-2023 08:04,April 14,no,4
4239,4240,met expectations. missing features.,20,147,13-04-2023 08:04,April 14,yes,2
4240,4241,awful. poor quality.,21,147,13-04-2023 08:04,April 14,yes,1
4241,4242,highly recommend. highly recommend.,22,147,13-04-2023 08:04,April 14,no,2
4242,4243,worst purchase. customer service was bad. met expectations.,24,147,13-04-2023 08:04,April 14,yes,0
4243,4244,wonderful experience. works perfectly. neither good nor bad.,26,147,13-04-2023 08:04,April 14,no,5
4244,4245,great value. easy to use. average product.,28,147,13-04-2023 08:04,April 14,no,6
4245,4246,awful. missing features.,32,147,13-04-2023 08:04,April 14,yes,2
4246,4247,wonderful experience. very satisfied. it's okay.,36,147,13-04-2023 08:04,April 14,yes,1
4247,4248,best purchase ever. wonderful experience.,39,147,13-04-2023 08:04,April 14,no,3
4248,4249,highly recommend. five stars. it's okay.,41,147,13-04-2023 08:04,April 14,yes,1
4249,4250,decent for the price. highly recommend.,42,147,13-04-2023 08:04,April 14,no,2
4250,4251,worst purchase. does not work.,43,147,13-04-2023 08:04,April 14,no,4
4251,4252,excellent quality. fantastic.,52,147,13-04-2023 08:04,April 14,yes,2
4252,4253,would not recommend. customer service was bad. average product.,54,147,13-04-2023 08:04,April 14,yes,1
4253,4254,very satisfied. five stars.,55,147,13-04-2023 08:04,April 14,no,2
4254,4255,broke easily. missing features.,57,147,13-04-2023 08:04,April 14,yes,0
4255,4256,awful. one star. neither good nor bad.,61,147,13-04-2023 08:04,April 14,no,5
4256,4257,some pros and cons. highly recommend.,62,147,13-04-2023 08:04,April 14,no,6
4257,4258,met expectations. amazing features.,66,147,13-04-2023 08:04,April 14,yes,2
4258,4259,decent for the price. awful.,71,147,13-04-2023 08:04,April 14,yes,1
4259,4260,exceeded expectations. wonderful experience. average product.,75,147,13-04-2023 08:04,April 14,no,3
4260,4261,bad experience. terrible product. met expectations.,76,147,13-04-2023 08:04,April 14,yes,1
4261,4262,love this product. works perfectly. nothing special.,78,147,13-04-2023 08:04,April 14,no,2
4262,4263,exceeded expectations. excellent quality.,82,147,13-04-2023 08:04,April 14,no,4
4263,4264,fantastic. exceeded expectations.,84,147,13-04-2023 08:04,April 14,yes,2
4264,4265,wonderful experience. highly recommend.,91,147,13-04-2023 08:04,April 14,yes,1
4265,4266,terrible product. difficult to use.,94,147,13-04-2023 08:04,April 14,no,2
4266,4267,easy to use. best purchase ever.,95,147,13-04-2023 08:04,April 14,yes,0
4267,4268,awful. awful.,97,147,13-04-2023 08:04,April 14,no,5
4268,4269,works as expected. customer service was bad.,4,148,13-04-2023 08:04,April 14,no,6
4269,4270,excellent quality. excellent quality.,5,148,13-04-2023 08:04,April 14,yes,2
4270,4271,bad experience. missing features. some pros and cons.,10,148,13-04-2023 08:04,April 14,yes,1
4271,4272,met expectations. very satisfied.,12,148,13-04-2023 08:04,April 14,no,3
4272,4273,some pros and cons. wonderful experience.,13,148,13-04-2023 08:04,April 14,yes,1
4273,4274,some pros and cons. love this product.,14,148,13-04-2023 08:04,April 14,no,2
4274,4275,great value. works perfectly.,17,148,13-04-2023 08:04,April 14,no,4
4275,4276,does not work. one star. works as expected.,19,148,13-04-2023 08:04,April 14,yes,2
4276,4277,waste of money. worst purchase.,20,148,13-04-2023 08:04,April 14,yes,1
4277,4278,missing features. one star. decent for the price.,21,148,13-04-2023 08:04,April 14,no,2
4278,4279,easy to use. very satisfied.,24,148,13-04-2023 08:04,April 14,yes,0
4279,4280,easy to use. exceeded expectations. decent for the price.,36,148,13-04-2023 08:04,April 14,no,5
4280,4281,works perfectly. highly recommend.,41,148,13-04-2023 08:04,April 14,no,6
4281,4282,nothing special. bad experience.,42,148,13-04-2023 08:04,April 14,yes,2
4282,4283,best purchase ever. highly recommend.,54,148,13-04-2023 08:04,April 14,yes,1
4283,4284,worst purchase. missing features.,57,148,13-04-2023 08:04,April 14,no,3
4284,4285,easy to use. fantastic.,66,148,13-04-2023 08:04,April 14,yes,1
4285,4286,highly recommend. highly recommend. met expectations.,71,148,13-04-2023 08:04,April 14,no,2
4286,4287,broke easily. bad experience.,73,148,13-04-2023 08:04,April 14,no,4
4287,4288,amazing features. best purchase ever. some pros and cons.,75,148,13-04-2023 08:04,April 14,yes,2
4288,4289,love this product. best purchase ever. nothing special.,76,148,13-04-2023 08:04,April 14,yes,1
4289,4290,difficult to use. worst purchase.,78,148,13-04-2023 08:04,April 14,no,2
4290,4291,average product. love this product.,91,148,13-04-2023 08:04,April 14,yes,0
4291,4292,neither good nor bad. very disappointed.,92,148,13-04-2023 08:04,April 14,no,5
4292,4293,exceeded expectations. best purchase ever. some pros and cons.,94,148,13-04-2023 08:04,April 14,no,6
4293,4294,waste of money. poor quality.,96,148,13-04-2023 08:04,April 14,yes,2
4294,4295,five stars. works perfectly.,99,148,13-04-2023 08:04,April 14,yes,1
4295,4296,would not recommend. does not work.,100,148,13-04-2023 08:04,April 14,no,3
4296,4297,difficult to use. would not recommend.,4,149,13-04-2023 08:04,April 14,yes,1
4297,4298,five stars. exceeded expectations.,5,149,13-04-2023 08:04,April 14,no,2
4298,4299,worst purchase. does not work. average product.,14,149,13-04-2023 08:04,April 14,no,4
4299,4300,easy to use. highly recommend. nothing special.,19,149,13-04-2023 08:04,April 14,yes,2
4300,4301,amazing features. easy to use.,21,149,13-04-2023 08:04,April 14,yes,1
4301,4302,one star. awful.,24,149,13-04-2023 08:04,April 14,no,2
4302,4303,five stars. love this product.,26,149,13-04-2023 08:04,April 14,yes,0
4303,4304,excellent quality. fantastic.,27,149,13-04-2023 08:04,April 14,no,5
4304,4305,very disappointed. would not recommend.,28,149,13-04-2023 08:04,April 14,no,6
4305,4306,wonderful experience. excellent quality.,31,149,13-04-2023 08:04,April 14,yes,2
4306,4307,broke easily. does not work.,36,149,13-04-2023 08:04,April 14,yes,1
4307,4308,very disappointed. does not work.,40,149,13-04-2023 08:04,April 14,no,3
4308,4309,love this product. best purchase ever.,41,149,13-04-2023 08:04,April 14,yes,1
4309,4310,best purchase ever. very satisfied. neither good nor bad.,43,149,13-04-2023 08:04,April 14,no,2
4310,4311,works perfectly. excellent quality. works as expected.,50,149,13-04-2023 08:04,April 14,no,4
4311,4312,missing features. poor quality. met expectations.,54,149,13-04-2023 08:04,April 14,yes,2
4312,4313,very disappointed. customer service was bad. works as expected.,57,149,13-04-2023 08:04,April 14,yes,1
4313,4314,decent for the price. great value.,61,149,13-04-2023 08:04,April 14,no,2
4314,4315,would not recommend. bad experience.,62,149,13-04-2023 08:04,April 14,yes,0
4315,4316,excellent quality. wonderful experience. met expectations.,63,149,13-04-2023 08:04,April 14,no,5
4316,4317,easy to use. works perfectly.,66,149,13-04-2023 08:04,April 14,no,6
4317,4318,excellent quality. exceeded expectations.,67,149,13-04-2023 08:04,April 14,yes,2
4318,4319,waste of money. missing features.,69,149,13-04-2023 08:04,April 14,yes,1
4319,4320,nothing special. terrible product.,71,149,13-04-2023 08:04,April 14,no,3
4320,4321,highly recommend. highly recommend.,72,149,13-04-2023 08:04,April 14,yes,1
4321,4322,bad experience. does not work.,75,149,13-04-2023 08:04,April 14,no,2
4322,4323,easy to use. excellent quality. decent for the price.,76,149,13-04-2023 08:04,April 14,no,4
4323,4324,great value. love this product.,78,149,13-04-2023 08:04,April 14,yes,2
4324,4325,poor quality. waste of money.,91,149,13-04-2023 08:04,April 14,yes,1
4325,4326,five stars. exceeded expectations.,93,149,13-04-2023 08:04,April 14,no,2
4326,4327,highly recommend. excellent quality.,94,149,13-04-2023 08:04,April 14,yes,0
4327,4328,wonderful experience. very satisfied.,95,149,13-04-2023 08:04,April 14,no,5
4328,4329,awful. missing features.,5,150,13-04-2023 08:04,April 14,no,6
4329,4330,terrible product. worst purchase.,6,150,13-04-2023 08:04,April 14,yes,2
4330,4331,easy to use. excellent quality.,14,150,13-04-2023 08:04,April 14,yes,1
4331,4332,does not work. waste of money.,17,150,13-04-2023 08:04,April 14,no,3
4332,4333,missing features. difficult to use.,19,150,13-04-2023 08:04,April 14,yes,1
4333,4334,fantastic. love this product.,20,150,13-04-2023 08:04,April 14,no,2
4334,4335,highly recommend. exceeded expectations.,21,150,13-04-2023 08:04,April 14,no,4
4335,4336,decent for the price. very disappointed.,24,150,13-04-2023 08:04,April 14,yes,2
4336,4337,awful. awful.,36,150,13-04-2023 08:04,April 14,yes,1
4337,4338,would not recommend. customer service was bad. some pros and cons.,37,150,13-04-2023 08:04,April 14,no,2
4338,4339,worst purchase. waste of money. could be better.,41,150,13-04-2023 08:04,April 14,yes,0
4339,4340,one star. poor quality. it's okay.,42,150,13-04-2023 08:04,April 14,no,5
4340,4341,broke easily. customer service was bad.,44,150,13-04-2023 08:04,April 14,no,6
4341,4342,would not recommend. waste of money.,48,150,13-04-2023 08:04,April 14,yes,2
4342,4343,neither good nor bad. one star.,54,150,13-04-2023 08:04,April 14,yes,1
4343,4344,customer service was bad. waste of money.,55,150,13-04-2023 08:04,April 14,no,3
4344,4345,exceeded expectations. amazing features.,57,150,13-04-2023 08:04,April 14,yes,1
4345,4346,great value. highly recommend.,66,150,13-04-2023 08:04,April 14,no,2
4346,4347,decent for the price. awful.,67,150,13-04-2023 08:04,April 14,no,4
4347,4348,neither good nor bad. missing features.,69,150,13-04-2023 08:04,April 14,yes,2
4348,4349,fantastic. love this product.,71,150,13-04-2023 08:04,April 14,yes,1
4349,4350,works as expected. best purchase ever.,72,150,13-04-2023 08:04,April 14,no,2
4350,4351,waste of money. customer service was bad.,75,150,13-04-2023 08:04,April 14,yes,0
4351,4352,some pros and cons. very disappointed.,76,150,13-04-2023 08:04,April 14,no,5
4352,4353,one star. terrible product. some pros and cons.,78,150,13-04-2023 08:04,April 14,no,6
4353,4354,does not work. difficult to use.,87,150,13-04-2023 08:04,April 14,yes,2
4354,4355,nothing special. awful.,91,150,13-04-2023 08:04,April 14,yes,1
4355,4356,met expectations. waste of money.,3,151,13-04-2023 08:04,April 14,no,3
4356,4357,bad experience. would not recommend.,5,151,13-04-2023 08:04,April 14,yes,1
4357,4358,fantastic. great value.,13,151,13-04-2023 08:04,April 14,no,2
4358,4359,excellent quality. works perfectly. works as expected.,14,151,13-04-2023 08:04,April 14,no,4
4359,4360,bad experience. one star.,15,151,13-04-2023 08:04,April 14,yes,2
4360,4361,wonderful experience. highly recommend. it's okay.,16,151,13-04-2023 08:04,April 14,yes,1
4361,4362,terrible product. broke easily.,18,151,13-04-2023 08:04,April 14,no,2
4362,4363,it's okay. would not recommend.,19,151,13-04-2023 08:04,April 14,yes,0
4363,4364,decent for the price. wonderful experience.,20,151,13-04-2023 08:04,April 14,no,5
4364,4365,terrible product. customer service was bad.,21,151,13-04-2023 08:04,April 14,no,6
4365,4366,works perfectly. best purchase ever.,24,151,13-04-2023 08:04,April 14,yes,2
4366,4367,great value. best purchase ever.,28,151,13-04-2023 08:04,April 14,yes,1
4367,4368,easy to use. easy to use.,30,151,13-04-2023 08:04,April 14,no,3
4368,4369,customer service was bad. one star. some pros and cons.,35,151,13-04-2023 08:04,April 14,yes,1
4369,4370,fantastic. five stars. met expectations.,36,151,13-04-2023 08:04,April 14,no,2
4370,4371,fantastic. best purchase ever. met expectations.,39,151,13-04-2023 08:04,April 14,no,4
4371,4372,one star. missing features.,41,151,13-04-2023 08:04,April 14,yes,2
4372,4373,some pros and cons. excellent quality.,42,151,13-04-2023 08:04,April 14,yes,1
4373,4374,poor quality. awful.,52,151,13-04-2023 08:04,April 14,no,2
4374,4375,fantastic. amazing features.,54,151,13-04-2023 08:04,April 14,yes,0
4375,4376,easy to use. best purchase ever. it's okay.,57,151,13-04-2023 08:04,April 14,no,5
4376,4377,some pros and cons. love this product.,61,151,13-04-2023 08:04,April 14,no,6
4377,4378,missing features. difficult to use.,66,151,13-04-2023 08:04,April 14,yes,2
4378,4379,bad experience. poor quality.,70,151,13-04-2023 08:04,April 14,yes,1
4379,4380,it's okay. very disappointed.,71,151,13-04-2023 08:04,April 14,no,3
4380,4381,poor quality. very disappointed.,75,151,13-04-2023 08:04,April 14,yes,1
4381,4382,does not work. bad experience.,76,151,13-04-2023 08:04,April 14,no,2
4382,4383,works perfectly. works perfectly.,78,151,13-04-2023 08:04,April 14,no,4
4383,4384,highly recommend. highly recommend.,87,151,13-04-2023 08:04,April 14,yes,2
4384,4385,amazing features. fantastic.,91,151,13-04-2023 08:04,April 14,yes,1
4385,4386,missing features. awful.,5,152,13-04-2023 08:04,April 14,no,2
4386,4387,very satisfied. easy to use.,9,152,13-04-2023 08:04,April 14,yes,0
4387,4388,does not work. waste of money.,12,152,13-04-2023 08:04,April 14,no,5
4388,4389,five stars. amazing features.,13,152,13-04-2023 08:04,April 14,no,6
4389,4390,fantastic. excellent quality. nothing special.,14,152,13-04-2023 08:04,April 14,yes,2
4390,4391,wonderful experience. works perfectly.,16,152,13-04-2023 08:04,April 14,yes,1
4391,4392,neither good nor bad. great value.,20,152,13-04-2023 08:04,April 14,no,3
4392,4393,very satisfied. works perfectly.,21,152,13-04-2023 08:04,April 14,yes,1
4393,4394,love this product. wonderful experience.,24,152,13-04-2023 08:04,April 14,no,2
4394,4395,five stars. very satisfied.,36,152,13-04-2023 08:04,April 14,no,4
4395,4396,works as expected. missing features.,40,152,13-04-2023 08:04,April 14,yes,2
4396,4397,great value. works perfectly. some pros and cons.,41,152,13-04-2023 08:04,April 14,yes,1
4397,4398,five stars. five stars.,44,152,13-04-2023 08:04,April 14,no,2
4398,4399,awful. poor quality.,46,152,13-04-2023 08:04,April 14,yes,0
4399,4400,five stars. fantastic. it's okay.,54,152,13-04-2023 08:04,April 14,no,5
4400,4401,amazing features. works perfectly.,57,152,13-04-2023 08:04,April 14,no,6
4401,4402,very disappointed. terrible product.,63,152,13-04-2023 08:04,April 14,yes,2
4402,4403,nothing special. poor quality.,66,152,13-04-2023 08:04,April 14,yes,1
4403,4404,one star. difficult to use. nothing special.,71,152,13-04-2023 08:04,April 14,no,3
4404,4405,works perfectly. highly recommend.,73,152,13-04-2023 08:04,April 14,yes,1
4405,4406,great value. highly recommend.,75,152,13-04-2023 08:04,April 14,no,2
4406,4407,works perfectly. five stars.,76,152,13-04-2023 08:04,April 14,no,4
4407,4408,broke easily. broke easily.,79,152,13-04-2023 08:04,April 14,yes,2
4408,4409,nothing special. works perfectly.,84,152,13-04-2023 08:04,April 14,yes,1
4409,4410,could be better. worst purchase.,85,152,13-04-2023 08:04,April 14,no,2
4410,4411,does not work. missing features.,91,152,13-04-2023 08:04,April 14,yes,0
4411,4412,fantastic. very satisfied. nothing special.,93,152,13-04-2023 08:04,April 14,no,5
4412,4413,awful. would not recommend.,94,152,13-04-2023 08:04,April 14,no,6
4413,4414,some pros and cons. highly recommend.,97,152,13-04-2023 08:04,April 14,yes,2
4414,4415,easy to use. wonderful experience.,4,153,13-04-2023 08:04,April 14,yes,1
4415,4416,excellent quality. great value.,5,153,13-04-2023 08:04,April 14,no,3
4416,4417,love this product. great value. some pros and cons.,6,153,13-04-2023 08:04,April 14,yes,1
4417,4418,fantastic. love this product. neither good nor bad.,14,153,13-04-2023 08:04,April 14,no,2
4418,4419,amazing features. works perfectly.,21,153,13-04-2023 08:04,April 14,no,4
4419,4420,highly recommend. amazing features.,22,153,13-04-2023 08:04,April 14,yes,2
4420,4421,five stars. wonderful experience.,24,153,13-04-2023 08:04,April 14,yes,1
4421,4422,exceeded expectations. easy to use.,28,153,13-04-2023 08:04,April 14,no,2
4422,4423,one star. very disappointed. could be better.,31,153,13-04-2023 08:04,April 14,yes,0
4423,4424,it's okay. customer service was bad.,36,153,13-04-2023 08:04,April 14,no,5
4424,4425,met expectations. terrible product.,38,153,13-04-2023 08:04,April 14,no,6
4425,4426,neither good nor bad. terrible product.,40,153,13-04-2023 08:04,April 14,yes,2
4426,4427,missing features. missing features.,41,153,13-04-2023 08:04,April 14,yes,1
4427,4428,difficult to use. difficult to use.,47,153,13-04-2023 08:04,April 14,no,3
4428,4429,wonderful experience. love this product.,50,153,13-04-2023 08:04,April 14,yes,1
4429,4430,decent for the price. wonderful experience.,52,153,13-04-2023 08:04,April 14,no,2
4430,4431,one star. worst purchase.,54,153,13-04-2023 08:04,April 14,no,4
4431,4432,customer service was bad. bad experience.,55,153,13-04-2023 08:04,April 14,yes,2
4432,4433,poor quality. would not recommend.,56,153,13-04-2023 08:04,April 14,yes,1
4433,4434,fantastic. highly recommend.,57,153,13-04-2023 08:04,April 14,no,2
4434,4435,easy to use. excellent quality.,66,153,13-04-2023 08:04,April 14,yes,0
4435,4436,customer service was bad. poor quality. some pros and cons.,67,153,13-04-2023 08:04,April 14,no,5
4436,4437,very disappointed. broke easily.,71,153,13-04-2023 08:04,April 14,no,6
4437,4438,fantastic. excellent quality. works as expected.,75,153,13-04-2023 08:04,April 14,yes,2
4438,4439,decent for the price. missing features.,76,153,13-04-2023 08:04,April 14,yes,1
4439,4440,broke easily. poor quality.,78,153,13-04-2023 08:04,April 14,no,3
4440,4441,five stars. five stars.,82,153,13-04-2023 08:04,April 14,yes,1
4441,4442,some pros and cons. fantastic.,84,153,13-04-2023 08:04,April 14,no,2
4442,4443,nothing special. fantastic.,87,153,13-04-2023 08:04,April 14,no,4
4443,4444,would not recommend. waste of money.,91,153,13-04-2023 08:04,April 14,yes,2
4444,4445,worst purchase. one star.,96,153,13-04-2023 08:04,April 14,yes,1
4445,4446,it's okay. great value.,100,153,13-04-2023 08:04,April 14,no,2
4446,4447,very disappointed. terrible product. it's okay.,5,154,13-04-2023 08:04,April 14,yes,0
4447,4448,fantastic. exceeded expectations.,8,154,13-04-2023 08:04,April 14,no,5
4448,4449,very satisfied. exceeded expectations.,14,154,13-04-2023 08:04,April 14,no,6
4449,4450,broke easily. bad experience.,15,154,13-04-2023 08:04,April 14,yes,2
4450,4451,one star. waste of money.,17,154,13-04-2023 08:04,April 14,yes,1
4451,4452,wonderful experience. wonderful experience.,19,154,13-04-2023 08:04,April 14,no,3
4452,4453,highly recommend. great value. it's okay.,20,154,13-04-2023 08:04,April 14,yes,1
4453,4454,easy to use. works perfectly.,21,154,13-04-2023 08:04,April 14,no,2
4454,4455,waste of money. customer service was bad.,24,154,13-04-2023 08:04,April 14,no,4
4455,4456,highly recommend. works perfectly. could be better.,26,154,13-04-2023 08:04,April 14,yes,2
4456,4457,excellent quality. exceeded expectations. it's okay.,33,154,13-04-2023 08:04,April 14,yes,1
4457,4458,met expectations. worst purchase.,36,154,13-04-2023 08:04,April 14,no,2
4458,4459,decent for the price. highly recommend.,40,154,13-04-2023 08:04,April 14,yes,0
4459,4460,met expectations. one star.,41,154,13-04-2023 08:04,April 14,no,5
4460,4461,love this product. fantastic. met expectations.,44,154,13-04-2023 08:04,April 14,no,6
4461,4462,one star. one star.,46,154,13-04-2023 08:04,April 14,yes,2
4462,4463,customer service was bad. awful.,54,154,13-04-2023 08:04,April 14,yes,1
4463,4464,average product. waste of money.,55,154,13-04-2023 08:04,April 14,no,3
4464,4465,nothing special. does not work.,57,154,13-04-2023 08:04,April 14,yes,1
4465,4466,terrible product. terrible product.,61,154,13-04-2023 08:04,April 14,no,2
4466,4467,neither good nor bad. very satisfied.,66,154,13-04-2023 08:04,April 14,no,4
4467,4468,best purchase ever. best purchase ever.,71,154,13-04-2023 08:04,April 14,yes,2
4468,4469,fantastic. works perfectly. some pros and cons.,73,154,13-04-2023 08:04,April 14,yes,1
4469,4470,could be better. easy to use.,75,154,13-04-2023 08:04,April 14,no,2
4470,4471,decent for the price. waste of money.,76,154,13-04-2023 08:04,April 14,yes,0
4471,4472,amazing features. love this product.,79,154,13-04-2023 08:04,April 14,no,5
4472,4473,would not recommend. customer service was bad. works as expected.,84,154,13-04-2023 08:04,April 14,no,6
4473,4474,average product. works perfectly.,87,154,13-04-2023 08:04,April 14,yes,2
4474,4475,neither good nor bad. one star.,91,154,13-04-2023 08:04,April 14,yes,1
4475,4476,wonderful experience. fantastic. average product.,92,154,13-04-2023 08:04,April 14,no,3
4476,4477,decent for the price. terrible product.,93,154,13-04-2023 08:04,April 14,yes,1
4477,4478,does not work. waste of money.,96,154,13-04-2023 08:04,April 14,no,2
4478,4479,customer service was bad. worst purchase.,99,154,13-04-2023 08:04,April 14,no,4
4479,4480,excellent quality. five stars. decent for the price.,100,154,13-04-2023 08:04,April 14,yes,2
4480,4481,fantastic. excellent quality.,5,155,13-04-2023 08:04,April 14,yes,1
4481,4482,broke easily. missing features.,6,155,13-04-2023 08:04,April 14,no,2
4482,4483,poor quality. very disappointed.,14,155,13-04-2023 08:04,April 14,yes,0
4483,4484,one star. missing features. some pros and cons.,21,155,13-04-2023 08:04,April 14,no,5
4484,4485,broke easily. poor quality.,24,155,13-04-2023 08:04,April 14,no,6
4485,4486,works perfectly. love this product.,26,155,13-04-2023 08:04,April 14,yes,2
4486,4487,best purchase ever. easy to use.,28,155,13-04-2023 08:04,April 14,yes,1
4487,4488,awful. difficult to use. neither good nor bad.,30,155,13-04-2023 08:04,April 14,no,3
4488,4489,love this product. fantastic.,32,155,13-04-2023 08:04,April 14,yes,1
4489,4490,missing features. waste of money.,35,155,13-04-2023 08:04,April 14,no,2
4490,4491,met expectations. one star.,36,155,13-04-2023 08:04,April 14,no,4
4491,4492,poor quality. customer service was bad.,39,155,13-04-2023 08:04,April 14,yes,2
4492,4493,poor quality. waste of money.,40,155,13-04-2023 08:04,April 14,yes,1
4493,4494,broke easily. very disappointed.,41,155,13-04-2023 08:04,April 14,no,2
4494,4495,bad experience. poor quality.,42,155,13-04-2023 08:04,April 14,yes,0
4495,4496,very satisfied. five stars. could be better.,54,155,13-04-2023 08:04,April 14,no,5
4496,4497,broke easily. does not work.,55,155,13-04-2023 08:04,April 14,no,6
4497,4498,waste of money. worst purchase. decent for the price.,57,155,13-04-2023 08:04,April 14,yes,2
4498,4499,worst purchase. does not work.,60,155,13-04-2023 08:04,April 14,yes,1
4499,4500,bad experience. broke easily.,66,155,13-04-2023 08:04,April 14,no,3
4500,4501,terrible product. would not recommend.,71,155,13-04-2023 08:04,April 14,yes,1
4501,4502,waste of money. worst purchase.,75,155,13-04-2023 08:04,April 14,no,2
4502,4503,difficult to use. waste of money.,76,155,13-04-2023 08:04,April 14,no,4
4503,4504,one star. broke easily.,78,155,13-04-2023 08:04,April 14,yes,2
4504,4505,exceeded expectations. fantastic.,85,155,13-04-2023 08:04,April 14,yes,1
4505,4506,would not recommend. awful. some pros and cons.,91,155,13-04-2023 08:04,April 14,no,2
4506,4507,wonderful experience. five stars.,96,155,13-04-2023 08:04,April 14,yes,0
4507,4508,missing features. difficult to use.,4,156,13-04-2023 08:04,April 14,no,5
4508,4509,five stars. very satisfied.,5,156,13-04-2023 08:04,April 14,no,6
4509,4510,some pros and cons. worst purchase.,11,156,13-04-2023 08:04,April 14,yes,2
4510,4511,decent for the price. would not recommend.,12,156,13-04-2023 08:04,April 14,yes,1
4511,4512,highly recommend. very satisfied. some pros and cons.,14,156,13-04-2023 08:04,April 14,no,3
4512,4513,would not recommend. would not recommend. could be better.,15,156,13-04-2023 08:04,April 14,yes,1
4513,4514,bad experience. worst purchase.,21,156,13-04-2023 08:04,April 14,no,2
4514,4515,wonderful experience. works perfectly. could be better.,24,156,13-04-2023 08:04,April 14,no,4
4515,4516,exceeded expectations. wonderful experience.,27,156,13-04-2023 08:04,April 14,yes,2
4516,4517,highly recommend. works perfectly.,30,156,13-04-2023 08:04,April 14,yes,1
4517,4518,decent for the price. works perfectly.,36,156,13-04-2023 08:04,April 14,no,2
4518,4519,one star. does not work.,37,156,13-04-2023 08:04,April 14,yes,0
4519,4520,exceeded expectations. great value.,39,156,13-04-2023 08:04,April 14,no,5
4520,4521,would not recommend. customer service was bad.,41,156,13-04-2023 08:04,April 14,no,6
4521,4522,poor quality. very disappointed.,43,156,13-04-2023 08:04,April 14,yes,2
4522,4523,highly recommend. great value.,44,156,13-04-2023 08:04,April 14,yes,1
4523,4524,best purchase ever. five stars. neither good nor bad.,50,156,13-04-2023 08:04,April 14,no,3
4524,4525,works as expected. bad experience.,54,156,13-04-2023 08:04,April 14,yes,1
4525,4526,awful. difficult to use.,57,156,13-04-2023 08:04,April 14,no,2
4526,4527,neither good nor bad. highly recommend.,61,156,13-04-2023 08:04,April 14,no,4
4527,4528,works perfectly. love this product.,62,156,13-04-2023 08:04,April 14,yes,2
4528,4529,would not recommend. bad experience.,63,156,13-04-2023 08:04,April 14,yes,1
4529,4530,it's okay. wonderful experience.,65,156,13-04-2023 08:04,April 14,no,2
4530,4531,exceeded expectations. exceeded expectations.,66,156,13-04-2023 08:04,April 14,yes,0
4531,4532,very satisfied. excellent quality.,67,156,13-04-2023 08:04,April 14,no,5
4532,4533,broke easily. awful.,71,156,13-04-2023 08:04,April 14,no,6
4533,4534,neither good nor bad. difficult to use.,75,156,13-04-2023 08:04,April 14,yes,2
4534,4535,would not recommend. difficult to use.,76,156,13-04-2023 08:04,April 14,yes,1
4535,4536,does not work. difficult to use. some pros and cons.,85,156,13-04-2023 08:04,April 14,no,3
4536,4537,it's okay. fantastic.,91,156,13-04-2023 08:04,April 14,yes,1
4537,4538,could be better. does not work.,95,156,13-04-2023 08:04,April 14,no,2
4538,4539,waste of money. awful. decent for the price.,2,157,13-04-2023 08:04,April 14,no,4
4539,4540,amazing features. five stars.,3,157,13-04-2023 08:04,April 14,yes,2
4540,4541,easy to use. easy to use.,4,157,13-04-2023 08:04,April 14,yes,1
4541,4542,works perfectly. very satisfied.,5,157,13-04-2023 08:04,April 14,no,2
4542,4543,highly recommend. amazing features.,10,157,13-04-2023 08:04,April 14,yes,0
4543,4544,waste of money. missing features. works as expected.,14,157,13-04-2023 08:04,April 14,no,5
4544,4545,awful. very disappointed.,16,157,13-04-2023 08:04,April 14,no,6
4545,4546,easy to use. best purchase ever.,18,157,13-04-2023 08:04,April 14,yes,2
4546,4547,met expectations. highly recommend.,19,157,13-04-2023 08:04,April 14,yes,1
4547,4548,love this product. love this product.,21,157,13-04-2023 08:04,April 14,no,3
4548,4549,could be better. easy to use.,24,157,13-04-2023 08:04,April 14,yes,1
4549,4550,neither good nor bad. missing features.,31,157,13-04-2023 08:04,April 14,no,2
4550,4551,missing features. bad experience. nothing special.,35,157,13-04-2023 08:04,April 14,no,4
4551,4552,love this product. five stars.,36,157,13-04-2023 08:04,April 14,yes,2
4552,4553,highly recommend. highly recommend.,37,157,13-04-2023 08:04,April 14,yes,1
4553,4554,it's okay. bad experience.,41,157,13-04-2023 08:04,April 14,no,2
4554,4555,works perfectly. great value.,43,157,13-04-2023 08:04,April 14,yes,0
4555,4556,works as expected. exceeded expectations.,44,157,13-04-2023 08:04,April 14,no,5
4556,4557,nothing special. poor quality.,54,157,13-04-2023 08:04,April 14,no,6
4557,4558,could be better. poor quality.,55,157,13-04-2023 08:04,April 14,yes,2
4558,4559,could be better. love this product.,56,157,13-04-2023 08:04,April 14,yes,1
4559,4560,five stars. love this product.,57,157,13-04-2023 08:04,April 14,no,3
4560,4561,very satisfied. fantastic.,66,157,13-04-2023 08:04,April 14,yes,1
4561,4562,waste of money. broke easily. neither good nor bad.,69,157,13-04-2023 08:04,April 14,no,2
4562,4563,very satisfied. easy to use.,70,157,13-04-2023 08:04,April 14,no,4
4563,4564,could be better. best purchase ever.,71,157,13-04-2023 08:04,April 14,yes,2
4564,4565,customer service was bad. bad experience.,73,157,13-04-2023 08:04,April 14,yes,1
4565,4566,customer service was bad. missing features.,75,157,13-04-2023 08:04,April 14,no,2
4566,4567,one star. difficult to use. average product.,76,157,13-04-2023 08:04,April 14,yes,0
4567,4568,one star. awful.,78,157,13-04-2023 08:04,April 14,no,5
4568,4569,broke easily. bad experience.,79,157,13-04-2023 08:04,April 14,no,6
4569,4570,five stars. works perfectly.,82,157,13-04-2023 08:04,April 14,yes,2
4570,4571,broke easily. worst purchase.,84,157,13-04-2023 08:04,April 14,yes,1
4571,4572,one star. poor quality.,85,157,13-04-2023 08:04,April 14,no,3
4572,4573,waste of money. broke easily.,87,157,13-04-2023 08:04,April 14,yes,1
4573,4574,amazing features. wonderful experience.,91,157,13-04-2023 08:04,April 14,no,2
4574,4575,terrible product. missing features.,92,157,13-04-2023 08:04,April 14,no,4
4575,4576,bad experience. customer service was bad. met expectations.,95,157,13-04-2023 08:04,April 14,yes,2
4576,4577,poor quality. does not work.,100,157,13-04-2023 08:04,April 14,yes,1
4577,4578,highly recommend. wonderful experience.,2,158,13-04-2023 08:04,April 14,no,2
4578,4579,it's okay. missing features.,5,158,13-04-2023 08:04,April 14,yes,0
4579,4580,awful. difficult to use. neither good nor bad.,12,158,13-04-2023 08:04,April 14,no,5
4580,4581,excellent quality. fantastic.,14,158,13-04-2023 08:04,April 14,no,6
4581,4582,terrible product. broke easily.,15,158,13-04-2023 08:04,April 14,yes,2
4582,4583,does not work. would not recommend.,16,158,13-04-2023 08:04,April 14,yes,1
4583,4584,fantastic. works perfectly.,17,158,13-04-2023 08:04,April 14,no,3
4584,4585,missing features. difficult to use. it's okay.,18,158,13-04-2023 08:04,April 14,yes,1
4585,4586,exceeded expectations. great value.,21,158,13-04-2023 08:04,April 14,no,2
4586,4587,would not recommend. poor quality.,22,158,13-04-2023 08:04,April 14,no,4
4587,4588,very satisfied. exceeded expectations.,24,158,13-04-2023 08:04,April 14,yes,2
4588,4589,easy to use. wonderful experience.,26,158,13-04-2023 08:04,April 14,yes,1
4589,4590,easy to use. works perfectly.,36,158,13-04-2023 08:04,April 14,no,2
4590,4591,very disappointed. waste of money. decent for the price.,37,158,13-04-2023 08:04,April 14,yes,0
4591,4592,poor quality. difficult to use.,40,158,13-04-2023 08:04,April 14,no,5
4592,4593,love this product. highly recommend.,41,158,13-04-2023 08:04,April 14,no,6
4593,4594,decent for the price. worst purchase.,50,158,13-04-2023 08:04,April 14,yes,2
4594,4595,easy to use. great value.,54,158,13-04-2023 08:04,April 14,yes,1
4595,4596,terrible product. waste of money.,56,158,13-04-2023 08:04,April 14,no,3
4596,4597,met expectations. waste of money.,57,158,13-04-2023 08:04,April 14,yes,1
4597,4598,does not work. customer service was bad.,61,158,13-04-2023 08:04,April 14,no,2
4598,4599,bad experience. customer service was bad.,66,158,13-04-2023 08:04,April 14,no,4
4599,4600,great value. very satisfied.,70,158,13-04-2023 08:04,April 14,yes,2
4600,4601,customer service was bad. worst purchase.,71,158,13-04-2023 08:04,April 14,yes,1
4601,4602,amazing features. best purchase ever.,72,158,13-04-2023 08:04,April 14,no,2
4602,4603,some pros and cons. love this product.,75,158,13-04-2023 08:04,April 14,yes,0
4603,4604,it's okay. excellent quality.,76,158,13-04-2023 08:04,April 14,no,5
4604,4605,it's okay. wonderful experience.,78,158,13-04-2023 08:04,April 14,no,6
4605,4606,wonderful experience. great value.,82,158,13-04-2023 08:04,April 14,yes,2
4606,4607,decent for the price. customer service was bad.,85,158,13-04-2023 08:04,April 14,yes,1
4607,4608,bad experience. does not work.,91,158,13-04-2023 08:04,April 14,no,3
4608,4609,amazing features. very satisfied.,97,158,13-04-2023 08:04,April 14,yes,1
4609,4610,missing features. does not work. met expectations.,4,159,13-04-2023 08:04,April 14,no,2
4610,4611,poor quality. missing features.,5,159,13-04-2023 08:04,April 14,no,4
4611,4612,some pros and cons. does not work.,14,159,13-04-2023 08:04,April 14,yes,2
4612,4613,one star. would not recommend.,15,159,13-04-2023 08:04,April 14,yes,1
4613,4614,wonderful experience. very satisfied.,21,159,13-04-2023 08:04,April 14,no,2
4614,4615,works perfectly. works perfectly.,24,159,13-04-2023 08:04,April 14,yes,0
4615,4616,average product. terrible product.,26,159,13-04-2023 08:04,April 14,no,5
4616,4617,poor quality. bad experience. some pros and cons.,30,159,13-04-2023 08:04,April 14,no,6
4617,4618,wonderful experience. easy to use.,31,159,13-04-2023 08:04,April 14,yes,2
4618,4619,works perfectly. five stars.,35,159,13-04-2023 08:04,April 14,yes,1
4619,4620,love this product. easy to use.,36,159,13-04-2023 08:04,April 14,no,3
4620,4621,great value. great value.,38,159,13-04-2023 08:04,April 14,yes,1
4621,4622,bad experience. broke easily. could be better.,41,159,13-04-2023 08:04,April 14,no,2
4622,4623,average product. five stars.,44,159,13-04-2023 08:04,April 14,no,4
4623,4624,terrible product. worst purchase.,48,159,13-04-2023 08:04,April 14,yes,2
4624,4625,love this product. very satisfied.,54,159,13-04-2023 08:04,April 14,yes,1
4625,4626,it's okay. one star.,57,159,13-04-2023 08:04,April 14,no,2
4626,4627,easy to use. great value.,61,159,13-04-2023 08:04,April 14,yes,0
4627,4628,love this product. five stars. decent for the price.,66,159,13-04-2023 08:04,April 14,no,5
4628,4629,great value. five stars. average product.,69,159,13-04-2023 08:04,April 14,no,6
4629,4630,awful. bad experience.,71,159,13-04-2023 08:04,April 14,yes,2
4630,4631,bad experience. very disappointed. nothing special.,75,159,13-04-2023 08:04,April 14,yes,1
4631,4632,wonderful experience. best purchase ever. works as expected.,76,159,13-04-2023 08:04,April 14,no,3
4632,4633,exceeded expectations. great value.,82,159,13-04-2023 08:04,April 14,yes,1
4633,4634,works as expected. fantastic.,85,159,13-04-2023 08:04,April 14,no,2
4634,4635,difficult to use. broke easily. works as expected.,87,159,13-04-2023 08:04,April 14,no,4
4635,4636,amazing features. highly recommend.,91,159,13-04-2023 08:04,April 14,yes,2
4636,4637,some pros and cons. works perfectly.,5,160,13-04-2023 08:04,April 14,yes,1
4637,4638,decent for the price. waste of money.,12,160,13-04-2023 08:04,April 14,no,2
4638,4639,nothing special. worst purchase.,14,160,13-04-2023 08:04,April 14,yes,0
4639,4640,exceeded expectations. wonderful experience.,18,160,13-04-2023 08:04,April 14,no,5
4640,4641,difficult to use. missing features.,19,160,13-04-2023 08:04,April 14,no,6
4641,4642,very disappointed. does not work.,21,160,13-04-2023 08:04,April 14,yes,2
4642,4643,five stars. very satisfied.,24,160,13-04-2023 08:04,April 14,yes,1
4643,4644,poor quality. would not recommend.,33,160,13-04-2023 08:04,April 14,no,3
4644,4645,one star. awful.,35,160,13-04-2023 08:04,April 14,yes,1
4645,4646,average product. very disappointed.,36,160,13-04-2023 08:04,April 14,no,2
4646,4647,broke easily. awful. met expectations.,37,160,13-04-2023 08:04,April 14,no,4
4647,4648,highly recommend. highly recommend. neither good nor bad.,39,160,13-04-2023 08:04,April 14,yes,2
4648,4649,great value. easy to use. some pros and cons.,41,160,13-04-2023 08:04,April 14,yes,1
4649,4650,it's okay. difficult to use.,44,160,13-04-2023 08:04,April 14,no,2
4650,4651,would not recommend. one star. neither good nor bad.,47,160,13-04-2023 08:04,April 14,yes,0
4651,4652,best purchase ever. wonderful experience. average product.,52,160,13-04-2023 08:04,April 14,no,5
4652,4653,poor quality. very disappointed.,54,160,13-04-2023 08:04,April 14,no,6
4653,4654,amazing features. fantastic. could be better.,56,160,13-04-2023 08:04,April 14,yes,2
4654,4655,neither good nor bad. highly recommend.,57,160,13-04-2023 08:04,April 14,yes,1
4655,4656,great value. best purchase ever.,66,160,13-04-2023 08:04,April 14,no,3
4656,4657,broke easily. one star.,67,160,13-04-2023 08:04,April 14,yes,1
4657,4658,fantastic. works perfectly. neither good nor bad.,69,160,13-04-2023 08:04,April 14,no,2
4658,4659,missing features. difficult to use. could be better.,71,160,13-04-2023 08:04,April 14,no,4
4659,4660,poor quality. does not work.,75,160,13-04-2023 08:04,April 14,yes,2
4660,4661,difficult to use. bad experience.,76,160,13-04-2023 08:04,April 14,yes,1
4661,4662,bad experience. missing features.,78,160,13-04-2023 08:04,April 14,no,2
4662,4663,amazing features. works perfectly.,82,160,13-04-2023 08:04,April 14,yes,0
4663,4664,fantastic. wonderful experience.,91,160,13-04-2023 08:04,April 14,no,5
4664,4665,missing features. one star.,94,160,13-04-2023 08:04,April 14,no,6
4665,4666,amazing features. wonderful experience.,96,160,13-04-2023 08:04,April 14,yes,2
4666,4667,five stars. works perfectly. average product.,99,160,13-04-2023 08:04,April 14,yes,1
4667,4668,works perfectly. best purchase ever.,3,161,13-04-2023 08:04,April 14,no,3
4668,4669,decent for the price. amazing features.,5,161,13-04-2023 08:04,April 14,yes,1
4669,4670,very disappointed. would not recommend. average product.,11,161,13-04-2023 08:04,April 14,no,2
4670,4671,very disappointed. would not recommend.,12,161,13-04-2023 08:04,April 14,no,4
4671,4672,fantastic. excellent quality.,13,161,13-04-2023 08:04,April 14,yes,2
4672,4673,it's okay. bad experience.,14,161,13-04-2023 08:04,April 14,yes,1
4673,4674,difficult to use. bad experience.,15,161,13-04-2023 08:04,April 14,no,2
4674,4675,great value. great value. it's okay.,21,161,13-04-2023 08:04,April 14,yes,0
4675,4676,nothing special. waste of money.,24,161,13-04-2023 08:04,April 14,no,5
4676,4677,amazing features. very satisfied.,27,161,13-04-2023 08:04,April 14,no,6
4677,4678,amazing features. five stars.,28,161,13-04-2023 08:04,April 14,yes,2
4678,4679,broke easily. customer service was bad.,30,161,13-04-2023 08:04,April 14,yes,1
4679,4680,neither good nor bad. love this product.,31,161,13-04-2023 08:04,April 14,no,3
4680,4681,waste of money. awful.,32,161,13-04-2023 08:04,April 14,yes,1
4681,4682,very disappointed. awful.,36,161,13-04-2023 08:04,April 14,no,2
4682,4683,works as expected. fantastic.,37,161,13-04-2023 08:04,April 14,no,4
4683,4684,works as expected. five stars.,41,161,13-04-2023 08:04,April 14,yes,2
4684,4685,worst purchase. terrible product. nothing special.,47,161,13-04-2023 08:04,April 14,yes,1
4685,4686,one star. customer service was bad.,50,161,13-04-2023 08:04,April 14,no,2
4686,4687,fantastic. love this product.,54,161,13-04-2023 08:04,April 14,yes,0
4687,4688,broke easily. missing features. could be better.,55,161,13-04-2023 08:04,April 14,no,5
4688,4689,excellent quality. works perfectly. met expectations.,57,161,13-04-2023 08:04,April 14,no,6
4689,4690,worst purchase. does not work.,66,161,13-04-2023 08:04,April 14,yes,2
4690,4691,love this product. works perfectly. decent for the price.,70,161,13-04-2023 08:04,April 14,yes,1
4691,4692,easy to use. excellent quality.,71,161,13-04-2023 08:04,April 14,no,3
4692,4693,works perfectly. best purchase ever.,75,161,13-04-2023 08:04,April 14,yes,1
4693,4694,wonderful experience. love this product. nothing special.,76,161,13-04-2023 08:04,April 14,no,2
4694,4695,terrible product. broke easily.,91,161,13-04-2023 08:04,April 14,no,4
4695,4696,five stars. works perfectly.,96,161,13-04-2023 08:04,April 14,yes,2
4696,4697,nothing special. easy to use.,97,161,13-04-2023 08:04,April 14,yes,1
4697,4698,decent for the price. fantastic.,99,161,13-04-2023 08:04,April 14,no,2
4698,4699,some pros and cons. poor quality.,2,162,13-04-2023 08:04,April 14,yes,0
4699,4700,broke easily. one star. neither good nor bad.,4,162,13-04-2023 08:04,April 14,no,5
4700,4701,bad experience. very disappointed.,5,162,13-04-2023 08:04,April 14,no,6
4701,4702,poor quality. difficult to use. some pros and cons.,10,162,13-04-2023 08:04,April 14,yes,2
4702,4703,fantastic. great value.,14,162,13-04-2023 08:04,April 14,yes,1
4703,4704,very disappointed. worst purchase.,15,162,13-04-2023 08:04,April 14,no,3
4704,4705,customer service was bad. terrible product.,21,162,13-04-2023 08:04,April 14,yes,1
4705,4706,terrible product. customer service was bad.,24,162,13-04-2023 08:04,April 14,no,2
4706,4707,it's okay. fantastic.,31,162,13-04-2023 08:04,April 14,no,4
4707,4708,met expectations. easy to use.,32,162,13-04-2023 08:04,April 14,yes,2
4708,4709,worst purchase. would not recommend. average product.,36,162,13-04-2023 08:04,April 14,yes,1
4709,4710,customer service was bad. customer service was bad. neither good nor bad.,37,162,13-04-2023 08:04,April 14,no,2
4710,4711,works as expected. highly recommend.,41,162,13-04-2023 08:04,April 14,yes,0
4711,4712,could be better. wonderful experience.,44,162,13-04-2023 08:04,April 14,no,5
4712,4713,does not work. would not recommend.,50,162,13-04-2023 08:04,April 14,no,6
4713,4714,one star. customer service was bad. average product.,52,162,13-04-2023 08:04,April 14,yes,2
4714,4715,neither good nor bad. fantastic.,54,162,13-04-2023 08:04,April 14,yes,1
4715,4716,very satisfied. excellent quality. decent for the price.,57,162,13-04-2023 08:04,April 14,no,3
4716,4717,wonderful experience. easy to use.,66,162,13-04-2023 08:04,April 14,yes,1
4717,4718,difficult to use. very disappointed. average product.,70,162,13-04-2023 08:04,April 14,no,2
4718,4719,very disappointed. awful. works as expected.,71,162,13-04-2023 08:04,April 14,no,4
4719,4720,would not recommend. would not recommend. works as expected.,75,162,13-04-2023 08:04,April 14,yes,2
4720,4721,highly recommend. very satisfied.,76,162,13-04-2023 08:04,April 14,yes,1
4721,4722,neither good nor bad. excellent quality.,79,162,13-04-2023 08:04,April 14,no,2
4722,4723,does not work. bad experience. nothing special.,84,162,13-04-2023 08:04,April 14,yes,0
4723,4724,awful. missing features.,91,162,13-04-2023 08:04,April 14,no,5
4724,4725,difficult to use. missing features. works as expected.,95,162,13-04-2023 08:04,April 14,no,6
4725,4726,exceeded expectations. exceeded expectations.,96,162,13-04-2023 08:04,April 14,yes,2
4726,4727,excellent quality. five stars. average product.,3,163,13-04-2023 08:04,April 14,yes,1
4727,4728,works as expected. great value.,5,163,13-04-2023 08:04,April 14,no,3
4728,4729,some pros and cons. worst purchase.,6,163,13-04-2023 08:04,April 14,yes,1
4729,4730,best purchase ever. exceeded expectations.,12,163,13-04-2023 08:04,April 14,no,2
4730,4731,love this product. wonderful experience.,13,163,13-04-2023 08:04,April 14,no,4
4731,4732,highly recommend. five stars. decent for the price.,14,163,13-04-2023 08:04,April 14,yes,2
4732,4733,bad experience. waste of money.,17,163,13-04-2023 08:04,April 14,yes,1
4733,4734,best purchase ever. great value.,18,163,13-04-2023 08:04,April 14,no,2
4734,4735,some pros and cons. highly recommend.,21,163,13-04-2023 08:04,April 14,yes,0
4735,4736,bad experience. does not work.,24,163,13-04-2023 08:04,April 14,no,5
4736,4737,highly recommend. very satisfied.,33,163,13-04-2023 08:04,April 14,no,6
4737,4738,very satisfied. highly recommend.,36,163,13-04-2023 08:04,April 14,yes,2
4738,4739,would not recommend. poor quality.,37,163,13-04-2023 08:04,April 14,yes,1
4739,4740,best purchase ever. highly recommend. average product.,39,163,13-04-2023 08:04,April 14,no,3
4740,4741,easy to use. highly recommend.,41,163,13-04-2023 08:04,April 14,yes,1
4741,4742,works as expected. poor quality.,46,163,13-04-2023 08:04,April 14,no,2
4742,4743,average product. love this product.,52,163,13-04-2023 08:04,April 14,no,4
4743,4744,exceeded expectations. easy to use. neither good nor bad.,54,163,13-04-2023 08:04,April 14,yes,2
4744,4745,terrible product. terrible product.,57,163,13-04-2023 08:04,April 14,yes,1
4745,4746,difficult to use. poor quality.,66,163,13-04-2023 08:04,April 14,no,2
4746,4747,exceeded expectations. fantastic. works as expected.,69,163,13-04-2023 08:04,April 14,yes,0
4747,4748,excellent quality. love this product.,71,163,13-04-2023 08:04,April 14,no,5
4748,4749,wonderful experience. best purchase ever.,72,163,13-04-2023 08:04,April 14,no,6
4749,4750,waste of money. very disappointed. met expectations.,73,163,13-04-2023 08:04,April 14,yes,2
4750,4751,poor quality. worst purchase.,75,163,13-04-2023 08:04,April 14,yes,1
4751,4752,best purchase ever. amazing features. nothing special.,76,163,13-04-2023 08:04,April 14,no,3
4752,4753,five stars. highly recommend. average product.,79,163,13-04-2023 08:04,April 14,yes,1
4753,4754,one star. waste of money.,82,163,13-04-2023 08:04,April 14,no,2
4754,4755,great value. excellent quality. average product.,85,163,13-04-2023 08:04,April 14,no,4
4755,4756,would not recommend. bad experience. nothing special.,91,163,13-04-2023 08:04,April 14,yes,2
4756,4757,would not recommend. poor quality.,93,163,13-04-2023 08:04,April 14,yes,1
4757,4758,great value. highly recommend.,94,163,13-04-2023 08:04,April 14,no,2
4758,4759,neither good nor bad. difficult to use.,100,163,13-04-2023 08:04,April 14,yes,0
4759,4760,five stars. excellent quality.,5,164,13-04-2023 08:04,April 14,no,5
4760,4761,it's okay. works perfectly.,14,164,13-04-2023 08:04,April 14,no,6
4761,4762,very disappointed. customer service was bad.,18,164,13-04-2023 08:04,April 14,yes,2
4762,4763,great value. amazing features.,21,164,13-04-2023 08:04,April 14,yes,1
4763,4764,broke easily. missing features.,24,164,13-04-2023 08:04,April 14,no,3
4764,4765,broke easily. difficult to use.,30,164,13-04-2023 08:04,April 14,yes,1
4765,4766,works as expected. does not work.,32,164,13-04-2023 08:04,April 14,no,2
4766,4767,terrible product. terrible product.,35,164,13-04-2023 08:04,April 14,no,4
4767,4768,works perfectly. five stars. nothing special.,36,164,13-04-2023 08:04,April 14,yes,2
4768,4769,highly recommend. works perfectly.,37,164,13-04-2023 08:04,April 14,yes,1
4769,4770,some pros and cons. highly recommend.,39,164,13-04-2023 08:04,April 14,no,2
4770,4771,works perfectly. fantastic. works as expected.,40,164,13-04-2023 08:04,April 14,yes,0
4771,4772,would not recommend. awful. neither good nor bad.,41,164,13-04-2023 08:04,April 14,no,5
4772,4773,met expectations. does not work.,43,164,13-04-2023 08:04,April 14,no,6
4773,4774,love this product. works perfectly.,44,164,13-04-2023 08:04,April 14,yes,2
4774,4775,neither good nor bad. bad experience.,50,164,13-04-2023 08:04,April 14,yes,1
4775,4776,very satisfied. five stars.,54,164,13-04-2023 08:04,April 14,no,3
4776,4777,amazing features. wonderful experience.,55,164,13-04-2023 08:04,April 14,yes,1
4777,4778,terrible product. difficult to use.,57,164,13-04-2023 08:04,April 14,no,2
4778,4779,neither good nor bad. exceeded expectations.,62,164,13-04-2023 08:04,April 14,no,4
4779,4780,bad experience. does not work. works as expected.,63,164,13-04-2023 08:04,April 14,yes,2
4780,4781,highly recommend. wonderful experience.,65,164,13-04-2023 08:04,April 14,yes,1
4781,4782,very disappointed. would not recommend.,66,164,13-04-2023 08:04,April 14,no,2
4782,4783,terrible product. poor quality. some pros and cons.,70,164,13-04-2023 08:04,April 14,yes,0
4783,4784,love this product. five stars.,71,164,13-04-2023 08:04,April 14,no,5
4784,4785,broke easily. very disappointed. it's okay.,75,164,13-04-2023 08:04,April 14,no,6
4785,4786,awful. bad experience. nothing special.,76,164,13-04-2023 08:04,April 14,yes,2
4786,4787,customer service was bad. missing features.,85,164,13-04-2023 08:04,April 14,yes,1
4787,4788,exceeded expectations. exceeded expectations.,91,164,13-04-2023 08:04,April 14,no,3
4788,4789,best purchase ever. easy to use.,93,164,13-04-2023 08:04,April 14,yes,1
4789,4790,nothing special. waste of money.,98,164,13-04-2023 08:04,April 14,no,2
4790,4791,best purchase ever. wonderful experience.,5,165,13-04-2023 08:04,April 14,no,4
4791,4792,great value. amazing features.,8,165,13-04-2023 08:04,April 14,yes,2
4792,4793,customer service was bad. broke easily.,14,165,13-04-2023 08:04,April 14,yes,1
4793,4794,exceeded expectations. great value.,19,165,13-04-2023 08:04,April 14,no,2
4794,4795,works perfectly. easy to use.,20,165,13-04-2023 08:04,April 14,yes,0
4795,4796,exceeded expectations. best purchase ever.,21,165,13-04-2023 08:04,April 14,no,5
4796,4797,could be better. one star.,24,165,13-04-2023 08:04,April 14,no,6
4797,4798,difficult to use. broke easily.,28,165,13-04-2023 08:04,April 14,yes,2
4798,4799,love this product. amazing features. met expectations.,31,165,13-04-2023 08:04,April 14,yes,1
4799,4800,exceeded expectations. best purchase ever.,33,165,13-04-2023 08:04,April 14,no,3
4800,4801,worst purchase. one star. works as expected.,36,165,13-04-2023 08:04,April 14,yes,1
4801,4802,works perfectly. fantastic. nothing special.,41,165,13-04-2023 08:04,April 14,no,2
4802,4803,wonderful experience. fantastic.,54,165,13-04-2023 08:04,April 14,no,4
4803,4804,wonderful experience. great value. neither good nor bad.,57,165,13-04-2023 08:04,April 14,yes,2
4804,4805,terrible product. waste of money.,63,165,13-04-2023 08:04,April 14,yes,1
4805,4806,awful. awful.,66,165,13-04-2023 08:04,April 14,no,2
4806,4807,one star. worst purchase.,69,165,13-04-2023 08:04,April 14,yes,0
4807,4808,very disappointed. waste of money.,71,165,13-04-2023 08:04,April 14,no,5
4808,4809,broke easily. one star. works as expected.,72,165,13-04-2023 08:04,April 14,no,6
4809,4810,it's okay. amazing features.,75,165,13-04-2023 08:04,April 14,yes,2
4810,4811,awful. difficult to use.,76,165,13-04-2023 08:04,April 14,yes,1
4811,4812,very satisfied. excellent quality.,85,165,13-04-2023 08:04,April 14,no,3
4812,4813,one star. bad experience. some pros and cons.,91,165,13-04-2023 08:04,April 14,yes,1
4813,4814,met expectations. awful.,92,165,13-04-2023 08:04,April 14,no,2
4814,4815,difficult to use. awful.,93,165,13-04-2023 08:04,April 14,no,4
4815,4816,terrible product. does not work.,99,165,13-04-2023 08:04,April 14,yes,2
4816,4817,best purchase ever. works perfectly. works as expected.,2,166,13-04-2023 08:04,April 14,yes,1
4817,4818,five stars. works perfectly.,3,166,13-04-2023 08:04,April 14,no,2
4818,4819,amazing features. amazing features. neither good nor bad.,4,166,13-04-2023 08:04,April 14,yes,0
4819,4820,average product. terrible product.,5,166,13-04-2023 08:04,April 14,no,5
4820,4821,fantastic. works perfectly.,10,166,13-04-2023 08:04,April 14,no,6
4821,4822,nothing special. broke easily.,14,166,13-04-2023 08:04,April 14,yes,2
4822,4823,worst purchase. awful.,21,166,13-04-2023 08:04,April 14,yes,1
4823,4824,great value. very satisfied.,24,166,13-04-2023 08:04,April 14,no,3
4824,4825,worst purchase. poor quality.,26,166,13-04-2023 08:04,April 14,yes,1
4825,4826,average product. difficult to use.,31,166,13-04-2023 08:04,April 14,no,2
4826,4827,works perfectly. excellent quality.,36,166,13-04-2023 08:04,April 14,no,4
4827,4828,love this product. highly recommend. it's okay.,39,166,13-04-2023 08:04,April 14,yes,2
4828,4829,excellent quality. wonderful experience.,40,166,13-04-2023 08:04,April 14,yes,1
4829,4830,works as expected. best purchase ever.,41,166,13-04-2023 08:04,April 14,no,2
4830,4831,average product. wonderful experience.,44,166,13-04-2023 08:04,April 14,yes,0
4831,4832,exceeded expectations. easy to use.,47,166,13-04-2023 08:04,April 14,no,5
4832,4833,would not recommend. bad experience.,54,166,13-04-2023 08:04,April 14,no,6
4833,4834,highly recommend. love this product. works as expected.,56,166,13-04-2023 08:04,April 14,yes,2
4834,4835,waste of money. would not recommend.,57,166,13-04-2023 08:04,April 14,yes,1
4835,4836,worst purchase. bad experience. could be better.,62,166,13-04-2023 08:04,April 14,no,3
4836,4837,works as expected. worst purchase.,66,166,13-04-2023 08:04,April 14,yes,1
4837,4838,great value. best purchase ever.,67,166,13-04-2023 08:04,April 14,no,2
4838,4839,very disappointed. awful.,71,166,13-04-2023 08:04,April 14,no,4
4839,4840,great value. easy to use. average product.,75,166,13-04-2023 08:04,April 14,yes,2
4840,4841,wonderful experience. excellent quality.,76,166,13-04-2023 08:04,April 14,yes,1
4841,4842,worst purchase. does not work.,87,166,13-04-2023 08:04,April 14,no,2
4842,4843,exceeded expectations. five stars. could be better.,91,166,13-04-2023 08:04,April 14,yes,0
4843,4844,one star. difficult to use.,96,166,13-04-2023 08:04,April 14,no,5
4844,4845,customer service was bad. does not work.,99,166,13-04-2023 08:04,April 14,no,6
4845,4846,nothing special. love this product.,100,166,13-04-2023 08:04,April 14,yes,2
4846,4847,best purchase ever. excellent quality. met expectations.,5,167,13-04-2023 08:04,April 14,yes,1
4847,4848,terrible product. customer service was bad.,10,167,13-04-2023 08:04,April 14,no,3
4848,4849,does not work. broke easily.,14,167,13-04-2023 08:04,April 14,yes,1
4849,4850,met expectations. customer service was bad.,16,167,13-04-2023 08:04,April 14,no,2
4850,4851,met expectations. missing features.,20,167,13-04-2023 08:04,April 14,no,4
4851,4852,fantastic. fantastic.,21,167,13-04-2023 08:04,April 14,yes,2
4852,4853,could be better. terrible product.,22,167,13-04-2023 08:04,April 14,yes,1
4853,4854,decent for the price. would not recommend.,24,167,13-04-2023 08:04,April 14,no,2
4854,4855,love this product. works perfectly.,26,167,13-04-2023 08:04,April 14,yes,0
4855,4856,works as expected. bad experience.,31,167,13-04-2023 08:04,April 14,no,5
4856,4857,easy to use. excellent quality.,36,167,13-04-2023 08:04,April 14,no,6
4857,4858,would not recommend. difficult to use. works as expected.,41,167,13-04-2023 08:04,April 14,yes,2
4858,4859,wonderful experience. highly recommend.,43,167,13-04-2023 08:04,April 14,yes,1
4859,4860,one star. customer service was bad.,54,167,13-04-2023 08:04,April 14,no,3
4860,4861,difficult to use. bad experience.,57,167,13-04-2023 08:04,April 14,yes,1
4861,4862,some pros and cons. bad experience.,60,167,13-04-2023 08:04,April 14,no,2
4862,4863,works perfectly. great value.,65,167,13-04-2023 08:04,April 14,no,4
4863,4864,worst purchase. difficult to use.,66,167,13-04-2023 08:04,April 14,yes,2
4864,4865,love this product. easy to use.,67,167,13-04-2023 08:04,April 14,yes,1
4865,4866,works perfectly. amazing features.,70,167,13-04-2023 08:04,April 14,no,2
4866,4867,poor quality. missing features.,71,167,13-04-2023 08:04,April 14,yes,0
4867,4868,customer service was bad. terrible product.,75,167,13-04-2023 08:04,April 14,no,5
4868,4869,would not recommend. would not recommend. it's okay.,76,167,13-04-2023 08:04,April 14,no,6
4869,4870,five stars. very satisfied. average product.,78,167,13-04-2023 08:04,April 14,yes,2
4870,4871,terrible product. bad experience. met expectations.,82,167,13-04-2023 08:04,April 14,yes,1
4871,4872,wonderful experience. best purchase ever.,84,167,13-04-2023 08:04,April 14,no,3
4872,4873,does not work. difficult to use.,91,167,13-04-2023 08:04,April 14,yes,1
4873,4874,customer service was bad. terrible product.,93,167,13-04-2023 08:04,April 14,no,2
4874,4875,some pros and cons. five stars.,96,167,13-04-2023 08:04,April 14,no,4
4875,4876,very disappointed. would not recommend.,5,168,13-04-2023 08:04,April 14,yes,2
4876,4877,difficult to use. does not work.,8,168,13-04-2023 08:04,April 14,yes,1
4877,4878,customer service was bad. bad experience.,10,168,13-04-2023 08:04,April 14,no,2
4878,4879,excellent quality. love this product.,14,168,13-04-2023 08:04,April 14,yes,0
4879,4880,customer service was bad. difficult to use. could be better.,16,168,13-04-2023 08:04,April 14,no,5
4880,4881,works as expected. terrible product.,21,168,13-04-2023 08:04,April 14,no,6
4881,4882,great value. love this product.,24,168,13-04-2023 08:04,April 14,yes,2
4882,4883,met expectations. five stars.,28,168,13-04-2023 08:04,April 14,yes,1
4883,4884,broke easily. terrible product.,32,168,13-04-2023 08:04,April 14,no,3
4884,4885,excellent quality. wonderful experience.,33,168,13-04-2023 08:04,April 14,yes,1
4885,4886,it's okay. very disappointed.,36,168,13-04-2023 08:04,April 14,no,2
4886,4887,waste of money. worst purchase. average product.,37,168,13-04-2023 08:04,April 14,no,4
4887,4888,best purchase ever. wonderful experience.,40,168,13-04-2023 08:04,April 14,yes,2
4888,4889,highly recommend. wonderful experience.,41,168,13-04-2023 08:04,April 14,yes,1
4889,4890,neither good nor bad. difficult to use.,43,168,13-04-2023 08:04,April 14,no,2
4890,4891,works perfectly. easy to use.,52,168,13-04-2023 08:04,April 14,yes,0
4891,4892,difficult to use. does not work.,54,168,13-04-2023 08:04,April 14,no,5
4892,4893,terrible product. bad experience.,57,168,13-04-2023 08:04,April 14,no,6
4893,4894,would not recommend. waste of money.,62,168,13-04-2023 08:04,April 14,yes,2
4894,4895,worst purchase. does not work.,66,168,13-04-2023 08:04,April 14,yes,1
4895,4896,customer service was bad. broke easily.,67,168,13-04-2023 08:04,April 14,no,3
4896,4897,missing features. difficult to use.,70,168,13-04-2023 08:04,April 14,yes,1
4897,4898,missing features. waste of money.,71,168,13-04-2023 08:04,April 14,no,2
4898,4899,fantastic. fantastic.,72,168,13-04-2023 08:04,April 14,no,4
4899,4900,amazing features. five stars. some pros and cons.,75,168,13-04-2023 08:04,April 14,yes,2
4900,4901,excellent quality. fantastic.,76,168,13-04-2023 08:04,April 14,yes,1
4901,4902,wonderful experience. fantastic. it's okay.,79,168,13-04-2023 08:04,April 14,no,2
4902,4903,bad experience. poor quality. it's okay.,87,168,13-04-2023 08:04,April 14,yes,0
4903,4904,fantastic. fantastic.,91,168,13-04-2023 08:04,April 14,no,5
4904,4905,exceeded expectations. five stars. works as expected.,3,169,13-04-2023 08:04,April 14,no,6
4905,4906,worst purchase. worst purchase. it's okay.,5,169,13-04-2023 08:04,April 14,yes,2
4906,4907,terrible product. worst purchase.,14,169,13-04-2023 08:04,April 14,yes,1
4907,4908,fantastic. works perfectly.,19,169,13-04-2023 08:04,April 14,no,3
4908,4909,would not recommend. waste of money.,21,169,13-04-2023 08:04,April 14,yes,1
4909,4910,love this product. amazing features.,22,169,13-04-2023 08:04,April 14,no,2
4910,4911,would not recommend. difficult to use.,24,169,13-04-2023 08:04,April 14,no,4
4911,4912,neither good nor bad. amazing features.,36,169,13-04-2023 08:04,April 14,yes,2
4912,4913,highly recommend. wonderful experience.,41,169,13-04-2023 08:04,April 14,yes,1
4913,4914,one star. worst purchase.,42,169,13-04-2023 08:04,April 14,no,2
4914,4915,five stars. highly recommend. some pros and cons.,50,169,13-04-2023 08:04,April 14,yes,0
4915,4916,excellent quality. highly recommend.,54,169,13-04-2023 08:04,April 14,no,5
4916,4917,nothing special. works perfectly.,55,169,13-04-2023 08:04,April 14,no,6
4917,4918,would not recommend. very disappointed. nothing special.,57,169,13-04-2023 08:04,April 14,yes,2
4918,4919,works as expected. exceeded expectations.,62,169,13-04-2023 08:04,April 14,yes,1
4919,4920,exceeded expectations. great value. works as expected.,65,169,13-04-2023 08:04,April 14,no,3
4920,4921,waste of money. missing features.,66,169,13-04-2023 08:04,April 14,yes,1
4921,4922,fantastic. great value.,70,169,13-04-2023 08:04,April 14,no,2
4922,4923,customer service was bad. difficult to use.,71,169,13-04-2023 08:04,April 14,no,4
4923,4924,best purchase ever. best purchase ever. works as expected.,75,169,13-04-2023 08:04,April 14,yes,2
4924,4925,average product. very satisfied.,76,169,13-04-2023 08:04,April 14,yes,1
4925,4926,does not work. poor quality. average product.,82,169,13-04-2023 08:04,April 14,no,2
4926,4927,amazing features. five stars.,85,169,13-04-2023 08:04,April 14,yes,0
4927,4928,waste of money. would not recommend. nothing special.,87,169,13-04-2023 08:04,April 14,no,5
4928,4929,very satisfied. excellent quality. decent for the price.,91,169,13-04-2023 08:04,April 14,no,6
4929,4930,highly recommend. fantastic.,92,169,13-04-2023 08:04,April 14,yes,2
4930,4931,very disappointed. very disappointed.,93,169,13-04-2023 08:04,April 14,yes,1
4931,4932,very satisfied. love this product.,100,169,13-04-2023 08:04,April 14,no,3
4932,4933,met expectations. customer service was bad.,5,170,13-04-2023 08:04,April 14,yes,1
4933,4934,one star. worst purchase. some pros and cons.,12,170,13-04-2023 08:04,April 14,no,2
4934,4935,exceeded expectations. easy to use. nothing special.,14,170,13-04-2023 08:04,April 14,no,4
4935,4936,excellent quality. love this product.,17,170,13-04-2023 08:04,April 14,yes,2
4936,4937,fantastic. fantastic. decent for the price.,21,170,13-04-2023 08:04,April 14,yes,1
4937,4938,poor quality. worst purchase.,24,170,13-04-2023 08:04,April 14,no,2
4938,4939,would not recommend. worst purchase.,36,170,13-04-2023 08:04,April 14,yes,0
4939,4940,exceeded expectations. very satisfied. could be better.,37,170,13-04-2023 08:04,April 14,no,5
4940,4941,missing features. waste of money. met expectations.,41,170,13-04-2023 08:04,April 14,no,6
4941,4942,best purchase ever. fantastic.,46,170,13-04-2023 08:04,April 14,yes,2
4942,4943,one star. poor quality.,47,170,13-04-2023 08:04,April 14,yes,1
4943,4944,best purchase ever. fantastic.,52,170,13-04-2023 08:04,April 14,no,3
4944,4945,great value. exceeded expectations.,54,170,13-04-2023 08:04,April 14,yes,1
4945,4946,excellent quality. best purchase ever.,55,170,13-04-2023 08:04,April 14,no,2
4946,4947,love this product. highly recommend. decent for the price.,57,170,13-04-2023 08:04,April 14,no,4
4947,4948,fantastic. wonderful experience. nothing special.,61,170,13-04-2023 08:04,April 14,yes,2
4948,4949,five stars. best purchase ever.,63,170,13-04-2023 08:04,April 14,yes,1
4949,4950,waste of money. very disappointed.,66,170,13-04-2023 08:04,April 14,no,2
4950,4951,excellent quality. wonderful experience.,67,170,13-04-2023 08:04,April 14,yes,0
4951,4952,best purchase ever. very satisfied. it's okay.,71,170,13-04-2023 08:04,April 14,no,5
4952,4953,broke easily. missing features. decent for the price.,75,170,13-04-2023 08:04,April 14,no,6
4953,4954,best purchase ever. five stars.,76,170,13-04-2023 08:04,April 14,yes,2
4954,4955,one star. poor quality.,78,170,13-04-2023 08:04,April 14,yes,1
4955,4956,average product. customer service was bad.,79,170,13-04-2023 08:04,April 14,no,3
4956,4957,bad experience. poor quality.,91,170,13-04-2023 08:04,April 14,yes,1
4957,4958,difficult to use. worst purchase. could be better.,94,170,13-04-2023 08:04,April 14,no,2
4958,4959,it's okay. easy to use.,98,170,13-04-2023 08:04,April 14,no,4
4959,4960,easy to use. excellent quality.,100,170,13-04-2023 08:04,April 14,yes,2
4960,4961,it's okay. missing features.,5,171,13-04-2023 08:04,April 14,yes,1
4961,4962,five stars. highly recommend.,8,171,13-04-2023 08:04,April 14,no,2
4962,4963,difficult to use. waste of money.,9,171,13-04-2023 08:04,April 14,yes,0
4963,4964,great value. highly recommend. decent for the price.,12,171,13-04-2023 08:04,April 14,no,5
4964,4965,works perfectly. wonderful experience. nothing special.,14,171,13-04-2023 08:04,April 14,no,6
4965,4966,wonderful experience. five stars. decent for the price.,15,171,13-04-2023 08:04,April 14,yes,2
4966,4967,great value. easy to use.,18,171,13-04-2023 08:04,April 14,yes,1
4967,4968,waste of money. worst purchase.,19,171,13-04-2023 08:04,April 14,no,3
4968,4969,could be better. love this product.,21,171,13-04-2023 08:04,April 14,yes,1
4969,4970,great value. best purchase ever. nothing special.,22,171,13-04-2023 08:04,April 14,no,2
4970,4971,highly recommend. excellent quality. could be better.,24,171,13-04-2023 08:04,April 14,no,4
4971,4972,one star. worst purchase.,35,171,13-04-2023 08:04,April 14,yes,2
4972,4973,waste of money. one star.,36,171,13-04-2023 08:04,April 14,yes,1
4973,4974,five stars. great value. average product.,39,171,13-04-2023 08:04,April 14,no,2
4974,4975,terrible product. terrible product.,41,171,13-04-2023 08:04,April 14,yes,0
4975,4976,does not work. missing features.,42,171,13-04-2023 08:04,April 14,no,5
4976,4977,wonderful experience. excellent quality.,46,171,13-04-2023 08:04,April 14,no,6
4977,4978,neither good nor bad. bad experience.,47,171,13-04-2023 08:04,April 14,yes,2
4978,4979,difficult to use. very disappointed. nothing special.,50,171,13-04-2023 08:04,April 14,yes,1
4979,4980,customer service was bad. would not recommend.,54,171,13-04-2023 08:04,April 14,no,3
4980,4981,easy to use. highly recommend. nothing special.,56,171,13-04-2023 08:04,April 14,yes,1
4981,4982,would not recommend. awful. nothing special.,57,171,13-04-2023 08:04,April 14,no,2
4982,4983,works as expected. terrible product.,60,171,13-04-2023 08:04,April 14,no,4
4983,4984,it's okay. five stars.,66,171,13-04-2023 08:04,April 14,yes,2
4984,4985,bad experience. does not work.,67,171,13-04-2023 08:04,April 14,yes,1
4985,4986,it's okay. wonderful experience.,71,171,13-04-2023 08:04,April 14,no,2
4986,4987,broke easily. customer service was bad. met expectations.,75,171,13-04-2023 08:04,April 14,yes,0
4987,4988,broke easily. difficult to use.,76,171,13-04-2023 08:04,April 14,no,5
4988,4989,customer service was bad. poor quality.,79,171,13-04-2023 08:04,April 14,no,6
4989,4990,missing features. broke easily.,84,171,13-04-2023 08:04,April 14,yes,2
4990,4991,nothing special. missing features.,87,171,13-04-2023 08:04,April 14,yes,1
4991,4992,very satisfied. easy to use. met expectations.,91,171,13-04-2023 08:04,April 14,no,3
4992,4993,amazing features. five stars.,92,171,13-04-2023 08:04,April 14,yes,1
4993,4994,five stars. five stars.,98,171,13-04-2023 08:04,April 14,no,2
4994,4995,worst purchase. terrible product. some pros and cons.,2,172,13-04-2023 08:04,April 14,no,4
4995,4996,average product. worst purchase.,3,172,13-04-2023 08:04,April 14,yes,2
4996,4997,met expectations. poor quality.,5,172,13-04-2023 08:04,April 14,yes,1
4997,4998,works as expected. five stars.,10,172,13-04-2023 08:04,April 14,no,2
4998,4999,fantastic. excellent quality. neither good nor bad.,14,172,13-04-2023 08:04,April 14,yes,0
4999,5000,waste of money. worst purchase. works as expected.,17,172,13-04-2023 08:04,April 14,no,5
5000,5001,fantastic. wonderful experience.,21,172,13-04-2023 08:04,April 14,no,6
5001,5002,broke easily. awful.,24,172,13-04-2023 08:04,April 14,yes,2
5002,5003,met expectations. five stars.,26,172,13-04-2023 08:04,April 14,yes,1
5003,5004,very satisfied. wonderful experience.,36,172,13-04-2023 08:04,April 14,no,3
5004,5005,worst purchase. one star.,37,172,13-04-2023 08:04,April 14,yes,1
5005,5006,some pros and cons. works perfectly.,39,172,13-04-2023 08:04,April 14,no,2
5006,5007,highly recommend. amazing features.,41,172,13-04-2023 08:04,April 14,no,4
5007,5008,waste of money. poor quality.,46,172,13-04-2023 08:04,April 14,yes,2
5008,5009,love this product. highly recommend. nothing special.,48,172,13-04-2023 08:04,April 14,yes,1
5009,5010,poor quality. worst purchase.,52,172,13-04-2023 08:04,April 14,no,2
5010,5011,awful. customer service was bad. some pros and cons.,54,172,13-04-2023 08:04,April 14,yes,0
5011,5012,fantastic. best purchase ever.,55,172,13-04-2023 08:04,April 14,no,5
5012,5013,wonderful experience. love this product. some pros and cons.,57,172,13-04-2023 08:04,April 14,no,6
5013,5014,broke easily. does not work.,60,172,13-04-2023 08:04,April 14,yes,2
5014,5015,decent for the price. worst purchase.,62,172,13-04-2023 08:04,April 14,yes,1
5015,5016,awful. one star.,66,172,13-04-2023 08:04,April 14,no,3
5016,5017,exceeded expectations. works perfectly.,67,172,13-04-2023 08:04,April 14,yes,1
5017,5018,best purchase ever. easy to use.,71,172,13-04-2023 08:04,April 14,no,2
5018,5019,works as expected. easy to use.,75,172,13-04-2023 08:04,April 14,no,4
5019,5020,difficult to use. difficult to use.,76,172,13-04-2023 08:04,April 14,yes,2
5020,5021,neither good nor bad. very satisfied.,91,172,13-04-2023 08:04,April 14,yes,1
5021,5022,amazing features. great value.,92,172,13-04-2023 08:04,April 14,no,2
5022,5023,exceeded expectations. best purchase ever. some pros and cons.,93,172,13-04-2023 08:04,April 14,yes,0
5023,5024,would not recommend. bad experience.,3,173,13-04-2023 08:04,April 14,no,5
5024,5025,it's okay. five stars.,4,173,13-04-2023 08:04,April 14,no,6
5025,5026,it's okay. five stars.,5,173,13-04-2023 08:04,April 14,yes,2
5026,5027,broke easily. terrible product.,8,173,13-04-2023 08:04,April 14,yes,1
5027,5028,love this product. works perfectly.,9,173,13-04-2023 08:04,April 14,no,3
5028,5029,very satisfied. easy to use.,10,173,13-04-2023 08:04,April 14,yes,1
5029,5030,could be better. excellent quality.,12,173,13-04-2023 08:04,April 14,no,2
5030,5031,met expectations. does not work.,13,173,13-04-2023 08:04,April 14,no,4
5031,5032,best purchase ever. works perfectly.,14,173,13-04-2023 08:04,April 14,yes,2
5032,5033,easy to use. excellent quality.,15,173,13-04-2023 08:04,April 14,yes,1
5033,5034,average product. customer service was bad.,19,173,13-04-2023 08:04,April 14,no,2
5034,5035,worst purchase. missing features.,21,173,13-04-2023 08:04,April 14,yes,0
5035,5036,customer service was bad. one star.,24,173,13-04-2023 08:04,April 14,no,5
5036,5037,works as expected. very disappointed.,28,173,13-04-2023 08:04,April 14,no,6
5037,5038,awful. would not recommend.,32,173,13-04-2023 08:04,April 14,yes,2
5038,5039,amazing features. wonderful experience. average product.,33,173,13-04-2023 08:04,April 14,yes,1
5039,5040,would not recommend. terrible product. decent for the price.,36,173,13-04-2023 08:04,April 14,no,3
5040,5041,love this product. five stars.,41,173,13-04-2023 08:04,April 14,yes,1
5041,5042,exceeded expectations. excellent quality.,42,173,13-04-2023 08:04,April 14,no,2
5042,5043,waste of money. one star.,46,173,13-04-2023 08:04,April 14,no,4
5043,5044,it's okay. five stars.,54,173,13-04-2023 08:04,April 14,yes,2
5044,5045,very satisfied. works perfectly.,57,173,13-04-2023 08:04,April 14,yes,1
5045,5046,works perfectly. five stars.,66,173,13-04-2023 08:04,April 14,no,2
5046,5047,works perfectly. excellent quality.,69,173,13-04-2023 08:04,April 14,yes,0
5047,5048,very disappointed. difficult to use. average product.,71,173,13-04-2023 08:04,April 14,no,5
5048,5049,broke easily. very disappointed.,75,173,13-04-2023 08:04,April 14,no,6
5049,5050,wonderful experience. five stars.,76,173,13-04-2023 08:04,April 14,yes,2
5050,5051,terrible product. awful.,91,173,13-04-2023 08:04,April 14,yes,1
5051,5052,five stars. excellent quality. neither good nor bad.,96,173,13-04-2023 08:04,April 14,no,3
5052,5053,met expectations. very disappointed.,2,174,13-04-2023 08:04,April 14,yes,1
5053,5054,broke easily. one star.,3,174,13-04-2023 08:04,April 14,no,2
5054,5055,highly recommend. very satisfied. nothing special.,5,174,13-04-2023 08:04,April 14,no,4
5055,5056,average product. customer service was bad.,12,174,13-04-2023 08:04,April 14,yes,2
5056,5057,neither good nor bad. best purchase ever.,14,174,13-04-2023 08:04,April 14,yes,1
5057,5058,best purchase ever. best purchase ever. average product.,18,174,13-04-2023 08:04,April 14,no,2
5058,5059,bad experience. difficult to use.,21,174,13-04-2023 08:04,April 14,yes,0
5059,5060,best purchase ever. works perfectly.,24,174,13-04-2023 08:04,April 14,no,5
5060,5061,waste of money. terrible product.,28,174,13-04-2023 08:04,April 14,no,6
5061,5062,best purchase ever. great value.,36,174,13-04-2023 08:04,April 14,yes,2
5062,5063,very disappointed. waste of money.,41,174,13-04-2023 08:04,April 14,yes,1
5063,5064,love this product. fantastic.,42,174,13-04-2023 08:04,April 14,no,3
5064,5065,exceeded expectations. highly recommend.,44,174,13-04-2023 08:04,April 14,yes,1
5065,5066,broke easily. waste of money.,46,174,13-04-2023 08:04,April 14,no,2
5066,5067,one star. bad experience. average product.,52,174,13-04-2023 08:04,April 14,no,4
5067,5068,love this product. best purchase ever.,54,174,13-04-2023 08:04,April 14,yes,2
5068,5069,does not work. missing features.,55,174,13-04-2023 08:04,April 14,yes,1
5069,5070,awful. would not recommend.,57,174,13-04-2023 08:04,April 14,no,2
5070,5071,great value. amazing features.,60,174,13-04-2023 08:04,April 14,yes,0
5071,5072,average product. fantastic.,61,174,13-04-2023 08:04,April 14,no,5
5072,5073,easy to use. amazing features. it's okay.,66,174,13-04-2023 08:04,April 14,no,6
5073,5074,bad experience. broke easily. nothing special.,67,174,13-04-2023 08:04,April 14,yes,2
5074,5075,amazing features. easy to use.,69,174,13-04-2023 08:04,April 14,yes,1
5075,5076,works perfectly. five stars.,71,174,13-04-2023 08:04,April 14,no,3
5076,5077,neither good nor bad. difficult to use.,72,174,13-04-2023 08:04,April 14,yes,1
5077,5078,easy to use. best purchase ever.,75,174,13-04-2023 08:04,April 14,no,2
5078,5079,five stars. amazing features.,76,174,13-04-2023 08:04,April 14,no,4
5079,5080,wonderful experience. fantastic. average product.,82,174,13-04-2023 08:04,April 14,yes,2
5080,5081,decent for the price. fantastic.,87,174,13-04-2023 08:04,April 14,yes,1
5081,5082,love this product. easy to use.,91,174,13-04-2023 08:04,April 14,no,2
5082,5083,works perfectly. wonderful experience.,3,175,13-04-2023 08:04,April 14,yes,0
5083,5084,neither good nor bad. wonderful experience.,4,175,13-04-2023 08:04,April 14,no,5
5084,5085,best purchase ever. highly recommend. some pros and cons.,5,175,13-04-2023 08:04,April 14,no,6
5085,5086,customer service was bad. missing features.,8,175,13-04-2023 08:04,April 14,yes,2
5086,5087,very disappointed. worst purchase. decent for the price.,9,175,13-04-2023 08:04,April 14,yes,1
5087,5088,works perfectly. highly recommend. some pros and cons.,10,175,13-04-2023 08:04,April 14,no,3
5088,5089,difficult to use. missing features.,12,175,13-04-2023 08:04,April 14,yes,1
5089,5090,waste of money. awful. nothing special.,14,175,13-04-2023 08:04,April 14,no,2
5090,5091,one star. one star.,15,175,13-04-2023 08:04,April 14,no,4
5091,5092,amazing features. love this product.,21,175,13-04-2023 08:04,April 14,yes,2
5092,5093,works perfectly. wonderful experience.,24,175,13-04-2023 08:04,April 14,yes,1
5093,5094,could be better. broke easily.,26,175,13-04-2023 08:04,April 14,no,2
5094,5095,love this product. excellent quality.,27,175,13-04-2023 08:04,April 14,yes,0
5095,5096,missing features. very disappointed.,30,175,13-04-2023 08:04,April 14,no,5
5096,5097,missing features. does not work. decent for the price.,32,175,13-04-2023 08:04,April 14,no,6
5097,5098,very satisfied. works perfectly.,36,175,13-04-2023 08:04,April 14,yes,2
5098,5099,best purchase ever. works perfectly. some pros and cons.,41,175,13-04-2023 08:04,April 14,yes,1
5099,5100,would not recommend. customer service was bad.,42,175,13-04-2023 08:04,April 14,no,3
5100,5101,difficult to use. worst purchase.,50,175,13-04-2023 08:04,April 14,yes,1
5101,5102,it's okay. waste of money.,54,175,13-04-2023 08:04,April 14,no,2
5102,5103,neither good nor bad. waste of money.,55,175,13-04-2023 08:04,April 14,no,4
5103,5104,very disappointed. one star.,56,175,13-04-2023 08:04,April 14,yes,2
5104,5105,broke easily. does not work.,57,175,13-04-2023 08:04,April 14,yes,1
5105,5106,fantastic. five stars. works as expected.,60,175,13-04-2023 08:04,April 14,no,2
5106,5107,awful. terrible product.,61,175,13-04-2023 08:04,April 14,yes,0
5107,5108,excellent quality. very satisfied.,66,175,13-04-2023 08:04,April 14,no,5
5108,5109,amazing features. easy to use. met expectations.,69,175,13-04-2023 08:04,April 14,no,6
5109,5110,works perfectly. works perfectly.,71,175,13-04-2023 08:04,April 14,yes,2
5110,5111,waste of money. waste of money.,75,175,13-04-2023 08:04,April 14,yes,1
5111,5112,very disappointed. terrible product.,76,175,13-04-2023 08:04,April 14,no,3
5112,5113,love this product. best purchase ever.,79,175,13-04-2023 08:04,April 14,yes,1
5113,5114,very disappointed. awful.,91,175,13-04-2023 08:04,April 14,no,2
5114,5115,fantastic. love this product.,96,175,13-04-2023 08:04,April 14,no,4
5115,5116,fantastic. excellent quality.,97,175,13-04-2023 08:04,April 14,yes,2
5116,5117,neither good nor bad. one star.,99,175,13-04-2023 08:04,April 14,yes,1
5117,5118,amazing features. easy to use.,5,176,13-04-2023 08:04,April 14,no,2
5118,5119,very disappointed. worst purchase.,8,176,13-04-2023 08:04,April 14,yes,0
5119,5120,missing features. would not recommend.,10,176,13-04-2023 08:04,April 14,no,5
5120,5121,would not recommend. very disappointed.,14,176,13-04-2023 08:04,April 14,no,6
5121,5122,missing features. waste of money.,17,176,13-04-2023 08:04,April 14,yes,2
5122,5123,bad experience. very disappointed.,19,176,13-04-2023 08:04,April 14,yes,1
5123,5124,very disappointed. very disappointed. nothing special.,21,176,13-04-2023 08:04,April 14,no,3
5124,5125,could be better. awful.,24,176,13-04-2023 08:04,April 14,yes,1
5125,5126,would not recommend. very disappointed.,28,176,13-04-2023 08:04,April 14,no,2
5126,5127,could be better. wonderful experience.,30,176,13-04-2023 08:04,April 14,no,4
5127,5128,very satisfied. highly recommend.,33,176,13-04-2023 08:04,April 14,yes,2
5128,5129,terrible product. worst purchase.,36,176,13-04-2023 08:04,April 14,yes,1
5129,5130,love this product. very satisfied.,38,176,13-04-2023 08:04,April 14,no,2
5130,5131,one star. poor quality.,41,176,13-04-2023 08:04,April 14,yes,0
5131,5132,waste of money. missing features.,43,176,13-04-2023 08:04,April 14,no,5
5132,5133,it's okay. one star.,46,176,13-04-2023 08:04,April 14,no,6
5133,5134,exceeded expectations. amazing features. works as expected.,47,176,13-04-2023 08:04,April 14,yes,2
5134,5135,met expectations. wonderful experience.,48,176,13-04-2023 08:04,April 14,yes,1
5135,5136,decent for the price. works perfectly.,54,176,13-04-2023 08:04,April 14,no,3
5136,5137,some pros and cons. missing features.,57,176,13-04-2023 08:04,April 14,yes,1
5137,5138,terrible product. missing features.,60,176,13-04-2023 08:04,April 14,no,2
5138,5139,does not work. very disappointed.,62,176,13-04-2023 08:04,April 14,no,4
5139,5140,it's okay. difficult to use.,66,176,13-04-2023 08:04,April 14,yes,2
5140,5141,some pros and cons. great value.,71,176,13-04-2023 08:04,April 14,yes,1
5141,5142,average product. broke easily.,73,176,13-04-2023 08:04,April 14,no,2
5142,5143,would not recommend. bad experience. could be better.,75,176,13-04-2023 08:04,April 14,yes,0
5143,5144,highly recommend. five stars.,76,176,13-04-2023 08:04,April 14,no,5
5144,5145,decent for the price. customer service was bad.,84,176,13-04-2023 08:04,April 14,no,6
5145,5146,one star. worst purchase.,91,176,13-04-2023 08:04,April 14,yes,2
5146,5147,awful. one star.,92,176,13-04-2023 08:04,April 14,yes,1
5147,5148,fantastic. great value.,93,176,13-04-2023 08:04,April 14,no,3
5148,5149,missing features. very disappointed. could be better.,95,176,13-04-2023 08:04,April 14,yes,1
5149,5150,waste of money. worst purchase.,96,176,13-04-2023 08:04,April 14,no,2
5150,5151,does not work. awful.,99,176,13-04-2023 08:04,April 14,no,4
5151,5152,would not recommend. missing features. some pros and cons.,100,176,13-04-2023 08:04,April 14,yes,2
5152,5153,met expectations. excellent quality.,4,177,13-04-2023 08:04,April 14,yes,1
5153,5154,works as expected. amazing features.,5,177,13-04-2023 08:04,April 14,no,2
5154,5155,love this product. wonderful experience.,10,177,13-04-2023 08:04,April 14,yes,0
5155,5156,difficult to use. terrible product.,13,177,13-04-2023 08:04,April 14,no,5
5156,5157,bad experience. awful.,14,177,13-04-2023 08:04,April 14,no,6
5157,5158,does not work. broke easily.,15,177,13-04-2023 08:04,April 14,yes,2
5158,5159,fantastic. works perfectly. works as expected.,17,177,13-04-2023 08:04,April 14,yes,1
5159,5160,poor quality. customer service was bad.,21,177,13-04-2023 08:04,April 14,no,3
5160,5161,easy to use. works perfectly.,24,177,13-04-2023 08:04,April 14,yes,1
5161,5162,terrible product. difficult to use.,36,177,13-04-2023 08:04,April 14,no,2
5162,5163,difficult to use. does not work. could be better.,41,177,13-04-2023 08:04,April 14,no,4
5163,5164,terrible product. one star. average product.,42,177,13-04-2023 08:04,April 14,yes,2
5164,5165,nothing special. waste of money.,50,177,13-04-2023 08:04,April 14,yes,1
5165,5166,difficult to use. waste of money. works as expected.,54,177,13-04-2023 08:04,April 14,no,2
5166,5167,excellent quality. love this product.,56,177,13-04-2023 08:04,April 14,yes,0
5167,5168,easy to use. easy to use. decent for the price.,57,177,13-04-2023 08:04,April 14,no,5
5168,5169,five stars. works perfectly.,60,177,13-04-2023 08:04,April 14,no,6
5169,5170,fantastic. exceeded expectations.,66,177,13-04-2023 08:04,April 14,yes,2
5170,5171,missing features. awful.,69,177,13-04-2023 08:04,April 14,yes,1
5171,5172,customer service was bad. would not recommend. average product.,71,177,13-04-2023 08:04,April 14,no,3
5172,5173,great value. best purchase ever.,75,177,13-04-2023 08:04,April 14,yes,1
5173,5174,very disappointed. worst purchase.,76,177,13-04-2023 08:04,April 14,no,2
5174,5175,amazing features. very satisfied.,87,177,13-04-2023 08:04,April 14,no,4
5175,5176,worst purchase. bad experience.,91,177,13-04-2023 08:04,April 14,yes,2
5176,5177,excellent quality. five stars.,95,177,13-04-2023 08:04,April 14,yes,1
5177,5178,does not work. worst purchase. could be better.,97,177,13-04-2023 08:04,April 14,no,2
5178,5179,met expectations. fantastic.,99,177,13-04-2023 08:04,April 14,yes,0
5179,5180,works perfectly. works perfectly.,4,178,13-04-2023 08:04,April 14,no,5
5180,5181,worst purchase. poor quality. some pros and cons.,5,178,13-04-2023 08:04,April 14,no,6
5181,5182,broke easily. awful.,11,178,13-04-2023 08:04,April 14,yes,2
5182,5183,met expectations. does not work.,14,178,13-04-2023 08:04,April 14,yes,1
5183,5184,best purchase ever. amazing features.,18,178,13-04-2023 08:04,April 14,no,3
5184,5185,love this product. easy to use.,19,178,13-04-2023 08:04,April 14,yes,1
5185,5186,broke easily. worst purchase. neither good nor bad.,21,178,13-04-2023 08:04,April 14,no,2
5186,5187,worst purchase. difficult to use. decent for the price.,24,178,13-04-2023 08:04,April 14,no,4
5187,5188,broke easily. difficult to use.,26,178,13-04-2023 08:04,April 14,yes,2
5188,5189,best purchase ever. easy to use. could be better.,30,178,13-04-2023 08:04,April 14,yes,1
5189,5190,works as expected. awful.,35,178,13-04-2023 08:04,April 14,no,2
5190,5191,awful. terrible product.,36,178,13-04-2023 08:04,April 14,yes,0
5191,5192,bad experience. worst purchase.,39,178,13-04-2023 08:04,April 14,no,5
5192,5193,customer service was bad. broke easily.,41,178,13-04-2023 08:04,April 14,no,6
5193,5194,works perfectly. exceeded expectations.,47,178,13-04-2023 08:04,April 14,yes,2
5194,5195,great value. five stars.,48,178,13-04-2023 08:04,April 14,yes,1
5195,5196,highly recommend. great value.,50,178,13-04-2023 08:04,April 14,no,3
5196,5197,awful. customer service was bad.,54,178,13-04-2023 08:04,April 14,yes,1
5197,5198,terrible product. waste of money.,57,178,13-04-2023 08:04,April 14,no,2
5198,5199,broke easily. worst purchase.,61,178,13-04-2023 08:04,April 14,no,4
5199,5200,fantastic. exceeded expectations.,63,178,13-04-2023 08:04,April 14,yes,2
5200,5201,would not recommend. broke easily.,66,178,13-04-2023 08:04,April 14,yes,1
5201,5202,excellent quality. amazing features. it's okay.,67,178,13-04-2023 08:04,April 14,no,2
5202,5203,waste of money. very disappointed.,71,178,13-04-2023 08:04,April 14,yes,0
5203,5204,worst purchase. terrible product. works as expected.,73,178,13-04-2023 08:04,April 14,no,5
5204,5205,awful. does not work.,75,178,13-04-2023 08:04,April 14,no,6
5205,5206,highly recommend. great value. some pros and cons.,76,178,13-04-2023 08:04,April 14,yes,2
5206,5207,some pros and cons. excellent quality.,79,178,13-04-2023 08:04,April 14,yes,1
5207,5208,fantastic. amazing features.,82,178,13-04-2023 08:04,April 14,no,3
5208,5209,met expectations. great value.,91,178,13-04-2023 08:04,April 14,yes,1
5209,5210,one star. bad experience.,92,178,13-04-2023 08:04,April 14,no,2
5210,5211,wonderful experience. works perfectly.,93,178,13-04-2023 08:04,April 14,no,4
5211,5212,very disappointed. awful.,94,178,13-04-2023 08:04,April 14,yes,2
5212,5213,amazing features. wonderful experience.,2,179,13-04-2023 08:04,April 14,yes,1
5213,5214,broke easily. very disappointed. decent for the price.,3,179,13-04-2023 08:04,April 14,no,2
5214,5215,neither good nor bad. exceeded expectations.,4,179,13-04-2023 08:04,April 14,yes,0
5215,5216,wonderful experience. wonderful experience. average product.,5,179,13-04-2023 08:04,April 14,no,5
5216,5217,excellent quality. five stars. works as expected.,13,179,13-04-2023 08:04,April 14,no,6
5217,5218,decent for the price. highly recommend.,14,179,13-04-2023 08:04,April 14,yes,2
5218,5219,love this product. five stars. met expectations.,20,179,13-04-2023 08:04,April 14,yes,1
5219,5220,customer service was bad. bad experience.,21,179,13-04-2023 08:04,April 14,no,3
5220,5221,neither good nor bad. love this product.,24,179,13-04-2023 08:04,April 14,yes,1
5221,5222,average product. wonderful experience.,36,179,13-04-2023 08:04,April 14,no,2
5222,5223,amazing features. easy to use.,37,179,13-04-2023 08:04,April 14,no,4
5223,5224,highly recommend. very satisfied. works as expected.,41,179,13-04-2023 08:04,April 14,yes,2
5224,5225,bad experience. waste of money.,54,179,13-04-2023 08:04,April 14,yes,1
5225,5226,amazing features. great value.,57,179,13-04-2023 08:04,April 14,no,2
5226,5227,poor quality. bad experience. it's okay.,66,179,13-04-2023 08:04,April 14,yes,0
5227,5228,one star. broke easily.,71,179,13-04-2023 08:04,April 14,no,5
5228,5229,awful. broke easily.,75,179,13-04-2023 08:04,April 14,no,6
5229,5230,fantastic. five stars.,76,179,13-04-2023 08:04,April 14,yes,2
5230,5231,easy to use. love this product.,91,179,13-04-2023 08:04,April 14,yes,1
5231,5232,amazing features. five stars. met expectations.,95,179,13-04-2023 08:04,April 14,no,3
5232,5233,fantastic. exceeded expectations.,98,179,13-04-2023 08:04,April 14,yes,1
5233,5234,poor quality. customer service was bad.,5,180,13-04-2023 08:04,April 14,no,2
5234,5235,some pros and cons. very satisfied.,6,180,13-04-2023 08:04,April 14,no,4
5235,5236,some pros and cons. very disappointed.,8,180,13-04-2023 08:04,April 14,yes,2
5236,5237,fantastic. excellent quality.,14,180,13-04-2023 08:04,April 14,yes,1
5237,5238,would not recommend. worst purchase.,18,180,13-04-2023 08:04,April 14,no,2
5238,5239,poor quality. poor quality. it's okay.,21,180,13-04-2023 08:04,April 14,yes,0
5239,5240,met expectations. missing features.,24,180,13-04-2023 08:04,April 14,no,5
5240,5241,awful. poor quality.,30,180,13-04-2023 08:04,April 14,no,6
5241,5242,highly recommend. highly recommend.,36,180,13-04-2023 08:04,April 14,yes,2
5242,5243,worst purchase. customer service was bad. met expectations.,38,180,13-04-2023 08:04,April 14,yes,1
5243,5244,wonderful experience. works perfectly. neither good nor bad.,41,180,13-04-2023 08:04,April 14,no,3
5244,5245,great value. easy to use. average product.,54,180,13-04-2023 08:04,April 14,yes,1
5245,5246,awful. missing features.,57,180,13-04-2023 08:04,April 14,no,2
5246,5247,wonderful experience. very satisfied. it's okay.,60,180,13-04-2023 08:04,April 14,no,4
5247,5248,best purchase ever. wonderful experience.,61,180,13-04-2023 08:04,April 14,yes,2
5248,5249,highly recommend. five stars. it's okay.,62,180,13-04-2023 08:04,April 14,yes,1
5249,5250,decent for the price. highly recommend.,65,180,13-04-2023 08:04,April 14,no,2
5250,5251,worst purchase. does not work.,66,180,13-04-2023 08:04,April 14,yes,0
5251,5252,excellent quality. fantastic.,67,180,13-04-2023 08:04,April 14,no,5
5252,5253,would not recommend. customer service was bad. average product.,69,180,13-04-2023 08:04,April 14,no,6
5253,5254,very satisfied. five stars.,71,180,13-04-2023 08:04,April 14,yes,2
5254,5255,broke easily. missing features.,75,180,13-04-2023 08:04,April 14,yes,1
5255,5256,awful. one star. neither good nor bad.,76,180,13-04-2023 08:04,April 14,no,3
5256,5257,some pros and cons. highly recommend.,85,180,13-04-2023 08:04,April 14,yes,1
5257,5258,met expectations. amazing features.,91,180,13-04-2023 08:04,April 14,no,2
5258,5259,decent for the price. awful.,92,180,13-04-2023 08:04,April 14,no,4
5259,5260,exceeded expectations. wonderful experience. average product.,93,180,13-04-2023 08:04,April 14,yes,2
5260,5261,bad experience. terrible product. met expectations.,94,180,13-04-2023 08:04,April 14,yes,1
5261,5262,love this product. works perfectly. nothing special.,98,180,13-04-2023 08:04,April 14,no,2
5262,5263,exceeded expectations. excellent quality.,2,181,13-04-2023 08:04,April 14,yes,0
5263,5264,fantastic. exceeded expectations.,5,181,13-04-2023 08:04,April 14,no,5
5264,5265,wonderful experience. highly recommend.,6,181,13-04-2023 08:04,April 14,no,6
5265,5266,terrible product. difficult to use.,8,181,13-04-2023 08:04,April 14,yes,2
5266,5267,easy to use. best purchase ever.,10,181,13-04-2023 08:04,April 14,yes,1
5267,5268,awful. awful.,12,181,13-04-2023 08:04,April 14,no,3
5268,5269,works as expected. customer service was bad.,14,181,13-04-2023 08:04,April 14,yes,1
5269,5270,excellent quality. excellent quality.,20,181,13-04-2023 08:04,April 14,no,2
5270,5271,bad experience. missing features. some pros and cons.,21,181,13-04-2023 08:04,April 14,no,4
5271,5272,met expectations. very satisfied.,24,181,13-04-2023 08:04,April 14,yes,2
5272,5273,some pros and cons. wonderful experience.,26,181,13-04-2023 08:04,April 14,yes,1
5273,5274,some pros and cons. love this product.,31,181,13-04-2023 08:04,April 14,no,2
5274,5275,great value. works perfectly.,36,181,13-04-2023 08:04,April 14,yes,0
5275,5276,does not work. one star. works as expected.,37,181,13-04-2023 08:04,April 14,no,5
5276,5277,waste of money. worst purchase.,39,181,13-04-2023 08:04,April 14,no,6
5277,5278,missing features. one star. decent for the price.,41,181,13-04-2023 08:04,April 14,yes,2
5278,5279,easy to use. very satisfied.,46,181,13-04-2023 08:04,April 14,yes,1
5279,5280,easy to use. exceeded expectations. decent for the price.,54,181,13-04-2023 08:04,April 14,no,3
5280,5281,works perfectly. highly recommend.,57,181,13-04-2023 08:04,April 14,yes,1
5281,5282,nothing special. bad experience.,63,181,13-04-2023 08:04,April 14,no,2
5282,5283,best purchase ever. highly recommend.,66,181,13-04-2023 08:04,April 14,no,4
5283,5284,worst purchase. missing features.,71,181,13-04-2023 08:04,April 14,yes,2
5284,5285,easy to use. fantastic.,73,181,13-04-2023 08:04,April 14,yes,1
5285,5286,highly recommend. highly recommend. met expectations.,75,181,13-04-2023 08:04,April 14,no,2
5286,5287,broke easily. bad experience.,76,181,13-04-2023 08:04,April 14,yes,0
5287,5288,amazing features. best purchase ever. some pros and cons.,82,181,13-04-2023 08:04,April 14,no,5
5288,5289,love this product. best purchase ever. nothing special.,85,181,13-04-2023 08:04,April 14,no,6
5289,5290,difficult to use. worst purchase.,91,181,13-04-2023 08:04,April 14,yes,2
5290,5291,average product. love this product.,92,181,13-04-2023 08:04,April 14,yes,1
5291,5292,neither good nor bad. very disappointed.,97,181,13-04-2023 08:04,April 14,no,3
5292,5293,exceeded expectations. best purchase ever. some pros and cons.,100,181,13-04-2023 08:04,April 14,yes,1
5293,5294,waste of money. poor quality.,5,182,13-04-2023 08:04,April 14,no,2
5294,5295,five stars. works perfectly.,6,182,13-04-2023 08:04,April 14,no,4
5295,5296,would not recommend. does not work.,14,182,13-04-2023 08:04,April 14,yes,2
5296,5297,difficult to use. would not recommend.,19,182,13-04-2023 08:04,April 14,yes,1
5297,5298,five stars. exceeded expectations.,20,182,13-04-2023 08:04,April 14,no,2
5298,5299,worst purchase. does not work. average product.,21,182,13-04-2023 08:04,April 14,yes,0
5299,5300,easy to use. highly recommend. nothing special.,22,182,13-04-2023 08:04,April 14,no,5
5300,5301,amazing features. easy to use.,24,182,13-04-2023 08:04,April 14,no,6
5301,5302,one star. awful.,27,182,13-04-2023 08:04,April 14,yes,2
5302,5303,five stars. love this product.,30,182,13-04-2023 08:04,April 14,yes,1
5303,5304,excellent quality. fantastic.,36,182,13-04-2023 08:04,April 14,no,3
5304,5305,very disappointed. would not recommend.,40,182,13-04-2023 08:04,April 14,yes,1
5305,5306,wonderful experience. excellent quality.,41,182,13-04-2023 08:04,April 14,no,2
5306,5307,broke easily. does not work.,48,182,13-04-2023 08:04,April 14,no,4
5307,5308,very disappointed. does not work.,54,182,13-04-2023 08:04,April 14,yes,2
5308,5309,love this product. best purchase ever.,57,182,13-04-2023 08:04,April 14,yes,1
5309,5310,best purchase ever. very satisfied. neither good nor bad.,66,182,13-04-2023 08:04,April 14,no,2
5310,5311,works perfectly. excellent quality. works as expected.,70,182,13-04-2023 08:04,April 14,yes,0
5311,5312,missing features. poor quality. met expectations.,71,182,13-04-2023 08:04,April 14,no,5
5312,5313,very disappointed. customer service was bad. works as expected.,75,182,13-04-2023 08:04,April 14,no,6
5313,5314,decent for the price. great value.,76,182,13-04-2023 08:04,April 14,yes,2
5314,5315,would not recommend. bad experience.,78,182,13-04-2023 08:04,April 14,yes,1
5315,5316,excellent quality. wonderful experience. met expectations.,79,182,13-04-2023 08:04,April 14,no,3
5316,5317,easy to use. works perfectly.,84,182,13-04-2023 08:04,April 14,yes,1
5317,5318,excellent quality. exceeded expectations.,91,182,13-04-2023 08:04,April 14,no,2
5318,5319,waste of money. missing features.,92,182,13-04-2023 08:04,April 14,no,4
5319,5320,nothing special. terrible product.,95,182,13-04-2023 08:04,April 14,yes,2
5320,5321,highly recommend. highly recommend.,100,182,13-04-2023 08:04,April 14,yes,1
5321,5322,bad experience. does not work.,5,183,13-04-2023 08:04,April 14,no,2
5322,5323,easy to use. excellent quality. decent for the price.,6,183,13-04-2023 08:04,April 14,yes,0
5323,5324,great value. love this product.,14,183,13-04-2023 08:04,April 14,no,5
5324,5325,poor quality. waste of money.,21,183,13-04-2023 08:04,April 14,no,6
5325,5326,five stars. exceeded expectations.,24,183,13-04-2023 08:04,April 14,yes,2
5326,5327,highly recommend. excellent quality.,26,183,13-04-2023 08:04,April 14,yes,1
5327,5328,wonderful experience. very satisfied.,27,183,13-04-2023 08:04,April 14,no,3
5328,5329,awful. missing features.,33,183,13-04-2023 08:04,April 14,yes,1
5329,5330,terrible product. worst purchase.,36,183,13-04-2023 08:04,April 14,no,2
5330,5331,easy to use. excellent quality.,37,183,13-04-2023 08:04,April 14,no,4
5331,5332,does not work. waste of money.,41,183,13-04-2023 08:04,April 14,yes,2
5332,5333,missing features. difficult to use.,42,183,13-04-2023 08:04,April 14,yes,1
5333,5334,fantastic. love this product.,43,183,13-04-2023 08:04,April 14,no,2
5334,5335,highly recommend. exceeded expectations.,54,183,13-04-2023 08:04,April 14,yes,0
5335,5336,decent for the price. very disappointed.,56,183,13-04-2023 08:04,April 14,no,5
5336,5337,awful. awful.,57,183,13-04-2023 08:04,April 14,no,6
5337,5338,would not recommend. customer service was bad. some pros and cons.,65,183,13-04-2023 08:04,April 14,yes,2
5338,5339,worst purchase. waste of money. could be better.,66,183,13-04-2023 08:04,April 14,yes,1
5339,5340,one star. poor quality. it's okay.,69,183,13-04-2023 08:04,April 14,no,3
5340,5341,broke easily. customer service was bad.,71,183,13-04-2023 08:04,April 14,yes,1
5341,5342,would not recommend. waste of money.,73,183,13-04-2023 08:04,April 14,no,2
5342,5343,neither good nor bad. one star.,75,183,13-04-2023 08:04,April 14,no,4
5343,5344,customer service was bad. waste of money.,76,183,13-04-2023 08:04,April 14,yes,2
5344,5345,exceeded expectations. amazing features.,79,183,13-04-2023 08:04,April 14,yes,1
5345,5346,great value. highly recommend.,84,183,13-04-2023 08:04,April 14,no,2
5346,5347,decent for the price. awful.,85,183,13-04-2023 08:04,April 14,yes,0
5347,5348,neither good nor bad. missing features.,91,183,13-04-2023 08:04,April 14,no,5
5348,5349,fantastic. love this product.,92,183,13-04-2023 08:04,April 14,no,6
5349,5350,works as expected. best purchase ever.,93,183,13-04-2023 08:04,April 14,yes,2
5350,5351,waste of money. customer service was bad.,94,183,13-04-2023 08:04,April 14,yes,1
5351,5352,some pros and cons. very disappointed.,5,184,13-04-2023 08:04,April 14,no,3
5352,5353,one star. terrible product. some pros and cons.,6,184,13-04-2023 08:04,April 14,yes,1
5353,5354,does not work. difficult to use.,9,184,13-04-2023 08:04,April 14,no,2
5354,5355,nothing special. awful.,14,184,13-04-2023 08:04,April 14,no,4
5355,5356,met expectations. waste of money.,18,184,13-04-2023 08:04,April 14,yes,2
5356,5357,bad experience. would not recommend.,21,184,13-04-2023 08:04,April 14,yes,1
5357,5358,fantastic. great value.,24,184,13-04-2023 08:04,April 14,no,2
5358,5359,excellent quality. works perfectly. works as expected.,31,184,13-04-2023 08:04,April 14,yes,0
5359,5360,bad experience. one star.,36,184,13-04-2023 08:04,April 14,no,5
5360,5361,wonderful experience. highly recommend. it's okay.,41,184,13-04-2023 08:04,April 14,no,6
5361,5362,terrible product. broke easily.,54,184,13-04-2023 08:04,April 14,yes,2
5362,5363,it's okay. would not recommend.,57,184,13-04-2023 08:04,April 14,yes,1
5363,5364,decent for the price. wonderful experience.,61,184,13-04-2023 08:04,April 14,no,3
5364,5365,terrible product. customer service was bad.,63,184,13-04-2023 08:04,April 14,yes,1
5365,5366,works perfectly. best purchase ever.,66,184,13-04-2023 08:04,April 14,no,2
5366,5367,great value. best purchase ever.,71,184,13-04-2023 08:04,April 14,no,4
5367,5368,easy to use. easy to use.,72,184,13-04-2023 08:04,April 14,yes,2
5368,5369,customer service was bad. one star. some pros and cons.,75,184,13-04-2023 08:04,April 14,yes,1
5369,5370,fantastic. five stars. met expectations.,76,184,13-04-2023 08:04,April 14,no,2
5370,5371,fantastic. best purchase ever. met expectations.,87,184,13-04-2023 08:04,April 14,yes,0
5371,5372,one star. missing features.,91,184,13-04-2023 08:04,April 14,no,5
5372,5373,some pros and cons. excellent quality.,94,184,13-04-2023 08:04,April 14,no,6
5373,5374,poor quality. awful.,98,184,13-04-2023 08:04,April 14,yes,2
5374,5375,fantastic. amazing features.,99,184,13-04-2023 08:04,April 14,yes,1
5375,5376,easy to use. best purchase ever. it's okay.,2,185,13-04-2023 08:04,April 14,no,3
5376,5377,some pros and cons. love this product.,5,185,13-04-2023 08:04,April 14,yes,1
5377,5378,missing features. difficult to use.,6,185,13-04-2023 08:04,April 14,no,2
5378,5379,bad experience. poor quality.,14,185,13-04-2023 08:04,April 14,no,4
5379,5380,it's okay. very disappointed.,19,185,13-04-2023 08:04,April 14,yes,2
5380,5381,poor quality. very disappointed.,20,185,13-04-2023 08:04,April 14,yes,1
5381,5382,does not work. bad experience.,21,185,13-04-2023 08:04,April 14,no,2
5382,5383,works perfectly. works perfectly.,22,185,13-04-2023 08:04,April 14,yes,0
5383,5384,highly recommend. highly recommend.,24,185,13-04-2023 08:04,April 14,no,5
5384,5385,amazing features. fantastic.,28,185,13-04-2023 08:04,April 14,no,6
5385,5386,missing features. awful.,36,185,13-04-2023 08:04,April 14,yes,2
5386,5387,very satisfied. easy to use.,37,185,13-04-2023 08:04,April 14,yes,1
5387,5388,does not work. waste of money.,39,185,13-04-2023 08:04,April 14,no,3
5388,5389,five stars. amazing features.,41,185,13-04-2023 08:04,April 14,yes,1
5389,5390,fantastic. excellent quality. nothing special.,44,185,13-04-2023 08:04,April 14,no,2
5390,5391,wonderful experience. works perfectly.,46,185,13-04-2023 08:04,April 14,no,4
5391,5392,neither good nor bad. great value.,47,185,13-04-2023 08:04,April 14,yes,2
5392,5393,very satisfied. works perfectly.,48,185,13-04-2023 08:04,April 14,yes,1
5393,5394,love this product. wonderful experience.,54,185,13-04-2023 08:04,April 14,no,2
5394,5395,five stars. very satisfied.,57,185,13-04-2023 08:04,April 14,yes,0
5395,5396,works as expected. missing features.,61,185,13-04-2023 08:04,April 14,no,5
5396,5397,great value. works perfectly. some pros and cons.,62,185,13-04-2023 08:04,April 14,no,6
5397,5398,five stars. five stars.,66,185,13-04-2023 08:04,April 14,yes,2
5398,5399,awful. poor quality.,71,185,13-04-2023 08:04,April 14,yes,1
5399,5400,five stars. fantastic. it's okay.,75,185,13-04-2023 08:04,April 14,no,3
5400,5401,amazing features. works perfectly.,76,185,13-04-2023 08:04,April 14,yes,1
5401,5402,very disappointed. terrible product.,82,185,13-04-2023 08:04,April 14,no,2
5402,5403,nothing special. poor quality.,91,185,13-04-2023 08:04,April 14,no,4
5403,5404,one star. difficult to use. nothing special.,95,185,13-04-2023 08:04,April 14,yes,2
5404,5405,works perfectly. highly recommend.,5,186,13-04-2023 08:04,April 14,yes,1
5405,5406,great value. highly recommend.,11,186,13-04-2023 08:04,April 14,no,2
5406,5407,works perfectly. five stars.,14,186,13-04-2023 08:04,April 14,yes,0
5407,5408,broke easily. broke easily.,15,186,13-04-2023 08:04,April 14,no,5
5408,5409,nothing special. works perfectly.,19,186,13-04-2023 08:04,April 14,no,6
5409,5410,could be better. worst purchase.,21,186,13-04-2023 08:04,April 14,yes,2
5410,5411,does not work. missing features.,24,186,13-04-2023 08:04,April 14,yes,1
5411,5412,fantastic. very satisfied. nothing special.,27,186,13-04-2023 08:04,April 14,no,3
5412,5413,awful. would not recommend.,30,186,13-04-2023 08:04,April 14,yes,1
5413,5414,some pros and cons. highly recommend.,36,186,13-04-2023 08:04,April 14,no,2
5414,5415,easy to use. wonderful experience.,41,186,13-04-2023 08:04,April 14,no,4
5415,5416,excellent quality. great value.,47,186,13-04-2023 08:04,April 14,yes,2
5416,5417,love this product. great value. some pros and cons.,48,186,13-04-2023 08:04,April 14,yes,1
5417,5418,fantastic. love this product. neither good nor bad.,50,186,13-04-2023 08:04,April 14,no,2
5418,5419,amazing features. works perfectly.,54,186,13-04-2023 08:04,April 14,yes,0
5419,5420,highly recommend. amazing features.,57,186,13-04-2023 08:04,April 14,no,5
5420,5421,five stars. wonderful experience.,66,186,13-04-2023 08:04,April 14,no,6
5421,5422,exceeded expectations. easy to use.,69,186,13-04-2023 08:04,April 14,yes,2
5422,5423,one star. very disappointed. could be better.,70,186,13-04-2023 08:04,April 14,yes,1
5423,5424,it's okay. customer service was bad.,71,186,13-04-2023 08:04,April 14,no,3
5424,5425,met expectations. terrible product.,75,186,13-04-2023 08:04,April 14,yes,1
5425,5426,neither good nor bad. terrible product.,76,186,13-04-2023 08:04,April 14,no,2
5426,5427,missing features. missing features.,79,186,13-04-2023 08:04,April 14,no,4
5427,5428,difficult to use. difficult to use.,84,186,13-04-2023 08:04,April 14,yes,2
5428,5429,wonderful experience. love this product.,85,186,13-04-2023 08:04,April 14,yes,1
5429,5430,decent for the price. wonderful experience.,91,186,13-04-2023 08:04,April 14,no,2
5430,5431,one star. worst purchase.,95,186,13-04-2023 08:04,April 14,yes,0
5431,5432,customer service was bad. bad experience.,5,187,13-04-2023 08:04,April 14,no,5
5432,5433,poor quality. would not recommend.,12,187,13-04-2023 08:04,April 14,no,6
5433,5434,fantastic. highly recommend.,13,187,13-04-2023 08:04,April 14,yes,2
5434,5435,easy to use. excellent quality.,14,187,13-04-2023 08:04,April 14,yes,1
5435,5436,customer service was bad. poor quality. some pros and cons.,15,187,13-04-2023 08:04,April 14,no,3
5436,5437,very disappointed. broke easily.,18,187,13-04-2023 08:04,April 14,yes,1
5437,5438,fantastic. excellent quality. works as expected.,21,187,13-04-2023 08:04,April 14,no,2
5438,5439,decent for the price. missing features.,24,187,13-04-2023 08:04,April 14,no,4
5439,5440,broke easily. poor quality.,27,187,13-04-2023 08:04,April 14,yes,2
5440,5441,five stars. five stars.,33,187,13-04-2023 08:04,April 14,yes,1
5441,5442,some pros and cons. fantastic.,36,187,13-04-2023 08:04,April 14,no,2
5442,5443,nothing special. fantastic.,38,187,13-04-2023 08:04,April 14,yes,0
5443,5444,would not recommend. waste of money.,39,187,13-04-2023 08:04,April 14,no,5
5444,5445,worst purchase. one star.,41,187,13-04-2023 08:04,April 14,no,6
5445,5446,it's okay. great value.,47,187,13-04-2023 08:04,April 14,yes,2
5446,5447,very disappointed. terrible product. it's okay.,48,187,13-04-2023 08:04,April 14,yes,1
5447,5448,fantastic. exceeded expectations.,54,187,13-04-2023 08:04,April 14,no,3
5448,5449,very satisfied. exceeded expectations.,55,187,13-04-2023 08:04,April 14,yes,1
5449,5450,broke easily. bad experience.,57,187,13-04-2023 08:04,April 14,no,2
5450,5451,one star. waste of money.,63,187,13-04-2023 08:04,April 14,no,4
5451,5452,wonderful experience. wonderful experience.,66,187,13-04-2023 08:04,April 14,yes,2
5452,5453,highly recommend. great value. it's okay.,71,187,13-04-2023 08:04,April 14,yes,1
5453,5454,easy to use. works perfectly.,73,187,13-04-2023 08:04,April 14,no,2
5454,5455,waste of money. customer service was bad.,75,187,13-04-2023 08:04,April 14,yes,0
5455,5456,highly recommend. works perfectly. could be better.,76,187,13-04-2023 08:04,April 14,no,5
5456,5457,excellent quality. exceeded expectations. it's okay.,82,187,13-04-2023 08:04,April 14,no,6
5457,5458,met expectations. worst purchase.,84,187,13-04-2023 08:04,April 14,yes,2
5458,5459,decent for the price. highly recommend.,91,187,13-04-2023 08:04,April 14,yes,1
5459,5460,met expectations. one star.,92,187,13-04-2023 08:04,April 14,no,3
5460,5461,love this product. fantastic. met expectations.,94,187,13-04-2023 08:04,April 14,yes,1
5461,5462,one star. one star.,97,187,13-04-2023 08:04,April 14,no,2
5462,5463,customer service was bad. awful.,98,187,13-04-2023 08:04,April 14,no,4
5463,5464,average product. waste of money.,99,187,13-04-2023 08:04,April 14,yes,2
5464,5465,nothing special. does not work.,5,188,13-04-2023 08:04,April 14,yes,1
5465,5466,terrible product. terrible product.,6,188,13-04-2023 08:04,April 14,no,2
5466,5467,neither good nor bad. very satisfied.,12,188,13-04-2023 08:04,April 14,yes,0
5467,5468,best purchase ever. best purchase ever.,14,188,13-04-2023 08:04,April 14,no,5
5468,5469,fantastic. works perfectly. some pros and cons.,15,188,13-04-2023 08:04,April 14,no,6
5469,5470,could be better. easy to use.,21,188,13-04-2023 08:04,April 14,yes,2
5470,5471,decent for the price. waste of money.,24,188,13-04-2023 08:04,April 14,yes,1
5471,5472,amazing features. love this product.,27,188,13-04-2023 08:04,April 14,no,3
5472,5473,would not recommend. customer service was bad. works as expected.,30,188,13-04-2023 08:04,April 14,yes,1
5473,5474,average product. works perfectly.,35,188,13-04-2023 08:04,April 14,no,2
5474,5475,neither good nor bad. one star.,36,188,13-04-2023 08:04,April 14,no,4
5475,5476,wonderful experience. fantastic. average product.,38,188,13-04-2023 08:04,April 14,yes,2
5476,5477,decent for the price. terrible product.,41,188,13-04-2023 08:04,April 14,yes,1
5477,5478,does not work. waste of money.,42,188,13-04-2023 08:04,April 14,no,2
5478,5479,customer service was bad. worst purchase.,46,188,13-04-2023 08:04,April 14,yes,0
5479,5480,excellent quality. five stars. decent for the price.,54,188,13-04-2023 08:04,April 14,no,5
5480,5481,fantastic. excellent quality.,56,188,13-04-2023 08:04,April 14,no,6
5481,5482,broke easily. missing features.,57,188,13-04-2023 08:04,April 14,yes,2
5482,5483,poor quality. very disappointed.,63,188,13-04-2023 08:04,April 14,yes,1
5483,5484,one star. missing features. some pros and cons.,66,188,13-04-2023 08:04,April 14,no,3
5484,5485,broke easily. poor quality.,70,188,13-04-2023 08:04,April 14,yes,1
5485,5486,works perfectly. love this product.,71,188,13-04-2023 08:04,April 14,no,2
5486,5487,best purchase ever. easy to use.,75,188,13-04-2023 08:04,April 14,no,4
5487,5488,awful. difficult to use. neither good nor bad.,76,188,13-04-2023 08:04,April 14,yes,2
5488,5489,love this product. fantastic.,85,188,13-04-2023 08:04,April 14,yes,1
5489,5490,missing features. waste of money.,87,188,13-04-2023 08:04,April 14,no,2
5490,5491,met expectations. one star.,91,188,13-04-2023 08:04,April 14,yes,0
5491,5492,poor quality. customer service was bad.,5,189,13-04-2023 08:04,April 14,no,5
5492,5493,poor quality. waste of money.,8,189,13-04-2023 08:04,April 14,no,6
5493,5494,broke easily. very disappointed.,14,189,13-04-2023 08:04,April 14,yes,2
5494,5495,bad experience. poor quality.,18,189,13-04-2023 08:04,April 14,yes,1
5495,5496,very satisfied. five stars. could be better.,21,189,13-04-2023 08:04,April 14,no,3
5496,5497,broke easily. does not work.,24,189,13-04-2023 08:04,April 14,yes,1
5497,5498,waste of money. worst purchase. decent for the price.,27,189,13-04-2023 08:04,April 14,no,2
5498,5499,worst purchase. does not work.,31,189,13-04-2023 08:04,April 14,no,4
5499,5500,bad experience. broke easily.,33,189,13-04-2023 08:04,April 14,yes,2
5500,5501,terrible product. would not recommend.,36,189,13-04-2023 08:04,April 14,yes,1
5501,5502,waste of money. worst purchase.,40,189,13-04-2023 08:04,April 14,no,2
5502,5503,difficult to use. waste of money.,41,189,13-04-2023 08:04,April 14,yes,0
5503,5504,one star. broke easily.,44,189,13-04-2023 08:04,April 14,no,5
5504,5505,exceeded expectations. fantastic.,52,189,13-04-2023 08:04,April 14,no,6
5505,5506,would not recommend. awful. some pros and cons.,54,189,13-04-2023 08:04,April 14,yes,2
5506,5507,wonderful experience. five stars.,57,189,13-04-2023 08:04,April 14,yes,1
5507,5508,missing features. difficult to use.,61,189,13-04-2023 08:04,April 14,no,3
5508,5509,five stars. very satisfied.,62,189,13-04-2023 08:04,April 14,yes,1
5509,5510,some pros and cons. worst purchase.,66,189,13-04-2023 08:04,April 14,no,2
5510,5511,decent for the price. would not recommend.,67,189,13-04-2023 08:04,April 14,no,4
5511,5512,highly recommend. very satisfied. some pros and cons.,70,189,13-04-2023 08:04,April 14,yes,2
5512,5513,would not recommend. would not recommend. could be better.,71,189,13-04-2023 08:04,April 14,yes,1
5513,5514,bad experience. worst purchase.,75,189,13-04-2023 08:04,April 14,no,2
5514,5515,wonderful experience. works perfectly. could be better.,76,189,13-04-2023 08:04,April 14,yes,0
5515,5516,exceeded expectations. wonderful experience.,79,189,13-04-2023 08:04,April 14,no,5
5516,5517,highly recommend. works perfectly.,84,189,13-04-2023 08:04,April 14,no,6
5517,5518,decent for the price. works perfectly.,91,189,13-04-2023 08:04,April 14,yes,2
5518,5519,one star. does not work.,93,189,13-04-2023 08:04,April 14,yes,1
5519,5520,exceeded expectations. great value.,94,189,13-04-2023 08:04,April 14,no,3
5520,5521,would not recommend. customer service was bad.,97,189,13-04-2023 08:04,April 14,yes,1
5521,5522,poor quality. very disappointed.,98,189,13-04-2023 08:04,April 14,no,2
5522,5523,highly recommend. great value.,100,189,13-04-2023 08:04,April 14,no,4
5523,5524,best purchase ever. five stars. neither good nor bad.,5,190,13-04-2023 08:04,April 14,yes,2
5524,5525,works as expected. bad experience.,6,190,13-04-2023 08:04,April 14,yes,1
5525,5526,awful. difficult to use.,8,190,13-04-2023 08:04,April 14,no,2
5526,5527,neither good nor bad. highly recommend.,14,190,13-04-2023 08:04,April 14,yes,0
5527,5528,works perfectly. love this product.,16,190,13-04-2023 08:04,April 14,no,5
5528,5529,would not recommend. bad experience.,21,190,13-04-2023 08:04,April 14,no,6
5529,5530,it's okay. wonderful experience.,24,190,13-04-2023 08:04,April 14,yes,2
5530,5531,exceeded expectations. exceeded expectations.,36,190,13-04-2023 08:04,April 14,yes,1
5531,5532,very satisfied. excellent quality.,37,190,13-04-2023 08:04,April 14,no,3
5532,5533,broke easily. awful.,38,190,13-04-2023 08:04,April 14,yes,1
5533,5534,neither good nor bad. difficult to use.,41,190,13-04-2023 08:04,April 14,no,2
5534,5535,would not recommend. difficult to use.,44,190,13-04-2023 08:04,April 14,no,4
5535,5536,does not work. difficult to use. some pros and cons.,46,190,13-04-2023 08:04,April 14,yes,2
5536,5537,it's okay. fantastic.,54,190,13-04-2023 08:04,April 14,yes,1
5537,5538,could be better. does not work.,56,190,13-04-2023 08:04,April 14,no,2
5538,5539,waste of money. awful. decent for the price.,57,190,13-04-2023 08:04,April 14,yes,0
5539,5540,amazing features. five stars.,63,190,13-04-2023 08:04,April 14,no,5
5540,5541,easy to use. easy to use.,66,190,13-04-2023 08:04,April 14,no,6
5541,5542,works perfectly. very satisfied.,67,190,13-04-2023 08:04,April 14,yes,2
5542,5543,highly recommend. amazing features.,71,190,13-04-2023 08:04,April 14,yes,1
5543,5544,waste of money. missing features. works as expected.,72,190,13-04-2023 08:04,April 14,no,3
5544,5545,awful. very disappointed.,75,190,13-04-2023 08:04,April 14,yes,1
5545,5546,easy to use. best purchase ever.,76,190,13-04-2023 08:04,April 14,no,2
5546,5547,met expectations. highly recommend.,79,190,13-04-2023 08:04,April 14,no,4
5547,5548,love this product. love this product.,91,190,13-04-2023 08:04,April 14,yes,2
5548,5549,could be better. easy to use.,94,190,13-04-2023 08:04,April 14,yes,1
5549,5550,neither good nor bad. missing features.,95,190,13-04-2023 08:04,April 14,no,2
5550,5551,missing features. bad experience. nothing special.,96,190,13-04-2023 08:04,April 14,yes,0
5551,5552,love this product. five stars.,98,190,13-04-2023 08:04,April 14,no,5
5552,5553,highly recommend. highly recommend.,2,191,13-04-2023 08:04,April 14,no,6
5553,5554,it's okay. bad experience.,5,191,13-04-2023 08:04,April 14,yes,2
5554,5555,works perfectly. great value.,12,191,13-04-2023 08:04,April 14,yes,1
5555,5556,works as expected. exceeded expectations.,13,191,13-04-2023 08:04,April 14,no,3
5556,5557,nothing special. poor quality.,14,191,13-04-2023 08:04,April 14,yes,1
5557,5558,could be better. poor quality.,21,191,13-04-2023 08:04,April 14,no,2
5558,5559,could be better. love this product.,24,191,13-04-2023 08:04,April 14,no,4
5559,5560,five stars. love this product.,27,191,13-04-2023 08:04,April 14,yes,2
5560,5561,very satisfied. fantastic.,31,191,13-04-2023 08:04,April 14,yes,1
5561,5562,waste of money. broke easily. neither good nor bad.,36,191,13-04-2023 08:04,April 14,no,2
5562,5563,very satisfied. easy to use.,37,191,13-04-2023 08:04,April 14,yes,0
5563,5564,could be better. best purchase ever.,40,191,13-04-2023 08:04,April 14,no,5
5564,5565,customer service was bad. bad experience.,41,191,13-04-2023 08:04,April 14,no,6
5565,5566,customer service was bad. missing features.,47,191,13-04-2023 08:04,April 14,yes,2
5566,5567,one star. difficult to use. average product.,54,191,13-04-2023 08:04,April 14,yes,1
5567,5568,one star. awful.,56,191,13-04-2023 08:04,April 14,no,3
5568,5569,broke easily. bad experience.,57,191,13-04-2023 08:04,April 14,yes,1
5569,5570,five stars. works perfectly.,66,191,13-04-2023 08:04,April 14,no,2
5570,5571,broke easily. worst purchase.,70,191,13-04-2023 08:04,April 14,no,4
5571,5572,one star. poor quality.,71,191,13-04-2023 08:04,April 14,yes,2
5572,5573,waste of money. broke easily.,75,191,13-04-2023 08:04,April 14,yes,1
5573,5574,amazing features. wonderful experience.,76,191,13-04-2023 08:04,April 14,no,2
5574,5575,terrible product. missing features.,78,191,13-04-2023 08:04,April 14,yes,0
5575,5576,bad experience. customer service was bad. met expectations.,82,191,13-04-2023 08:04,April 14,no,5
5576,5577,poor quality. does not work.,91,191,13-04-2023 08:04,April 14,no,6
5577,5578,highly recommend. wonderful experience.,96,191,13-04-2023 08:04,April 14,yes,2
5578,5579,it's okay. missing features.,97,191,13-04-2023 08:04,April 14,yes,1
5579,5580,awful. difficult to use. neither good nor bad.,98,191,13-04-2023 08:04,April 14,no,3
5580,5581,excellent quality. fantastic.,99,191,13-04-2023 08:04,April 14,yes,1
5581,5582,terrible product. broke easily.,100,191,13-04-2023 08:04,April 14,no,2
5582,5583,does not work. would not recommend.,3,192,13-04-2023 08:04,April 14,no,4
5583,5584,fantastic. works perfectly.,5,192,13-04-2023 08:04,April 14,yes,2
5584,5585,missing features. difficult to use. it's okay.,13,192,13-04-2023 08:04,April 14,yes,1
5585,5586,exceeded expectations. great value.,14,192,13-04-2023 08:04,April 14,no,2
5586,5587,would not recommend. poor quality.,18,192,13-04-2023 08:04,April 14,yes,0
5587,5588,very satisfied. exceeded expectations.,21,192,13-04-2023 08:04,April 14,no,5
5588,5589,easy to use. wonderful experience.,24,192,13-04-2023 08:04,April 14,no,6
5589,5590,easy to use. works perfectly.,27,192,13-04-2023 08:04,April 14,yes,2
5590,5591,very disappointed. waste of money. decent for the price.,35,192,13-04-2023 08:04,April 14,yes,1
5591,5592,poor quality. difficult to use.,36,192,13-04-2023 08:04,April 14,no,3
5592,5593,love this product. highly recommend.,40,192,13-04-2023 08:04,April 14,yes,1
5593,5594,decent for the price. worst purchase.,41,192,13-04-2023 08:04,April 14,no,2
5594,5595,easy to use. great value.,43,192,13-04-2023 08:04,April 14,no,4
5595,5596,terrible product. waste of money.,47,192,13-04-2023 08:04,April 14,yes,2
5596,5597,met expectations. waste of money.,52,192,13-04-2023 08:04,April 14,yes,1
5597,5598,does not work. customer service was bad.,54,192,13-04-2023 08:04,April 14,no,2
5598,5599,bad experience. customer service was bad.,57,192,13-04-2023 08:04,April 14,yes,0
5599,5600,great value. very satisfied.,63,192,13-04-2023 08:04,April 14,no,5
5600,5601,customer service was bad. worst purchase.,65,192,13-04-2023 08:04,April 14,no,6
5601,5602,amazing features. best purchase ever.,66,192,13-04-2023 08:04,April 14,yes,2
5602,5603,some pros and cons. love this product.,69,192,13-04-2023 08:04,April 14,yes,1
5603,5604,it's okay. excellent quality.,71,192,13-04-2023 08:04,April 14,no,3
5604,5605,it's okay. wonderful experience.,72,192,13-04-2023 08:04,April 14,yes,1
5605,5606,wonderful experience. great value.,75,192,13-04-2023 08:04,April 14,no,2
5606,5607,decent for the price. customer service was bad.,76,192,13-04-2023 08:04,April 14,no,4
5607,5608,bad experience. does not work.,78,192,13-04-2023 08:04,April 14,yes,2
5608,5609,amazing features. very satisfied.,91,192,13-04-2023 08:04,April 14,yes,1
5609,5610,missing features. does not work. met expectations.,93,192,13-04-2023 08:04,April 14,no,2
5610,5611,poor quality. missing features.,100,192,13-04-2023 08:04,April 14,yes,0
5611,5612,some pros and cons. does not work.,2,193,13-04-2023 08:04,April 14,no,5
5612,5613,one star. would not recommend.,4,193,13-04-2023 08:04,April 14,no,6
5613,5614,wonderful experience. very satisfied.,5,193,13-04-2023 08:04,April 14,yes,2
5614,5615,works perfectly. works perfectly.,6,193,13-04-2023 08:04,April 14,yes,1
5615,5616,average product. terrible product.,14,193,13-04-2023 08:04,April 14,no,3
5616,5617,poor quality. bad experience. some pros and cons.,15,193,13-04-2023 08:04,April 14,yes,1
5617,5618,wonderful experience. easy to use.,17,193,13-04-2023 08:04,April 14,no,2
5618,5619,works perfectly. five stars.,21,193,13-04-2023 08:04,April 14,no,4
5619,5620,love this product. easy to use.,24,193,13-04-2023 08:04,April 14,yes,2
5620,5621,great value. great value.,31,193,13-04-2023 08:04,April 14,yes,1
5621,5622,bad experience. broke easily. could be better.,33,193,13-04-2023 08:04,April 14,no,2
5622,5623,average product. five stars.,36,193,13-04-2023 08:04,April 14,yes,0
5623,5624,terrible product. worst purchase.,39,193,13-04-2023 08:04,April 14,no,5
5624,5625,love this product. very satisfied.,41,193,13-04-2023 08:04,April 14,no,6
5625,5626,it's okay. one star.,50,193,13-04-2023 08:04,April 14,yes,2
5626,5627,easy to use. great value.,52,193,13-04-2023 08:04,April 14,yes,1
5627,5628,love this product. five stars. decent for the price.,54,193,13-04-2023 08:04,April 14,no,3
5628,5629,great value. five stars. average product.,55,193,13-04-2023 08:04,April 14,yes,1
5629,5630,awful. bad experience.,57,193,13-04-2023 08:04,April 14,no,2
5630,5631,bad experience. very disappointed. nothing special.,60,193,13-04-2023 08:04,April 14,no,4
5631,5632,wonderful experience. best purchase ever. works as expected.,66,193,13-04-2023 08:04,April 14,yes,2
5632,5633,exceeded expectations. great value.,69,193,13-04-2023 08:04,April 14,yes,1
5633,5634,works as expected. fantastic.,71,193,13-04-2023 08:04,April 14,no,2
5634,5635,difficult to use. broke easily. works as expected.,75,193,13-04-2023 08:04,April 14,yes,0
5635,5636,amazing features. highly recommend.,76,193,13-04-2023 08:04,April 14,no,5
5636,5637,some pros and cons. works perfectly.,91,193,13-04-2023 08:04,April 14,no,6
5637,5638,decent for the price. waste of money.,3,194,13-04-2023 08:04,April 14,yes,2
5638,5639,nothing special. worst purchase.,5,194,13-04-2023 08:04,April 14,yes,1
5639,5640,exceeded expectations. wonderful experience.,13,194,13-04-2023 08:04,April 14,no,3
5640,5641,difficult to use. missing features.,14,194,13-04-2023 08:04,April 14,yes,1
5641,5642,very disappointed. does not work.,17,194,13-04-2023 08:04,April 14,no,2
5642,5643,five stars. very satisfied.,20,194,13-04-2023 08:04,April 14,no,4
5643,5644,poor quality. would not recommend.,21,194,13-04-2023 08:04,April 14,yes,2
5644,5645,one star. awful.,24,194,13-04-2023 08:04,April 14,yes,1
5645,5646,average product. very disappointed.,28,194,13-04-2023 08:04,April 14,no,2
5646,5647,broke easily. awful. met expectations.,33,194,13-04-2023 08:04,April 14,yes,0
5647,5648,highly recommend. highly recommend. neither good nor bad.,36,194,13-04-2023 08:04,April 14,no,5
5648,5649,great value. easy to use. some pros and cons.,41,194,13-04-2023 08:04,April 14,no,6
5649,5650,it's okay. difficult to use.,44,194,13-04-2023 08:04,April 14,yes,2
5650,5651,would not recommend. one star. neither good nor bad.,47,194,13-04-2023 08:04,April 14,yes,1
5651,5652,best purchase ever. wonderful experience. average product.,52,194,13-04-2023 08:04,April 14,no,3
5652,5653,poor quality. very disappointed.,54,194,13-04-2023 08:04,April 14,yes,1
5653,5654,amazing features. fantastic. could be better.,55,194,13-04-2023 08:04,April 14,no,2
5654,5655,neither good nor bad. highly recommend.,57,194,13-04-2023 08:04,April 14,no,4
5655,5656,great value. best purchase ever.,62,194,13-04-2023 08:04,April 14,yes,2
5656,5657,broke easily. one star.,63,194,13-04-2023 08:04,April 14,yes,1
5657,5658,fantastic. works perfectly. neither good nor bad.,66,194,13-04-2023 08:04,April 14,no,2
5658,5659,missing features. difficult to use. could be better.,70,194,13-04-2023 08:04,April 14,yes,0
5659,5660,poor quality. does not work.,71,194,13-04-2023 08:04,April 14,no,5
5660,5661,difficult to use. bad experience.,75,194,13-04-2023 08:04,April 14,no,6
5661,5662,bad experience. missing features.,76,194,13-04-2023 08:04,April 14,yes,2
5662,5663,amazing features. works perfectly.,87,194,13-04-2023 08:04,April 14,yes,1
5663,5664,fantastic. wonderful experience.,91,194,13-04-2023 08:04,April 14,no,3
5664,5665,missing features. one star.,94,194,13-04-2023 08:04,April 14,yes,1
5665,5666,amazing features. wonderful experience.,97,194,13-04-2023 08:04,April 14,no,2
5666,5667,five stars. works perfectly. average product.,98,194,13-04-2023 08:04,April 14,no,4
5667,5668,works perfectly. best purchase ever.,2,195,13-04-2023 08:04,April 14,yes,2
5668,5669,decent for the price. amazing features.,5,195,13-04-2023 08:04,April 14,yes,1
5669,5670,very disappointed. would not recommend. average product.,6,195,13-04-2023 08:04,April 14,no,2
5670,5671,very disappointed. would not recommend.,8,195,13-04-2023 08:04,April 14,yes,0
5671,5672,fantastic. excellent quality.,10,195,13-04-2023 08:04,April 14,no,5
5672,5673,it's okay. bad experience.,12,195,13-04-2023 08:04,April 14,no,6
5673,5674,difficult to use. bad experience.,14,195,13-04-2023 08:04,April 14,yes,2
5674,5675,great value. great value. it's okay.,20,195,13-04-2023 08:04,April 14,yes,1
5675,5676,nothing special. waste of money.,21,195,13-04-2023 08:04,April 14,no,3
5676,5677,amazing features. very satisfied.,24,195,13-04-2023 08:04,April 14,yes,1
5677,5678,amazing features. five stars.,27,195,13-04-2023 08:04,April 14,no,2
5678,5679,broke easily. customer service was bad.,36,195,13-04-2023 08:04,April 14,no,4
5679,5680,neither good nor bad. love this product.,38,195,13-04-2023 08:04,April 14,yes,2
5680,5681,waste of money. awful.,41,195,13-04-2023 08:04,April 14,yes,1
5681,5682,very disappointed. awful.,43,195,13-04-2023 08:04,April 14,no,2
5682,5683,works as expected. fantastic.,46,195,13-04-2023 08:04,April 14,yes,0
5683,5684,works as expected. five stars.,52,195,13-04-2023 08:04,April 14,no,5
5684,5685,worst purchase. terrible product. nothing special.,54,195,13-04-2023 08:04,April 14,no,6
5685,5686,one star. customer service was bad.,55,195,13-04-2023 08:04,April 14,yes,2
5686,5687,fantastic. love this product.,57,195,13-04-2023 08:04,April 14,yes,1
5687,5688,broke easily. missing features. could be better.,60,195,13-04-2023 08:04,April 14,no,3
5688,5689,excellent quality. works perfectly. met expectations.,62,195,13-04-2023 08:04,April 14,yes,1
5689,5690,worst purchase. does not work.,63,195,13-04-2023 08:04,April 14,no,2
5690,5691,love this product. works perfectly. decent for the price.,66,195,13-04-2023 08:04,April 14,no,4
5691,5692,easy to use. excellent quality.,67,195,13-04-2023 08:04,April 14,yes,2
5692,5693,works perfectly. best purchase ever.,71,195,13-04-2023 08:04,April 14,yes,1
5693,5694,wonderful experience. love this product. nothing special.,75,195,13-04-2023 08:04,April 14,no,2
5694,5695,terrible product. broke easily.,76,195,13-04-2023 08:04,April 14,yes,0
5695,5696,five stars. works perfectly.,91,195,13-04-2023 08:04,April 14,no,5
5696,5697,nothing special. easy to use.,94,195,13-04-2023 08:04,April 14,no,6
5697,5698,decent for the price. fantastic.,95,195,13-04-2023 08:04,April 14,yes,2
5698,5699,some pros and cons. poor quality.,97,195,13-04-2023 08:04,April 14,yes,1
5699,5700,broke easily. one star. neither good nor bad.,100,195,13-04-2023 08:04,April 14,no,3
5700,5701,bad experience. very disappointed.,4,196,13-04-2023 08:04,April 14,yes,1
5701,5702,poor quality. difficult to use. some pros and cons.,5,196,13-04-2023 08:04,April 14,no,2
5702,5703,fantastic. great value.,6,196,13-04-2023 08:04,April 14,no,4
5703,5704,very disappointed. worst purchase.,9,196,13-04-2023 08:04,April 14,yes,2
5704,5705,customer service was bad. terrible product.,10,196,13-04-2023 08:04,April 14,yes,1
5705,5706,terrible product. customer service was bad.,13,196,13-04-2023 08:04,April 14,no,2
5706,5707,it's okay. fantastic.,14,196,13-04-2023 08:04,April 14,yes,0
5707,5708,met expectations. easy to use.,16,196,13-04-2023 08:04,April 14,no,5
5708,5709,worst purchase. would not recommend. average product.,18,196,13-04-2023 08:04,April 14,no,6
5709,5710,customer service was bad. customer service was bad. neither good nor bad.,21,196,13-04-2023 08:04,April 14,yes,2
5710,5711,works as expected. highly recommend.,24,196,13-04-2023 08:04,April 14,yes,1
5711,5712,could be better. wonderful experience.,36,196,13-04-2023 08:04,April 14,no,3
5712,5713,does not work. would not recommend.,37,196,13-04-2023 08:04,April 14,yes,1
5713,5714,one star. customer service was bad. average product.,38,196,13-04-2023 08:04,April 14,no,2
5714,5715,neither good nor bad. fantastic.,41,196,13-04-2023 08:04,April 14,no,4
5715,5716,very satisfied. excellent quality. decent for the price.,44,196,13-04-2023 08:04,April 14,yes,2
5716,5717,wonderful experience. easy to use.,50,196,13-04-2023 08:04,April 14,yes,1
5717,5718,difficult to use. very disappointed. average product.,54,196,13-04-2023 08:04,April 14,no,2
5718,5719,very disappointed. awful. works as expected.,55,196,13-04-2023 08:04,April 14,yes,0
5719,5720,would not recommend. would not recommend. works as expected.,56,196,13-04-2023 08:04,April 14,no,5
5720,5721,highly recommend. very satisfied.,57,196,13-04-2023 08:04,April 14,no,6
5721,5722,neither good nor bad. excellent quality.,60,196,13-04-2023 08:04,April 14,yes,2
5722,5723,does not work. bad experience. nothing special.,63,196,13-04-2023 08:04,April 14,yes,1
5723,5724,awful. missing features.,65,196,13-04-2023 08:04,April 14,no,3
5724,5725,difficult to use. missing features. works as expected.,66,196,13-04-2023 08:04,April 14,yes,1
5725,5726,exceeded expectations. exceeded expectations.,69,196,13-04-2023 08:04,April 14,no,2
5726,5727,excellent quality. five stars. average product.,70,196,13-04-2023 08:04,April 14,no,4
5727,5728,works as expected. great value.,71,196,13-04-2023 08:04,April 14,yes,2
5728,5729,some pros and cons. worst purchase.,75,196,13-04-2023 08:04,April 14,yes,1
5729,5730,best purchase ever. exceeded expectations.,76,196,13-04-2023 08:04,April 14,no,2
5730,5731,love this product. wonderful experience.,79,196,13-04-2023 08:04,April 14,yes,0
5731,5732,highly recommend. five stars. decent for the price.,82,196,13-04-2023 08:04,April 14,no,5
5732,5733,bad experience. waste of money.,87,196,13-04-2023 08:04,April 14,no,6
5733,5734,best purchase ever. great value.,91,196,13-04-2023 08:04,April 14,yes,2
5734,5735,some pros and cons. highly recommend.,100,196,13-04-2023 08:04,April 14,yes,1
5735,5736,bad experience. does not work.,3,197,13-04-2023 08:04,April 14,no,3
5736,5737,highly recommend. very satisfied.,5,197,13-04-2023 08:04,April 14,yes,1
5737,5738,very satisfied. highly recommend.,6,197,13-04-2023 08:04,April 14,no,2
5738,5739,would not recommend. poor quality.,11,197,13-04-2023 08:04,April 14,no,4
5739,5740,best purchase ever. highly recommend. average product.,14,197,13-04-2023 08:04,April 14,yes,2
5740,5741,easy to use. highly recommend.,20,197,13-04-2023 08:04,April 14,yes,1
5741,5742,works as expected. poor quality.,21,197,13-04-2023 08:04,April 14,no,2
5742,5743,average product. love this product.,24,197,13-04-2023 08:04,April 14,yes,0
5743,5744,exceeded expectations. easy to use. neither good nor bad.,26,197,13-04-2023 08:04,April 14,no,5
5744,5745,terrible product. terrible product.,33,197,13-04-2023 08:04,April 14,no,6
5745,5746,difficult to use. poor quality.,36,197,13-04-2023 08:04,April 14,yes,2
5746,5747,exceeded expectations. fantastic. works as expected.,41,197,13-04-2023 08:04,April 14,yes,1
5747,5748,excellent quality. love this product.,42,197,13-04-2023 08:04,April 14,no,3
5748,5749,wonderful experience. best purchase ever.,46,197,13-04-2023 08:04,April 14,yes,1
5749,5750,waste of money. very disappointed. met expectations.,54,197,13-04-2023 08:04,April 14,no,2
5750,5751,poor quality. worst purchase.,57,197,13-04-2023 08:04,April 14,no,4
5751,5752,best purchase ever. amazing features. nothing special.,66,197,13-04-2023 08:04,April 14,yes,2
5752,5753,five stars. highly recommend. average product.,71,197,13-04-2023 08:04,April 14,yes,1
5753,5754,one star. waste of money.,73,197,13-04-2023 08:04,April 14,no,2
5754,5755,great value. excellent quality. average product.,75,197,13-04-2023 08:04,April 14,yes,0
5755,5756,would not recommend. bad experience. nothing special.,76,197,13-04-2023 08:04,April 14,no,5
5756,5757,would not recommend. poor quality.,91,197,13-04-2023 08:04,April 14,no,6
5757,5758,great value. highly recommend.,93,197,13-04-2023 08:04,April 14,yes,2
5758,5759,neither good nor bad. difficult to use.,95,197,13-04-2023 08:04,April 14,yes,1
5759,5760,five stars. excellent quality.,2,198,13-04-2023 08:04,April 14,no,3
5760,5761,it's okay. works perfectly.,5,198,13-04-2023 08:04,April 14,yes,1
5761,5762,very disappointed. customer service was bad.,9,198,13-04-2023 08:04,April 14,no,2
5762,5763,great value. amazing features.,11,198,13-04-2023 08:04,April 14,no,4
5763,5764,broke easily. missing features.,14,198,13-04-2023 08:04,April 14,yes,2
5764,5765,broke easily. difficult to use.,15,198,13-04-2023 08:04,April 14,yes,1
5765,5766,works as expected. does not work.,18,198,13-04-2023 08:04,April 14,no,2
5766,5767,terrible product. terrible product.,19,198,13-04-2023 08:04,April 14,yes,0
5767,5768,works perfectly. five stars. nothing special.,21,198,13-04-2023 08:04,April 14,no,5
5768,5769,highly recommend. works perfectly.,24,198,13-04-2023 08:04,April 14,no,6
5769,5770,some pros and cons. highly recommend.,30,198,13-04-2023 08:04,April 14,yes,2
5770,5771,works perfectly. fantastic. works as expected.,31,198,13-04-2023 08:04,April 14,yes,1
5771,5772,would not recommend. awful. neither good nor bad.,35,198,13-04-2023 08:04,April 14,no,3
5772,5773,met expectations. does not work.,36,198,13-04-2023 08:04,April 14,yes,1
5773,5774,love this product. works perfectly.,41,198,13-04-2023 08:04,April 14,no,2
5774,5775,neither good nor bad. bad experience.,48,198,13-04-2023 08:04,April 14,no,4
5775,5776,very satisfied. five stars.,52,198,13-04-2023 08:04,April 14,yes,2
5776,5777,amazing features. wonderful experience.,54,198,13-04-2023 08:04,April 14,yes,1
5777,5778,terrible product. difficult to use.,57,198,13-04-2023 08:04,April 14,no,2
5778,5779,neither good nor bad. exceeded expectations.,60,198,13-04-2023 08:04,April 14,yes,0
5779,5780,bad experience. does not work. works as expected.,63,198,13-04-2023 08:04,April 14,no,5
5780,5781,highly recommend. wonderful experience.,65,198,13-04-2023 08:04,April 14,no,6
5781,5782,very disappointed. would not recommend.,66,198,13-04-2023 08:04,April 14,yes,2
5782,5783,terrible product. poor quality. some pros and cons.,71,198,13-04-2023 08:04,April 14,yes,1
5783,5784,love this product. five stars.,75,198,13-04-2023 08:04,April 14,no,3
5784,5785,broke easily. very disappointed. it's okay.,76,198,13-04-2023 08:04,April 14,yes,1
5785,5786,awful. bad experience. nothing special.,78,198,13-04-2023 08:04,April 14,no,2
5786,5787,customer service was bad. missing features.,82,198,13-04-2023 08:04,April 14,no,4
5787,5788,exceeded expectations. exceeded expectations.,91,198,13-04-2023 08:04,April 14,yes,2
5788,5789,best purchase ever. easy to use.,96,198,13-04-2023 08:04,April 14,yes,1
5789,5790,nothing special. waste of money.,99,198,13-04-2023 08:04,April 14,no,2
5790,5791,best purchase ever. wonderful experience.,100,198,13-04-2023 08:04,April 14,yes,0
5791,5792,great value. amazing features.,5,199,13-04-2023 08:04,April 14,no,5
5792,5793,customer service was bad. broke easily.,12,199,13-04-2023 08:04,April 14,no,6
5793,5794,exceeded expectations. great value.,14,199,13-04-2023 08:04,April 14,yes,2
5794,5795,works perfectly. easy to use.,19,199,13-04-2023 08:04,April 14,yes,1
5795,5796,exceeded expectations. best purchase ever.,21,199,13-04-2023 08:04,April 14,no,3
5796,5797,could be better. one star.,24,199,13-04-2023 08:04,April 14,yes,1
5797,5798,difficult to use. broke easily.,36,199,13-04-2023 08:04,April 14,no,2
5798,5799,love this product. amazing features. met expectations.,41,199,13-04-2023 08:04,April 14,no,4
5799,5800,exceeded expectations. best purchase ever.,47,199,13-04-2023 08:04,April 14,yes,2
5800,5801,worst purchase. one star. works as expected.,54,199,13-04-2023 08:04,April 14,yes,1
5801,5802,works perfectly. fantastic. nothing special.,57,199,13-04-2023 08:04,April 14,no,2
5802,5803,wonderful experience. fantastic.,61,199,13-04-2023 08:04,April 14,yes,0
5803,5804,wonderful experience. great value. neither good nor bad.,62,199,13-04-2023 08:04,April 14,no,5
5804,5805,terrible product. waste of money.,66,199,13-04-2023 08:04,April 14,no,6
5805,5806,awful. awful.,71,199,13-04-2023 08:04,April 14,yes,2
5806,5807,one star. worst purchase.,72,199,13-04-2023 08:04,April 14,yes,1
5807,5808,very disappointed. waste of money.,75,199,13-04-2023 08:04,April 14,no,3
5808,5809,broke easily. one star. works as expected.,76,199,13-04-2023 08:04,April 14,yes,1
5809,5810,it's okay. amazing features.,79,199,13-04-2023 08:04,April 14,no,2
5810,5811,awful. difficult to use.,82,199,13-04-2023 08:04,April 14,no,4
5811,5812,very satisfied. excellent quality.,91,199,13-04-2023 08:04,April 14,yes,2
5812,5813,one star. bad experience. some pros and cons.,95,199,13-04-2023 08:04,April 14,yes,1
5813,5814,met expectations. awful.,98,199,13-04-2023 08:04,April 14,no,2
5814,5815,difficult to use. awful.,2,200,13-04-2023 08:04,April 14,yes,0
5815,5816,terrible product. does not work.,3,200,13-04-2023 08:04,April 14,no,5
5816,5817,best purchase ever. works perfectly. works as expected.,5,200,13-04-2023 08:04,April 14,no,6
5817,5818,five stars. works perfectly.,6,200,13-04-2023 08:04,April 14,yes,2
5818,5819,amazing features. amazing features. neither good nor bad.,9,200,13-04-2023 08:04,April 14,yes,1
5819,5820,average product. terrible product.,14,200,13-04-2023 08:04,April 14,no,3
5820,5821,fantastic. works perfectly.,19,200,13-04-2023 08:04,April 14,yes,1
5821,5822,nothing special. broke easily.,21,200,13-04-2023 08:04,April 14,no,2
5822,5823,worst purchase. awful.,22,200,13-04-2023 08:04,April 14,no,4
5823,5824,great value. very satisfied.,24,200,13-04-2023 08:04,April 14,yes,2
5824,5825,worst purchase. poor quality.,26,200,13-04-2023 08:04,April 14,yes,1
5825,5826,average product. difficult to use.,31,200,13-04-2023 08:04,April 14,no,2
5826,5827,works perfectly. excellent quality.,32,200,13-04-2023 08:04,April 14,yes,0
5827,5828,love this product. highly recommend. it's okay.,36,200,13-04-2023 08:04,April 14,no,5
5828,5829,excellent quality. wonderful experience.,41,200,13-04-2023 08:04,April 14,no,6
5829,5830,works as expected. best purchase ever.,44,200,13-04-2023 08:04,April 14,yes,2
5830,5831,average product. wonderful experience.,46,200,13-04-2023 08:04,April 14,yes,1
5831,5832,exceeded expectations. easy to use.,47,200,13-04-2023 08:04,April 14,no,3
5832,5833,would not recommend. bad experience.,50,200,13-04-2023 08:04,April 14,yes,1
5833,5834,highly recommend. love this product. works as expected.,54,200,13-04-2023 08:04,April 14,no,2
5834,5835,waste of money. would not recommend.,55,200,13-04-2023 08:04,April 14,no,4
5835,5836,worst purchase. bad experience. could be better.,57,200,13-04-2023 08:04,April 14,yes,2
5836,5837,works as expected. worst purchase.,60,200,13-04-2023 08:04,April 14,yes,1
5837,5838,great value. best purchase ever.,66,200,13-04-2023 08:04,April 14,no,2
5838,5839,very disappointed. awful.,67,200,13-04-2023 08:04,April 14,yes,0
5839,5840,great value. easy to use. average product.,71,200,13-04-2023 08:04,April 14,no,5
5840,5841,wonderful experience. excellent quality.,72,200,13-04-2023 08:04,April 14,no,6
5841,5842,worst purchase. does not work.,75,200,13-04-2023 08:04,April 14,yes,2
5842,5843,exceeded expectations. five stars. could be better.,76,200,13-04-2023 08:04,April 14,yes,1
5843,5844,one star. difficult to use.,79,200,13-04-2023 08:04,April 14,no,3
5844,5845,customer service was bad. does not work.,84,200,13-04-2023 08:04,April 14,yes,1
5845,5846,nothing special. love this product.,91,200,13-04-2023 08:04,April 14,no,2
5846,5847,best purchase ever. excellent quality. met expectations.,93,200,13-04-2023 08:04,April 14,no,4
5847,5848,terrible product. customer service was bad.,96,200,13-04-2023 08:04,April 14,yes,2
5848,5849,does not work. broke easily.,99,200,13-04-2023 08:04,April 14,yes,1
5849,5850,met expectations. customer service was bad.,2,201,13-04-2023 08:04,April 14,no,2
5850,5851,met expectations. missing features.,3,201,13-04-2023 08:04,April 14,yes,0
5851,5852,fantastic. fantastic.,5,201,13-04-2023 08:04,April 14,no,5
5852,5853,could be better. terrible product.,6,201,13-04-2023 08:04,April 14,no,6
5853,5854,decent for the price. would not recommend.,10,201,13-04-2023 08:04,April 14,yes,2
5854,5855,love this product. works perfectly.,13,201,13-04-2023 08:04,April 14,yes,1
5855,5856,works as expected. bad experience.,14,201,13-04-2023 08:04,April 14,no,3
5856,5857,easy to use. excellent quality.,15,201,13-04-2023 08:04,April 14,yes,1
5857,5858,would not recommend. difficult to use. works as expected.,16,201,13-04-2023 08:04,April 14,no,2
5858,5859,wonderful experience. highly recommend.,18,201,13-04-2023 08:04,April 14,no,4
5859,5860,one star. customer service was bad.,21,201,13-04-2023 08:04,April 14,yes,2
5860,5861,difficult to use. bad experience.,24,201,13-04-2023 08:04,April 14,yes,1
5861,5862,some pros and cons. bad experience.,28,201,13-04-2023 08:04,April 14,no,2
5862,5863,works perfectly. great value.,30,201,13-04-2023 08:04,April 14,yes,0
5863,5864,worst purchase. difficult to use.,36,201,13-04-2023 08:04,April 14,no,5
5864,5865,love this product. easy to use.,37,201,13-04-2023 08:04,April 14,no,6
5865,5866,works perfectly. amazing features.,39,201,13-04-2023 08:04,April 14,yes,2
5866,5867,poor quality. missing features.,41,201,13-04-2023 08:04,April 14,yes,1
5867,5868,customer service was bad. terrible product.,44,201,13-04-2023 08:04,April 14,no,3
5868,5869,would not recommend. would not recommend. it's okay.,46,201,13-04-2023 08:04,April 14,yes,1
5869,5870,five stars. very satisfied. average product.,47,201,13-04-2023 08:04,April 14,no,2
5870,5871,terrible product. bad experience. met expectations.,48,201,13-04-2023 08:04,April 14,no,4
5871,5872,wonderful experience. best purchase ever.,54,201,13-04-2023 08:04,April 14,yes,2
5872,5873,does not work. difficult to use.,56,201,13-04-2023 08:04,April 14,yes,1
5873,5874,customer service was bad. terrible product.,57,201,13-04-2023 08:04,April 14,no,2
5874,5875,some pros and cons. five stars.,61,201,13-04-2023 08:04,April 14,yes,0
5875,5876,very disappointed. would not recommend.,66,201,13-04-2023 08:04,April 14,no,5
5876,5877,difficult to use. does not work.,69,201,13-04-2023 08:04,April 14,no,6
5877,5878,customer service was bad. bad experience.,71,201,13-04-2023 08:04,April 14,yes,2
5878,5879,excellent quality. love this product.,75,201,13-04-2023 08:04,April 14,yes,1
5879,5880,customer service was bad. difficult to use. could be better.,76,201,13-04-2023 08:04,April 14,no,3
5880,5881,works as expected. terrible product.,91,201,13-04-2023 08:04,April 14,yes,1
5881,5882,great value. love this product.,100,201,13-04-2023 08:04,April 14,no,2
5882,5883,met expectations. five stars.,5,202,13-04-2023 08:04,April 14,no,4
5883,5884,broke easily. terrible product.,13,202,13-04-2023 08:04,April 14,yes,2
5884,5885,excellent quality. wonderful experience.,14,202,13-04-2023 08:04,April 14,yes,1
5885,5886,it's okay. very disappointed.,19,202,13-04-2023 08:04,April 14,no,2
5886,5887,waste of money. worst purchase. average product.,20,202,13-04-2023 08:04,April 14,yes,0
5887,5888,best purchase ever. wonderful experience.,21,202,13-04-2023 08:04,April 14,no,5
5888,5889,highly recommend. wonderful experience.,24,202,13-04-2023 08:04,April 14,no,6
5889,5890,neither good nor bad. difficult to use.,30,202,13-04-2023 08:04,April 14,yes,2
5890,5891,works perfectly. easy to use.,35,202,13-04-2023 08:04,April 14,yes,1
5891,5892,difficult to use. does not work.,36,202,13-04-2023 08:04,April 14,no,3
5892,5893,terrible product. bad experience.,37,202,13-04-2023 08:04,April 14,yes,1
5893,5894,would not recommend. waste of money.,39,202,13-04-2023 08:04,April 14,no,2
5894,5895,worst purchase. does not work.,41,202,13-04-2023 08:04,April 14,no,4
5895,5896,customer service was bad. broke easily.,47,202,13-04-2023 08:04,April 14,yes,2
5896,5897,missing features. difficult to use.,52,202,13-04-2023 08:04,April 14,yes,1
5897,5898,missing features. waste of money.,54,202,13-04-2023 08:04,April 14,no,2
5898,5899,fantastic. fantastic.,56,202,13-04-2023 08:04,April 14,yes,0
5899,5900,amazing features. five stars. some pros and cons.,57,202,13-04-2023 08:04,April 14,no,5
5900,5901,excellent quality. fantastic.,66,202,13-04-2023 08:04,April 14,no,6
5901,5902,wonderful experience. fantastic. it's okay.,71,202,13-04-2023 08:04,April 14,yes,2
5902,5903,bad experience. poor quality. it's okay.,73,202,13-04-2023 08:04,April 14,yes,1
5903,5904,fantastic. fantastic.,75,202,13-04-2023 08:04,April 14,no,3
5904,5905,exceeded expectations. five stars. works as expected.,76,202,13-04-2023 08:04,April 14,yes,1
5905,5906,worst purchase. worst purchase. it's okay.,79,202,13-04-2023 08:04,April 14,no,2
5906,5907,terrible product. worst purchase.,91,202,13-04-2023 08:04,April 14,no,4
5907,5908,fantastic. works perfectly.,94,202,13-04-2023 08:04,April 14,yes,2
5908,5909,would not recommend. waste of money.,98,202,13-04-2023 08:04,April 14,yes,1
5909,5910,love this product. amazing features.,3,203,13-04-2023 08:04,April 14,no,2
5910,5911,would not recommend. difficult to use.,5,203,13-04-2023 08:04,April 14,yes,0
5911,5912,neither good nor bad. amazing features.,8,203,13-04-2023 08:04,April 14,no,5
5912,5913,highly recommend. wonderful experience.,10,203,13-04-2023 08:04,April 14,no,6
5913,5914,one star. worst purchase.,11,203,13-04-2023 08:04,April 14,yes,2
5914,5915,five stars. highly recommend. some pros and cons.,14,203,13-04-2023 08:04,April 14,yes,1
5915,5916,excellent quality. highly recommend.,15,203,13-04-2023 08:04,April 14,no,3
5916,5917,nothing special. works perfectly.,21,203,13-04-2023 08:04,April 14,yes,1
5917,5918,would not recommend. very disappointed. nothing special.,24,203,13-04-2023 08:04,April 14,no,2
5918,5919,works as expected. exceeded expectations.,35,203,13-04-2023 08:04,April 14,no,4
5919,5920,exceeded expectations. great value. works as expected.,36,203,13-04-2023 08:04,April 14,yes,2
5920,5921,waste of money. missing features.,40,203,13-04-2023 08:04,April 14,yes,1
5921,5922,fantastic. great value.,41,203,13-04-2023 08:04,April 14,no,2
5922,5923,customer service was bad. difficult to use.,46,203,13-04-2023 08:04,April 14,yes,0
5923,5924,best purchase ever. best purchase ever. works as expected.,54,203,13-04-2023 08:04,April 14,no,5
5924,5925,average product. very satisfied.,57,203,13-04-2023 08:04,April 14,no,6
5925,5926,does not work. poor quality. average product.,61,203,13-04-2023 08:04,April 14,yes,2
5926,5927,amazing features. five stars.,62,203,13-04-2023 08:04,April 14,yes,1
5927,5928,waste of money. would not recommend. nothing special.,66,203,13-04-2023 08:04,April 14,no,3
5928,5929,very satisfied. excellent quality. decent for the price.,71,203,13-04-2023 08:04,April 14,yes,1
5929,5930,highly recommend. fantastic.,72,203,13-04-2023 08:04,April 14,no,2
5930,5931,very disappointed. very disappointed.,75,203,13-04-2023 08:04,April 14,no,4
5931,5932,very satisfied. love this product.,76,203,13-04-2023 08:04,April 14,yes,2
5932,5933,met expectations. customer service was bad.,85,203,13-04-2023 08:04,April 14,yes,1
5933,5934,one star. worst purchase. some pros and cons.,87,203,13-04-2023 08:04,April 14,no,2
5934,5935,exceeded expectations. easy to use. nothing special.,91,203,13-04-2023 08:04,April 14,yes,0
5935,5936,excellent quality. love this product.,95,203,13-04-2023 08:04,April 14,no,5
5936,5937,fantastic. fantastic. decent for the price.,96,203,13-04-2023 08:04,April 14,no,6
5937,5938,poor quality. worst purchase.,97,203,13-04-2023 08:04,April 14,yes,2
5938,5939,would not recommend. worst purchase.,100,203,13-04-2023 08:04,April 14,yes,1
5939,5940,exceeded expectations. very satisfied. could be better.,2,204,13-04-2023 08:04,April 14,no,3
5940,5941,missing features. waste of money. met expectations.,3,204,13-04-2023 08:04,April 14,yes,1
5941,5942,best purchase ever. fantastic.,5,204,13-04-2023 08:04,April 14,no,2
5942,5943,one star. poor quality.,14,204,13-04-2023 08:04,April 14,no,4
5943,5944,best purchase ever. fantastic.,16,204,13-04-2023 08:04,April 14,yes,2
5944,5945,great value. exceeded expectations.,21,204,13-04-2023 08:04,April 14,yes,1
5945,5946,excellent quality. best purchase ever.,22,204,13-04-2023 08:04,April 14,no,2
5946,5947,love this product. highly recommend. decent for the price.,24,204,13-04-2023 08:04,April 14,yes,0
5947,5948,fantastic. wonderful experience. nothing special.,26,204,13-04-2023 08:04,April 14,no,5
5948,5949,five stars. best purchase ever.,30,204,13-04-2023 08:04,April 14,no,6
5949,5950,waste of money. very disappointed.,36,204,13-04-2023 08:04,April 14,yes,2
5950,5951,excellent quality. wonderful experience.,38,204,13-04-2023 08:04,April 14,yes,1
5951,5952,best purchase ever. very satisfied. it's okay.,41,204,13-04-2023 08:04,April 14,no,3
5952,5953,broke easily. missing features. decent for the price.,47,204,13-04-2023 08:04,April 14,yes,1
5953,5954,best purchase ever. five stars.,52,204,13-04-2023 08:04,April 14,no,2
5954,5955,one star. poor quality.,54,204,13-04-2023 08:04,April 14,no,4
5955,5956,average product. customer service was bad.,56,204,13-04-2023 08:04,April 14,yes,2
5956,5957,bad experience. poor quality.,57,204,13-04-2023 08:04,April 14,yes,1
5957,5958,difficult to use. worst purchase. could be better.,66,204,13-04-2023 08:04,April 14,no,2
5958,5959,it's okay. easy to use.,67,204,13-04-2023 08:04,April 14,yes,0
5959,5960,easy to use. excellent quality.,69,204,13-04-2023 08:04,April 14,no,5
5960,5961,it's okay. missing features.,71,204,13-04-2023 08:04,April 14,no,6
5961,5962,five stars. highly recommend.,73,204,13-04-2023 08:04,April 14,yes,2
5962,5963,difficult to use. waste of money.,75,204,13-04-2023 08:04,April 14,yes,1
5963,5964,great value. highly recommend. decent for the price.,76,204,13-04-2023 08:04,April 14,no,3
5964,5965,works perfectly. wonderful experience. nothing special.,79,204,13-04-2023 08:04,April 14,yes,1
5965,5966,wonderful experience. five stars. decent for the price.,91,204,13-04-2023 08:04,April 14,no,2
5966,5967,great value. easy to use.,99,204,13-04-2023 08:04,April 14,no,4
5967,5968,waste of money. worst purchase.,5,205,13-04-2023 08:04,April 14,yes,2
5968,5969,could be better. love this product.,14,205,13-04-2023 08:04,April 14,yes,1
5969,5970,great value. best purchase ever. nothing special.,15,205,13-04-2023 08:04,April 14,no,2
5970,5971,highly recommend. excellent quality. could be better.,21,205,13-04-2023 08:04,April 14,yes,0
5971,5972,one star. worst purchase.,22,205,13-04-2023 08:04,April 14,no,5
5972,5973,waste of money. one star.,24,205,13-04-2023 08:04,April 14,no,6
5973,5974,five stars. great value. average product.,36,205,13-04-2023 08:04,April 14,yes,2
5974,5975,terrible product. terrible product.,41,205,13-04-2023 08:04,April 14,yes,1
5975,5976,does not work. missing features.,43,205,13-04-2023 08:04,April 14,no,3
5976,5977,wonderful experience. excellent quality.,48,205,13-04-2023 08:04,April 14,yes,1
5977,5978,neither good nor bad. bad experience.,54,205,13-04-2023 08:04,April 14,no,2
5978,5979,difficult to use. very disappointed. nothing special.,57,205,13-04-2023 08:04,April 14,no,4
5979,5980,customer service was bad. would not recommend.,65,205,13-04-2023 08:04,April 14,yes,2
5980,5981,easy to use. highly recommend. nothing special.,66,205,13-04-2023 08:04,April 14,yes,1
5981,5982,would not recommend. awful. nothing special.,71,205,13-04-2023 08:04,April 14,no,2
5982,5983,works as expected. terrible product.,73,205,13-04-2023 08:04,April 14,yes,0
5983,5984,it's okay. five stars.,75,205,13-04-2023 08:04,April 14,no,5
5984,5985,bad experience. does not work.,76,205,13-04-2023 08:04,April 14,no,6
5985,5986,it's okay. wonderful experience.,84,205,13-04-2023 08:04,April 14,yes,2
5986,5987,broke easily. customer service was bad. met expectations.,85,205,13-04-2023 08:04,April 14,yes,1
5987,5988,broke easily. difficult to use.,91,205,13-04-2023 08:04,April 14,no,3
5988,5989,customer service was bad. poor quality.,93,205,13-04-2023 08:04,April 14,yes,1
5989,5990,missing features. broke easily.,97,205,13-04-2023 08:04,April 14,no,2
5990,5991,nothing special. missing features.,100,205,13-04-2023 08:04,April 14,no,4
5991,5992,very satisfied. easy to use. met expectations.,4,206,13-04-2023 08:04,April 14,yes,2
5992,5993,amazing features. five stars.,5,206,13-04-2023 08:04,April 14,yes,1
5993,5994,five stars. five stars.,12,206,13-04-2023 08:04,April 14,no,2
5994,5995,worst purchase. terrible product. some pros and cons.,14,206,13-04-2023 08:04,April 14,yes,0
5995,5996,average product. worst purchase.,17,206,13-04-2023 08:04,April 14,no,5
5996,5997,met expectations. poor quality.,21,206,13-04-2023 08:04,April 14,no,6
5997,5998,works as expected. five stars.,22,206,13-04-2023 08:04,April 14,yes,2
5998,5999,fantastic. excellent quality. neither good nor bad.,24,206,13-04-2023 08:04,April 14,yes,1
5999,6000,waste of money. worst purchase. works as expected.,30,206,13-04-2023 08:04,April 14,no,3
6000,6001,fantastic. wonderful experience.,31,206,13-04-2023 08:04,April 14,yes,1
6001,6002,broke easily. awful.,33,206,13-04-2023 08:04,April 14,no,2
6002,6003,met expectations. five stars.,36,206,13-04-2023 08:04,April 14,no,4
6003,6004,very satisfied. wonderful experience.,38,206,13-04-2023 08:04,April 14,yes,2
6004,6005,worst purchase. one star.,41,206,13-04-2023 08:04,April 14,yes,1
6005,6006,some pros and cons. works perfectly.,47,206,13-04-2023 08:04,April 14,no,2
6006,6007,highly recommend. amazing features.,54,206,13-04-2023 08:04,April 14,yes,0
6007,6008,waste of money. poor quality.,55,206,13-04-2023 08:04,April 14,no,5
6008,6009,love this product. highly recommend. nothing special.,57,206,13-04-2023 08:04,April 14,no,6
6009,6010,poor quality. worst purchase.,66,206,13-04-2023 08:04,April 14,yes,2
6010,6011,awful. customer service was bad. some pros and cons.,67,206,13-04-2023 08:04,April 14,yes,1
6011,6012,fantastic. best purchase ever.,70,206,13-04-2023 08:04,April 14,no,3
6012,6013,wonderful experience. love this product. some pros and cons.,71,206,13-04-2023 08:04,April 14,yes,1
6013,6014,broke easily. does not work.,75,206,13-04-2023 08:04,April 14,no,2
6014,6015,decent for the price. worst purchase.,76,206,13-04-2023 08:04,April 14,no,4
6015,6016,awful. one star.,79,206,13-04-2023 08:04,April 14,yes,2
6016,6017,exceeded expectations. works perfectly.,84,206,13-04-2023 08:04,April 14,yes,1
6017,6018,best purchase ever. easy to use.,87,206,13-04-2023 08:04,April 14,no,2
6018,6019,works as expected. easy to use.,91,206,13-04-2023 08:04,April 14,yes,0
6019,6020,difficult to use. difficult to use.,92,206,13-04-2023 08:04,April 14,no,5
6020,6021,neither good nor bad. very satisfied.,95,206,13-04-2023 08:04,April 14,no,6
6021,6022,amazing features. great value.,96,206,13-04-2023 08:04,April 14,yes,2
6022,6023,exceeded expectations. best purchase ever. some pros and cons.,99,206,13-04-2023 08:04,April 14,yes,1
6023,6024,would not recommend. bad experience.,5,207,13-04-2023 08:04,April 14,no,3
6024,6025,it's okay. five stars.,11,207,13-04-2023 08:04,April 14,yes,1
6025,6026,it's okay. five stars.,12,207,13-04-2023 08:04,April 14,no,2
6026,6027,broke easily. terrible product.,14,207,13-04-2023 08:04,April 14,no,4
6027,6028,love this product. works perfectly.,21,207,13-04-2023 08:04,April 14,yes,2
6028,6029,very satisfied. easy to use.,24,207,13-04-2023 08:04,April 14,yes,1
6029,6030,could be better. excellent quality.,28,207,13-04-2023 08:04,April 14,no,2
6030,6031,met expectations. does not work.,31,207,13-04-2023 08:04,April 14,yes,0
6031,6032,best purchase ever. works perfectly.,33,207,13-04-2023 08:04,April 14,no,5
6032,6033,easy to use. excellent quality.,36,207,13-04-2023 08:04,April 14,no,6
6033,6034,average product. customer service was bad.,40,207,13-04-2023 08:04,April 14,yes,2
6034,6035,worst purchase. missing features.,41,207,13-04-2023 08:04,April 14,yes,1
6035,6036,customer service was bad. one star.,43,207,13-04-2023 08:04,April 14,no,3
6036,6037,works as expected. very disappointed.,46,207,13-04-2023 08:04,April 14,yes,1
6037,6038,awful. would not recommend.,48,207,13-04-2023 08:04,April 14,no,2
6038,6039,amazing features. wonderful experience. average product.,50,207,13-04-2023 08:04,April 14,no,4
6039,6040,would not recommend. terrible product. decent for the price.,54,207,13-04-2023 08:04,April 14,yes,2
6040,6041,love this product. five stars.,57,207,13-04-2023 08:04,April 14,yes,1
6041,6042,exceeded expectations. excellent quality.,61,207,13-04-2023 08:04,April 14,no,2
6042,6043,waste of money. one star.,66,207,13-04-2023 08:04,April 14,yes,0
6043,6044,it's okay. five stars.,71,207,13-04-2023 08:04,April 14,no,5
6044,6045,very satisfied. works perfectly.,75,207,13-04-2023 08:04,April 14,no,6
6045,6046,works perfectly. five stars.,76,207,13-04-2023 08:04,April 14,yes,2
6046,6047,works perfectly. excellent quality.,84,207,13-04-2023 08:04,April 14,yes,1
6047,6048,very disappointed. difficult to use. average product.,91,207,13-04-2023 08:04,April 14,no,3
6048,6049,broke easily. very disappointed.,92,207,13-04-2023 08:04,April 14,yes,1
6049,6050,wonderful experience. five stars.,95,207,13-04-2023 08:04,April 14,no,2
6050,6051,terrible product. awful.,96,207,13-04-2023 08:04,April 14,no,4
6051,6052,five stars. excellent quality. neither good nor bad.,98,207,13-04-2023 08:04,April 14,yes,2
6052,6053,met expectations. very disappointed.,2,208,13-04-2023 08:04,April 14,yes,1
6053,6054,broke easily. one star.,3,208,13-04-2023 08:04,April 14,no,2
6054,6055,highly recommend. very satisfied. nothing special.,4,208,13-04-2023 08:04,April 14,yes,0
6055,6056,average product. customer service was bad.,5,208,13-04-2023 08:04,April 14,no,5
6056,6057,neither good nor bad. best purchase ever.,6,208,13-04-2023 08:04,April 14,no,6
6057,6058,best purchase ever. best purchase ever. average product.,9,208,13-04-2023 08:04,April 14,yes,2
6058,6059,bad experience. difficult to use.,13,208,13-04-2023 08:04,April 14,yes,1
6059,6060,best purchase ever. works perfectly.,14,208,13-04-2023 08:04,April 14,no,3
6060,6061,waste of money. terrible product.,17,208,13-04-2023 08:04,April 14,yes,1
6061,6062,best purchase ever. great value.,21,208,13-04-2023 08:04,April 14,no,2
6062,6063,very disappointed. waste of money.,24,208,13-04-2023 08:04,April 14,no,4
6063,6064,love this product. fantastic.,27,208,13-04-2023 08:04,April 14,yes,2
6064,6065,exceeded expectations. highly recommend.,28,208,13-04-2023 08:04,April 14,yes,1
6065,6066,broke easily. waste of money.,36,208,13-04-2023 08:04,April 14,no,2
6066,6067,one star. bad experience. average product.,40,208,13-04-2023 08:04,April 14,yes,0
6067,6068,love this product. best purchase ever.,41,208,13-04-2023 08:04,April 14,no,5
6068,6069,does not work. missing features.,50,208,13-04-2023 08:04,April 14,no,6
6069,6070,awful. would not recommend.,52,208,13-04-2023 08:04,April 14,yes,2
6070,6071,great value. amazing features.,54,208,13-04-2023 08:04,April 14,yes,1
6071,6072,average product. fantastic.,57,208,13-04-2023 08:04,April 14,no,3
6072,6073,easy to use. amazing features. it's okay.,60,208,13-04-2023 08:04,April 14,yes,1
6073,6074,bad experience. broke easily. nothing special.,62,208,13-04-2023 08:04,April 14,no,2
6074,6075,amazing features. easy to use.,63,208,13-04-2023 08:04,April 14,no,4
6075,6076,works perfectly. five stars.,66,208,13-04-2023 08:04,April 14,yes,2
6076,6077,neither good nor bad. difficult to use.,71,208,13-04-2023 08:04,April 14,yes,1
6077,6078,easy to use. best purchase ever.,72,208,13-04-2023 08:04,April 14,no,2
6078,6079,five stars. amazing features.,75,208,13-04-2023 08:04,April 14,yes,0
6079,6080,wonderful experience. fantastic. average product.,76,208,13-04-2023 08:04,April 14,no,5
6080,6081,decent for the price. fantastic.,91,208,13-04-2023 08:04,April 14,no,6
6081,6082,love this product. easy to use.,99,208,13-04-2023 08:04,April 14,yes,2
6082,6083,works perfectly. wonderful experience.,5,209,13-04-2023 08:04,April 14,yes,1
6083,6084,neither good nor bad. wonderful experience.,10,209,13-04-2023 08:04,April 14,no,3
6084,6085,best purchase ever. highly recommend. some pros and cons.,14,209,13-04-2023 08:04,April 14,yes,1
6085,6086,customer service was bad. missing features.,19,209,13-04-2023 08:04,April 14,no,2
6086,6087,very disappointed. worst purchase. decent for the price.,21,209,13-04-2023 08:04,April 14,no,4
6087,6088,works perfectly. highly recommend. some pros and cons.,22,209,13-04-2023 08:04,April 14,yes,2
6088,6089,difficult to use. missing features.,24,209,13-04-2023 08:04,April 14,yes,1
6089,6090,waste of money. awful. nothing special.,27,209,13-04-2023 08:04,April 14,no,2
6090,6091,one star. one star.,28,209,13-04-2023 08:04,April 14,yes,0
6091,6092,amazing features. love this product.,36,209,13-04-2023 08:04,April 14,no,5
6092,6093,works perfectly. wonderful experience.,37,209,13-04-2023 08:04,April 14,no,6
6093,6094,could be better. broke easily.,40,209,13-04-2023 08:04,April 14,yes,2
6094,6095,love this product. excellent quality.,41,209,13-04-2023 08:04,April 14,yes,1
6095,6096,missing features. very disappointed.,48,209,13-04-2023 08:04,April 14,no,3
6096,6097,missing features. does not work. decent for the price.,52,209,13-04-2023 08:04,April 14,yes,1
6097,6098,very satisfied. works perfectly.,54,209,13-04-2023 08:04,April 14,no,2
6098,6099,best purchase ever. works perfectly. some pros and cons.,57,209,13-04-2023 08:04,April 14,no,4
6099,6100,would not recommend. customer service was bad.,63,209,13-04-2023 08:04,April 14,yes,2
6100,6101,difficult to use. worst purchase.,66,209,13-04-2023 08:04,April 14,yes,1
6101,6102,it's okay. waste of money.,71,209,13-04-2023 08:04,April 14,no,2
6102,6103,neither good nor bad. waste of money.,73,209,13-04-2023 08:04,April 14,yes,0
6103,6104,very disappointed. one star.,75,209,13-04-2023 08:04,April 14,no,5
6104,6105,broke easily. does not work.,76,209,13-04-2023 08:04,April 14,no,6
6105,6106,fantastic. five stars. works as expected.,91,209,13-04-2023 08:04,April 14,yes,2
6106,6107,awful. terrible product.,92,209,13-04-2023 08:04,April 14,yes,1
6107,6108,excellent quality. very satisfied.,96,209,13-04-2023 08:04,April 14,no,3
6108,6109,amazing features. easy to use. met expectations.,99,209,13-04-2023 08:04,April 14,yes,1
6109,6110,works perfectly. works perfectly.,2,210,13-04-2023 08:04,April 14,no,2
6110,6111,waste of money. waste of money.,3,210,13-04-2023 08:04,April 14,no,4
6111,6112,very disappointed. terrible product.,5,210,13-04-2023 08:04,April 14,yes,2
6112,6113,love this product. best purchase ever.,6,210,13-04-2023 08:04,April 14,yes,1
6113,6114,very disappointed. awful.,14,210,13-04-2023 08:04,April 14,no,2
6114,6115,fantastic. love this product.,16,210,13-04-2023 08:04,April 14,yes,0
6115,6116,fantastic. excellent quality.,17,210,13-04-2023 08:04,April 14,no,5
6116,6117,neither good nor bad. one star.,21,210,13-04-2023 08:04,April 14,no,6
6117,6118,amazing features. easy to use.,22,210,13-04-2023 08:04,April 14,yes,2
6118,6119,very disappointed. worst purchase.,24,210,13-04-2023 08:04,April 14,yes,1
6119,6120,missing features. would not recommend.,31,210,13-04-2023 08:04,April 14,no,3
6120,6121,would not recommend. very disappointed.,33,210,13-04-2023 08:04,April 14,yes,1
6121,6122,missing features. waste of money.,36,210,13-04-2023 08:04,April 14,no,2
6122,6123,bad experience. very disappointed.,37,210,13-04-2023 08:04,April 14,no,4
6123,6124,very disappointed. very disappointed. nothing special.,38,210,13-04-2023 08:04,April 14,yes,2
6124,6125,could be better. awful.,39,210,13-04-2023 08:04,April 14,yes,1
6125,6126,would not recommend. very disappointed.,40,210,13-04-2023 08:04,April 14,no,2
6126,6127,could be better. wonderful experience.,41,210,13-04-2023 08:04,April 14,yes,0
6127,6128,very satisfied. highly recommend.,46,210,13-04-2023 08:04,April 14,no,5
6128,6129,terrible product. worst purchase.,54,210,13-04-2023 08:04,April 14,no,6
6129,6130,love this product. very satisfied.,57,210,13-04-2023 08:04,April 14,yes,2
6130,6131,one star. poor quality.,60,210,13-04-2023 08:04,April 14,yes,1
6131,6132,waste of money. missing features.,61,210,13-04-2023 08:04,April 14,no,3
6132,6133,it's okay. one star.,63,210,13-04-2023 08:04,April 14,yes,1
6133,6134,exceeded expectations. amazing features. works as expected.,66,210,13-04-2023 08:04,April 14,no,2
6134,6135,met expectations. wonderful experience.,71,210,13-04-2023 08:04,April 14,no,4
6135,6136,decent for the price. works perfectly.,75,210,13-04-2023 08:04,April 14,yes,2
6136,6137,some pros and cons. missing features.,76,210,13-04-2023 08:04,April 14,yes,1
6137,6138,terrible product. missing features.,79,210,13-04-2023 08:04,April 14,no,2
6138,6139,does not work. very disappointed.,84,210,13-04-2023 08:04,April 14,yes,0
6139,6140,it's okay. difficult to use.,87,210,13-04-2023 08:04,April 14,no,5
6140,6141,some pros and cons. great value.,91,210,13-04-2023 08:04,April 14,no,6
6141,6142,average product. broke easily.,92,210,13-04-2023 08:04,April 14,yes,2
6142,6143,would not recommend. bad experience. could be better.,93,210,13-04-2023 08:04,April 14,yes,1
6143,6144,highly recommend. five stars.,4,211,13-04-2023 08:04,April 14,no,3
6144,6145,decent for the price. customer service was bad.,5,211,13-04-2023 08:04,April 14,yes,1
6145,6146,one star. worst purchase.,6,211,13-04-2023 08:04,April 14,no,2
6146,6147,awful. one star.,12,211,13-04-2023 08:04,April 14,no,4
6147,6148,fantastic. great value.,14,211,13-04-2023 08:04,April 14,yes,2
6148,6149,missing features. very disappointed. could be better.,21,211,13-04-2023 08:04,April 14,yes,1
6149,6150,waste of money. worst purchase.,24,211,13-04-2023 08:04,April 14,no,2
6150,6151,does not work. awful.,27,211,13-04-2023 08:04,April 14,yes,0
6151,6152,would not recommend. missing features. some pros and cons.,35,211,13-04-2023 08:04,April 14,no,5
6152,6153,met expectations. excellent quality.,36,211,13-04-2023 08:04,April 14,no,6
6153,6154,works as expected. amazing features.,40,211,13-04-2023 08:04,April 14,yes,2
6154,6155,love this product. wonderful experience.,41,211,13-04-2023 08:04,April 14,yes,1
6155,6156,difficult to use. terrible product.,44,211,13-04-2023 08:04,April 14,no,3
6156,6157,bad experience. awful.,50,211,13-04-2023 08:04,April 14,yes,1
6157,6158,does not work. broke easily.,54,211,13-04-2023 08:04,April 14,no,2
6158,6159,fantastic. works perfectly. works as expected.,57,211,13-04-2023 08:04,April 14,no,4
6159,6160,poor quality. customer service was bad.,63,211,13-04-2023 08:04,April 14,yes,2
6160,6161,easy to use. works perfectly.,66,211,13-04-2023 08:04,April 14,yes,1
6161,6162,terrible product. difficult to use.,71,211,13-04-2023 08:04,April 14,no,2
6162,6163,difficult to use. does not work. could be better.,75,211,13-04-2023 08:04,April 14,yes,0
6163,6164,terrible product. one star. average product.,76,211,13-04-2023 08:04,April 14,no,5
6164,6165,nothing special. waste of money.,84,211,13-04-2023 08:04,April 14,no,6
6165,6166,difficult to use. waste of money. works as expected.,91,211,13-04-2023 08:04,April 14,yes,2
6166,6167,excellent quality. love this product.,94,211,13-04-2023 08:04,April 14,yes,1
6167,6168,easy to use. easy to use. decent for the price.,5,212,13-04-2023 08:04,April 14,no,3
6168,6169,five stars. works perfectly.,6,212,13-04-2023 08:04,April 14,yes,1
6169,6170,fantastic. exceeded expectations.,10,212,13-04-2023 08:04,April 14,no,2
6170,6171,missing features. awful.,13,212,13-04-2023 08:04,April 14,no,4
6171,6172,customer service was bad. would not recommend. average product.,14,212,13-04-2023 08:04,April 14,yes,2
6172,6173,great value. best purchase ever.,15,212,13-04-2023 08:04,April 14,yes,1
6173,6174,very disappointed. worst purchase.,21,212,13-04-2023 08:04,April 14,no,2
6174,6175,amazing features. very satisfied.,24,212,13-04-2023 08:04,April 14,yes,0
6175,6176,worst purchase. bad experience.,28,212,13-04-2023 08:04,April 14,no,5
6176,6177,excellent quality. five stars.,31,212,13-04-2023 08:04,April 14,no,6
6177,6178,does not work. worst purchase. could be better.,33,212,13-04-2023 08:04,April 14,yes,2
6178,6179,met expectations. fantastic.,36,212,13-04-2023 08:04,April 14,yes,1
6179,6180,works perfectly. works perfectly.,38,212,13-04-2023 08:04,April 14,no,3
6180,6181,worst purchase. poor quality. some pros and cons.,40,212,13-04-2023 08:04,April 14,yes,1
6181,6182,broke easily. awful.,41,212,13-04-2023 08:04,April 14,no,2
6182,6183,met expectations. does not work.,50,212,13-04-2023 08:04,April 14,no,4
6183,6184,best purchase ever. amazing features.,52,212,13-04-2023 08:04,April 14,yes,2
6184,6185,love this product. easy to use.,54,212,13-04-2023 08:04,April 14,yes,1
6185,6186,broke easily. worst purchase. neither good nor bad.,57,212,13-04-2023 08:04,April 14,no,2
6186,6187,worst purchase. difficult to use. decent for the price.,60,212,13-04-2023 08:04,April 14,yes,0
6187,6188,broke easily. difficult to use.,66,212,13-04-2023 08:04,April 14,no,5
6188,6189,best purchase ever. easy to use. could be better.,71,212,13-04-2023 08:04,April 14,no,6
6189,6190,works as expected. awful.,75,212,13-04-2023 08:04,April 14,yes,2
6190,6191,awful. terrible product.,76,212,13-04-2023 08:04,April 14,yes,1
6191,6192,bad experience. worst purchase.,84,212,13-04-2023 08:04,April 14,no,3
6192,6193,customer service was bad. broke easily.,87,212,13-04-2023 08:04,April 14,yes,1
6193,6194,works perfectly. exceeded expectations.,91,212,13-04-2023 08:04,April 14,no,2
6194,6195,great value. five stars.,92,212,13-04-2023 08:04,April 14,no,4
6195,6196,highly recommend. great value.,95,212,13-04-2023 08:04,April 14,yes,2
6196,6197,awful. customer service was bad.,97,212,13-04-2023 08:04,April 14,yes,1
6197,6198,terrible product. waste of money.,100,212,13-04-2023 08:04,April 14,no,2
6198,6199,broke easily. worst purchase.,2,213,13-04-2023 08:04,April 14,yes,0
6199,6200,fantastic. exceeded expectations.,4,213,13-04-2023 08:04,April 14,no,5
6200,6201,would not recommend. broke easily.,5,213,13-04-2023 08:04,April 14,no,6
6201,6202,excellent quality. amazing features. it's okay.,14,213,13-04-2023 08:04,April 14,yes,2
6202,6203,waste of money. very disappointed.,15,213,13-04-2023 08:04,April 14,yes,1
6203,6204,worst purchase. terrible product. works as expected.,18,213,13-04-2023 08:04,April 14,no,3
6204,6205,awful. does not work.,20,213,13-04-2023 08:04,April 14,yes,1
6205,6206,highly recommend. great value. some pros and cons.,21,213,13-04-2023 08:04,April 14,no,2
6206,6207,some pros and cons. excellent quality.,22,213,13-04-2023 08:04,April 14,no,4
6207,6208,fantastic. amazing features.,24,213,13-04-2023 08:04,April 14,yes,2
6208,6209,met expectations. great value.,36,213,13-04-2023 08:04,April 14,yes,1
6209,6210,one star. bad experience.,37,213,13-04-2023 08:04,April 14,no,2
6210,6211,wonderful experience. works perfectly.,41,213,13-04-2023 08:04,April 14,yes,0
6211,6212,very disappointed. awful.,50,213,13-04-2023 08:04,April 14,no,5
6212,6213,amazing features. wonderful experience.,54,213,13-04-2023 08:04,April 14,no,6
6213,6214,broke easily. very disappointed. decent for the price.,57,213,13-04-2023 08:04,April 14,yes,2
6214,6215,neither good nor bad. exceeded expectations.,63,213,13-04-2023 08:04,April 14,yes,1
6215,6216,wonderful experience. wonderful experience. average product.,66,213,13-04-2023 08:04,April 14,no,3
6216,6217,excellent quality. five stars. works as expected.,67,213,13-04-2023 08:04,April 14,yes,1
6217,6218,decent for the price. highly recommend.,71,213,13-04-2023 08:04,April 14,no,2
6218,6219,love this product. five stars. met expectations.,72,213,13-04-2023 08:04,April 14,no,4
6219,6220,customer service was bad. bad experience.,75,213,13-04-2023 08:04,April 14,yes,2
6220,6221,neither good nor bad. love this product.,76,213,13-04-2023 08:04,April 14,yes,1
6221,6222,average product. wonderful experience.,79,213,13-04-2023 08:04,April 14,no,2
6222,6223,amazing features. easy to use.,91,213,13-04-2023 08:04,April 14,yes,0
6223,6224,highly recommend. very satisfied. works as expected.,95,213,13-04-2023 08:04,April 14,no,5
6224,6225,bad experience. waste of money.,96,213,13-04-2023 08:04,April 14,no,6
6225,6226,amazing features. great value.,4,214,13-04-2023 08:04,April 14,yes,2
6226,6227,poor quality. bad experience. it's okay.,5,214,13-04-2023 08:04,April 14,yes,1
6227,6228,one star. broke easily.,14,214,13-04-2023 08:04,April 14,no,3
6228,6229,awful. broke easily.,17,214,13-04-2023 08:04,April 14,yes,1
6229,6230,fantastic. five stars.,20,214,13-04-2023 08:04,April 14,no,2
6230,6231,easy to use. love this product.,21,214,13-04-2023 08:04,April 14,no,4
6231,6232,amazing features. five stars. met expectations.,22,214,13-04-2023 08:04,April 14,yes,2
6232,6233,fantastic. exceeded expectations.,24,214,13-04-2023 08:04,April 14,yes,1
6233,6234,poor quality. customer service was bad.,36,214,13-04-2023 08:04,April 14,no,2
6234,6235,some pros and cons. very satisfied.,41,214,13-04-2023 08:04,April 14,yes,0
6235,6236,some pros and cons. very disappointed.,42,214,13-04-2023 08:04,April 14,no,5
6236,6237,fantastic. excellent quality.,43,214,13-04-2023 08:04,April 14,no,6
6237,6238,would not recommend. worst purchase.,48,214,13-04-2023 08:04,April 14,yes,2
6238,6239,poor quality. poor quality. it's okay.,54,214,13-04-2023 08:04,April 14,yes,1
6239,6240,met expectations. missing features.,57,214,13-04-2023 08:04,April 14,no,3
6240,6241,awful. poor quality.,60,214,13-04-2023 08:04,April 14,yes,1
6241,6242,highly recommend. highly recommend.,65,214,13-04-2023 08:04,April 14,no,2
6242,6243,worst purchase. customer service was bad. met expectations.,66,214,13-04-2023 08:04,April 14,no,4
6243,6244,wonderful experience. works perfectly. neither good nor bad.,69,214,13-04-2023 08:04,April 14,yes,2
6244,6245,great value. easy to use. average product.,71,214,13-04-2023 08:04,April 14,yes,1
6245,6246,awful. missing features.,75,214,13-04-2023 08:04,April 14,no,2
6246,6247,wonderful experience. very satisfied. it's okay.,76,214,13-04-2023 08:04,April 14,yes,0
6247,6248,best purchase ever. wonderful experience.,91,214,13-04-2023 08:04,April 14,no,5
6248,6249,highly recommend. five stars. it's okay.,95,214,13-04-2023 08:04,April 14,no,6
6249,6250,decent for the price. highly recommend.,5,215,13-04-2023 08:04,April 14,yes,2
6250,6251,worst purchase. does not work.,9,215,13-04-2023 08:04,April 14,yes,1
6251,6252,excellent quality. fantastic.,13,215,13-04-2023 08:04,April 14,no,3
6252,6253,would not recommend. customer service was bad. average product.,14,215,13-04-2023 08:04,April 14,yes,1
6253,6254,very satisfied. five stars.,17,215,13-04-2023 08:04,April 14,no,2
6254,6255,broke easily. missing features.,20,215,13-04-2023 08:04,April 14,no,4
6255,6256,awful. one star. neither good nor bad.,21,215,13-04-2023 08:04,April 14,yes,2
6256,6257,some pros and cons. highly recommend.,24,215,13-04-2023 08:04,April 14,yes,1
6257,6258,met expectations. amazing features.,26,215,13-04-2023 08:04,April 14,no,2
6258,6259,decent for the price. awful.,27,215,13-04-2023 08:04,April 14,yes,0
6259,6260,exceeded expectations. wonderful experience. average product.,28,215,13-04-2023 08:04,April 14,no,5
6260,6261,bad experience. terrible product. met expectations.,30,215,13-04-2023 08:04,April 14,no,6
6261,6262,love this product. works perfectly. nothing special.,35,215,13-04-2023 08:04,April 14,yes,2
6262,6263,exceeded expectations. excellent quality.,36,215,13-04-2023 08:04,April 14,yes,1
6263,6264,fantastic. exceeded expectations.,37,215,13-04-2023 08:04,April 14,no,3
6264,6265,wonderful experience. highly recommend.,41,215,13-04-2023 08:04,April 14,yes,1
6265,6266,terrible product. difficult to use.,46,215,13-04-2023 08:04,April 14,no,2
6266,6267,easy to use. best purchase ever.,50,215,13-04-2023 08:04,April 14,no,4
6267,6268,awful. awful.,54,215,13-04-2023 08:04,April 14,yes,2
6268,6269,works as expected. customer service was bad.,57,215,13-04-2023 08:04,April 14,yes,1
6269,6270,excellent quality. excellent quality.,61,215,13-04-2023 08:04,April 14,no,2
6270,6271,bad experience. missing features. some pros and cons.,63,215,13-04-2023 08:04,April 14,yes,0
6271,6272,met expectations. very satisfied.,65,215,13-04-2023 08:04,April 14,no,5
6272,6273,some pros and cons. wonderful experience.,66,215,13-04-2023 08:04,April 14,no,6
6273,6274,some pros and cons. love this product.,67,215,13-04-2023 08:04,April 14,yes,2
6274,6275,great value. works perfectly.,71,215,13-04-2023 08:04,April 14,yes,1
6275,6276,does not work. one star. works as expected.,75,215,13-04-2023 08:04,April 14,no,3
6276,6277,waste of money. worst purchase.,76,215,13-04-2023 08:04,April 14,yes,1
6277,6278,missing features. one star. decent for the price.,78,215,13-04-2023 08:04,April 14,no,2
6278,6279,easy to use. very satisfied.,82,215,13-04-2023 08:04,April 14,no,4
6279,6280,easy to use. exceeded expectations. decent for the price.,91,215,13-04-2023 08:04,April 14,yes,2
6280,6281,works perfectly. highly recommend.,95,215,13-04-2023 08:04,April 14,yes,1
6281,6282,nothing special. bad experience.,98,215,13-04-2023 08:04,April 14,no,2
6282,6283,best purchase ever. highly recommend.,2,216,13-04-2023 08:04,April 14,yes,0
6283,6284,worst purchase. missing features.,3,216,13-04-2023 08:04,April 14,no,5
6284,6285,easy to use. fantastic.,4,216,13-04-2023 08:04,April 14,no,6
6285,6286,highly recommend. highly recommend. met expectations.,5,216,13-04-2023 08:04,April 14,yes,2
6286,6287,broke easily. bad experience.,10,216,13-04-2023 08:04,April 14,yes,1
6287,6288,amazing features. best purchase ever. some pros and cons.,12,216,13-04-2023 08:04,April 14,no,3
6288,6289,love this product. best purchase ever. nothing special.,14,216,13-04-2023 08:04,April 14,yes,1
6289,6290,difficult to use. worst purchase.,17,216,13-04-2023 08:04,April 14,no,2
6290,6291,average product. love this product.,19,216,13-04-2023 08:04,April 14,no,4
6291,6292,neither good nor bad. very disappointed.,21,216,13-04-2023 08:04,April 14,yes,2
6292,6293,exceeded expectations. best purchase ever. some pros and cons.,24,216,13-04-2023 08:04,April 14,yes,1
6293,6294,waste of money. poor quality.,27,216,13-04-2023 08:04,April 14,no,2
6294,6295,five stars. works perfectly.,36,216,13-04-2023 08:04,April 14,yes,0
6295,6296,would not recommend. does not work.,37,216,13-04-2023 08:04,April 14,no,5
6296,6297,difficult to use. would not recommend.,39,216,13-04-2023 08:04,April 14,no,6
6297,6298,five stars. exceeded expectations.,41,216,13-04-2023 08:04,April 14,yes,2
6298,6299,worst purchase. does not work. average product.,46,216,13-04-2023 08:04,April 14,yes,1
6299,6300,easy to use. highly recommend. nothing special.,48,216,13-04-2023 08:04,April 14,no,3
6300,6301,amazing features. easy to use.,54,216,13-04-2023 08:04,April 14,yes,1
6301,6302,one star. awful.,55,216,13-04-2023 08:04,April 14,no,2
6302,6303,five stars. love this product.,57,216,13-04-2023 08:04,April 14,no,4
6303,6304,excellent quality. fantastic.,62,216,13-04-2023 08:04,April 14,yes,2
6304,6305,very disappointed. would not recommend.,63,216,13-04-2023 08:04,April 14,yes,1
6305,6306,wonderful experience. excellent quality.,65,216,13-04-2023 08:04,April 14,no,2
6306,6307,broke easily. does not work.,66,216,13-04-2023 08:04,April 14,yes,0
6307,6308,very disappointed. does not work.,69,216,13-04-2023 08:04,April 14,no,5
6308,6309,love this product. best purchase ever.,70,216,13-04-2023 08:04,April 14,no,6
6309,6310,best purchase ever. very satisfied. neither good nor bad.,71,216,13-04-2023 08:04,April 14,yes,2
6310,6311,works perfectly. excellent quality. works as expected.,75,216,13-04-2023 08:04,April 14,yes,1
6311,6312,missing features. poor quality. met expectations.,76,216,13-04-2023 08:04,April 14,no,3
6312,6313,very disappointed. customer service was bad. works as expected.,91,216,13-04-2023 08:04,April 14,yes,1
6313,6314,decent for the price. great value.,96,216,13-04-2023 08:04,April 14,no,2
6314,6315,would not recommend. bad experience.,98,216,13-04-2023 08:04,April 14,no,4
6315,6316,excellent quality. wonderful experience. met expectations.,4,217,13-04-2023 08:04,April 14,yes,2
6316,6317,easy to use. works perfectly.,5,217,13-04-2023 08:04,April 14,yes,1
6317,6318,excellent quality. exceeded expectations.,8,217,13-04-2023 08:04,April 14,no,2
6318,6319,waste of money. missing features.,9,217,13-04-2023 08:04,April 14,yes,0
6319,6320,nothing special. terrible product.,14,217,13-04-2023 08:04,April 14,no,5
6320,6321,highly recommend. highly recommend.,17,217,13-04-2023 08:04,April 14,no,6
6321,6322,bad experience. does not work.,21,217,13-04-2023 08:04,April 14,yes,2
6322,6323,easy to use. excellent quality. decent for the price.,24,217,13-04-2023 08:04,April 14,yes,1
6323,6324,great value. love this product.,27,217,13-04-2023 08:04,April 14,no,3
6324,6325,poor quality. waste of money.,31,217,13-04-2023 08:04,April 14,yes,1
6325,6326,five stars. exceeded expectations.,32,217,13-04-2023 08:04,April 14,no,2
6326,6327,highly recommend. excellent quality.,33,217,13-04-2023 08:04,April 14,no,4
6327,6328,wonderful experience. very satisfied.,36,217,13-04-2023 08:04,April 14,yes,2
6328,6329,awful. missing features.,37,217,13-04-2023 08:04,April 14,yes,1
6329,6330,terrible product. worst purchase.,40,217,13-04-2023 08:04,April 14,no,2
6330,6331,easy to use. excellent quality.,41,217,13-04-2023 08:04,April 14,yes,0
6331,6332,does not work. waste of money.,42,217,13-04-2023 08:04,April 14,no,5
6332,6333,missing features. difficult to use.,44,217,13-04-2023 08:04,April 14,no,6
6333,6334,fantastic. love this product.,46,217,13-04-2023 08:04,April 14,yes,2
6334,6335,highly recommend. exceeded expectations.,47,217,13-04-2023 08:04,April 14,yes,1
6335,6336,decent for the price. very disappointed.,52,217,13-04-2023 08:04,April 14,no,3
6336,6337,awful. awful.,54,217,13-04-2023 08:04,April 14,yes,1
6337,6338,would not recommend. customer service was bad. some pros and cons.,57,217,13-04-2023 08:04,April 14,no,2
6338,6339,worst purchase. waste of money. could be better.,66,217,13-04-2023 08:04,April 14,no,4
6339,6340,one star. poor quality. it's okay.,67,217,13-04-2023 08:04,April 14,yes,2
6340,6341,broke easily. customer service was bad.,70,217,13-04-2023 08:04,April 14,yes,1
6341,6342,would not recommend. waste of money.,71,217,13-04-2023 08:04,April 14,no,2
6342,6343,neither good nor bad. one star.,75,217,13-04-2023 08:04,April 14,yes,0
6343,6344,customer service was bad. waste of money.,76,217,13-04-2023 08:04,April 14,no,5
6344,6345,exceeded expectations. amazing features.,91,217,13-04-2023 08:04,April 14,no,6
6345,6346,great value. highly recommend.,92,217,13-04-2023 08:04,April 14,yes,2
6346,6347,decent for the price. awful.,96,217,13-04-2023 08:04,April 14,yes,1
6347,6348,neither good nor bad. missing features.,99,217,13-04-2023 08:04,April 14,no,3
6348,6349,fantastic. love this product.,100,217,13-04-2023 08:04,April 14,yes,1
6349,6350,works as expected. best purchase ever.,2,218,13-04-2023 08:04,April 14,no,2
6350,6351,waste of money. customer service was bad.,5,218,13-04-2023 08:04,April 14,no,4
6351,6352,some pros and cons. very disappointed.,10,218,13-04-2023 08:04,April 14,yes,2
6352,6353,one star. terrible product. some pros and cons.,13,218,13-04-2023 08:04,April 14,yes,1
6353,6354,does not work. difficult to use.,14,218,13-04-2023 08:04,April 14,no,2
6354,6355,nothing special. awful.,19,218,13-04-2023 08:04,April 14,yes,0
6355,6356,met expectations. waste of money.,21,218,13-04-2023 08:04,April 14,no,5
6356,6357,bad experience. would not recommend.,24,218,13-04-2023 08:04,April 14,no,6
6357,6358,fantastic. great value.,30,218,13-04-2023 08:04,April 14,yes,2
6358,6359,excellent quality. works perfectly. works as expected.,31,218,13-04-2023 08:04,April 14,yes,1
6359,6360,bad experience. one star.,36,218,13-04-2023 08:04,April 14,no,3
6360,6361,wonderful experience. highly recommend. it's okay.,38,218,13-04-2023 08:04,April 14,yes,1
6361,6362,terrible product. broke easily.,41,218,13-04-2023 08:04,April 14,no,2
6362,6363,it's okay. would not recommend.,52,218,13-04-2023 08:04,April 14,no,4
6363,6364,decent for the price. wonderful experience.,54,218,13-04-2023 08:04,April 14,yes,2
6364,6365,terrible product. customer service was bad.,57,218,13-04-2023 08:04,April 14,yes,1
6365,6366,works perfectly. best purchase ever.,60,218,13-04-2023 08:04,April 14,no,2
6366,6367,great value. best purchase ever.,66,218,13-04-2023 08:04,April 14,yes,0
6367,6368,easy to use. easy to use.,70,218,13-04-2023 08:04,April 14,no,5
6368,6369,customer service was bad. one star. some pros and cons.,71,218,13-04-2023 08:04,April 14,no,6
6369,6370,fantastic. five stars. met expectations.,75,218,13-04-2023 08:04,April 14,yes,2
6370,6371,fantastic. best purchase ever. met expectations.,76,218,13-04-2023 08:04,April 14,yes,1
6371,6372,one star. missing features.,79,218,13-04-2023 08:04,April 14,no,3
6372,6373,some pros and cons. excellent quality.,84,218,13-04-2023 08:04,April 14,yes,1
6373,6374,poor quality. awful.,87,218,13-04-2023 08:04,April 14,no,2
6374,6375,fantastic. amazing features.,91,218,13-04-2023 08:04,April 14,no,4
6375,6376,easy to use. best purchase ever. it's okay.,92,218,13-04-2023 08:04,April 14,yes,2
6376,6377,some pros and cons. love this product.,94,218,13-04-2023 08:04,April 14,yes,1
6377,6378,missing features. difficult to use.,97,218,13-04-2023 08:04,April 14,no,2
6378,6379,bad experience. poor quality.,99,218,13-04-2023 08:04,April 14,yes,0
6379,6380,it's okay. very disappointed.,2,219,13-04-2023 08:04,April 14,no,5
6380,6381,poor quality. very disappointed.,5,219,13-04-2023 08:04,April 14,no,6
6381,6382,does not work. bad experience.,8,219,13-04-2023 08:04,April 14,yes,2
6382,6383,works perfectly. works perfectly.,9,219,13-04-2023 08:04,April 14,yes,1
6383,6384,highly recommend. highly recommend.,14,219,13-04-2023 08:04,April 14,no,3
6384,6385,amazing features. fantastic.,15,219,13-04-2023 08:04,April 14,yes,1
6385,6386,missing features. awful.,21,219,13-04-2023 08:04,April 14,no,2
6386,6387,very satisfied. easy to use.,24,219,13-04-2023 08:04,April 14,no,4
6387,6388,does not work. waste of money.,33,219,13-04-2023 08:04,April 14,yes,2
6388,6389,five stars. amazing features.,35,219,13-04-2023 08:04,April 14,yes,1
6389,6390,fantastic. excellent quality. nothing special.,36,219,13-04-2023 08:04,April 14,no,2
6390,6391,wonderful experience. works perfectly.,38,219,13-04-2023 08:04,April 14,yes,0
6391,6392,neither good nor bad. great value.,41,219,13-04-2023 08:04,April 14,no,5
6392,6393,very satisfied. works perfectly.,46,219,13-04-2023 08:04,April 14,no,6
6393,6394,love this product. wonderful experience.,52,219,13-04-2023 08:04,April 14,yes,2
6394,6395,five stars. very satisfied.,54,219,13-04-2023 08:04,April 14,yes,1
6395,6396,works as expected. missing features.,55,219,13-04-2023 08:04,April 14,no,3
6396,6397,great value. works perfectly. some pros and cons.,57,219,13-04-2023 08:04,April 14,yes,1
6397,6398,five stars. five stars.,60,219,13-04-2023 08:04,April 14,no,2
6398,6399,awful. poor quality.,61,219,13-04-2023 08:04,April 14,no,4
6399,6400,five stars. fantastic. it's okay.,66,219,13-04-2023 08:04,April 14,yes,2
6400,6401,amazing features. works perfectly.,67,219,13-04-2023 08:04,April 14,yes,1
6401,6402,very disappointed. terrible product.,69,219,13-04-2023 08:04,April 14,no,2
6402,6403,nothing special. poor quality.,71,219,13-04-2023 08:04,April 14,yes,0
6403,6404,one star. difficult to use. nothing special.,75,219,13-04-2023 08:04,April 14,no,5
6404,6405,works perfectly. highly recommend.,76,219,13-04-2023 08:04,April 14,no,6
6405,6406,great value. highly recommend.,82,219,13-04-2023 08:04,April 14,yes,2
6406,6407,works perfectly. five stars.,85,219,13-04-2023 08:04,April 14,yes,1
6407,6408,broke easily. broke easily.,91,219,13-04-2023 08:04,April 14,no,3
6408,6409,nothing special. works perfectly.,92,219,13-04-2023 08:04,April 14,yes,1
6409,6410,could be better. worst purchase.,93,219,13-04-2023 08:04,April 14,no,2
6410,6411,does not work. missing features.,5,220,13-04-2023 08:04,April 14,no,4
6411,6412,fantastic. very satisfied. nothing special.,9,220,13-04-2023 08:04,April 14,yes,2
6412,6413,awful. would not recommend.,14,220,13-04-2023 08:04,April 14,yes,1
6413,6414,some pros and cons. highly recommend.,21,220,13-04-2023 08:04,April 14,no,2
6414,6415,easy to use. wonderful experience.,24,220,13-04-2023 08:04,April 14,yes,0
6415,6416,excellent quality. great value.,36,220,13-04-2023 08:04,April 14,no,5
6416,6417,love this product. great value. some pros and cons.,37,220,13-04-2023 08:04,April 14,no,6
6417,6418,fantastic. love this product. neither good nor bad.,41,220,13-04-2023 08:04,April 14,yes,2
6418,6419,amazing features. works perfectly.,54,220,13-04-2023 08:04,April 14,yes,1
6419,6420,highly recommend. amazing features.,55,220,13-04-2023 08:04,April 14,no,3
6420,6421,five stars. wonderful experience.,57,220,13-04-2023 08:04,April 14,yes,1
6421,6422,exceeded expectations. easy to use.,66,220,13-04-2023 08:04,April 14,no,2
6422,6423,one star. very disappointed. could be better.,67,220,13-04-2023 08:04,April 14,no,4
6423,6424,it's okay. customer service was bad.,70,220,13-04-2023 08:04,April 14,yes,2
6424,6425,met expectations. terrible product.,71,220,13-04-2023 08:04,April 14,yes,1
6425,6426,neither good nor bad. terrible product.,72,220,13-04-2023 08:04,April 14,no,2
6426,6427,missing features. missing features.,75,220,13-04-2023 08:04,April 14,yes,0
6427,6428,difficult to use. difficult to use.,76,220,13-04-2023 08:04,April 14,no,5
6428,6429,wonderful experience. love this product.,78,220,13-04-2023 08:04,April 14,no,6
6429,6430,decent for the price. wonderful experience.,85,220,13-04-2023 08:04,April 14,yes,2
6430,6431,one star. worst purchase.,87,220,13-04-2023 08:04,April 14,yes,1
6431,6432,customer service was bad. bad experience.,91,220,13-04-2023 08:04,April 14,no,3
6432,6433,poor quality. would not recommend.,94,220,13-04-2023 08:04,April 14,yes,1
6433,6434,fantastic. highly recommend.,95,220,13-04-2023 08:04,April 14,no,2
6434,6435,easy to use. excellent quality.,99,220,13-04-2023 08:04,April 14,no,4
6435,6436,customer service was bad. poor quality. some pros and cons.,5,221,13-04-2023 08:04,April 14,yes,2
6436,6437,very disappointed. broke easily.,9,221,13-04-2023 08:04,April 14,yes,1
6437,6438,fantastic. excellent quality. works as expected.,12,221,13-04-2023 08:04,April 14,no,2
6438,6439,decent for the price. missing features.,14,221,13-04-2023 08:04,April 14,yes,0
6439,6440,broke easily. poor quality.,15,221,13-04-2023 08:04,April 14,no,5
6440,6441,five stars. five stars.,20,221,13-04-2023 08:04,April 14,no,6
6441,6442,some pros and cons. fantastic.,21,221,13-04-2023 08:04,April 14,yes,2
6442,6443,nothing special. fantastic.,24,221,13-04-2023 08:04,April 14,yes,1
6443,6444,would not recommend. waste of money.,26,221,13-04-2023 08:04,April 14,no,3
6444,6445,worst purchase. one star.,27,221,13-04-2023 08:04,April 14,yes,1
6445,6446,it's okay. great value.,36,221,13-04-2023 08:04,April 14,no,2
6446,6447,very disappointed. terrible product. it's okay.,41,221,13-04-2023 08:04,April 14,no,4
6447,6448,fantastic. exceeded expectations.,46,221,13-04-2023 08:04,April 14,yes,2
6448,6449,very satisfied. exceeded expectations.,54,221,13-04-2023 08:04,April 14,yes,1
6449,6450,broke easily. bad experience.,57,221,13-04-2023 08:04,April 14,no,2
6450,6451,one star. waste of money.,61,221,13-04-2023 08:04,April 14,yes,0
6451,6452,wonderful experience. wonderful experience.,63,221,13-04-2023 08:04,April 14,no,5
6452,6453,highly recommend. great value. it's okay.,65,221,13-04-2023 08:04,April 14,no,6
6453,6454,easy to use. works perfectly.,66,221,13-04-2023 08:04,April 14,yes,2
6454,6455,waste of money. customer service was bad.,69,221,13-04-2023 08:04,April 14,yes,1
6455,6456,highly recommend. works perfectly. could be better.,71,221,13-04-2023 08:04,April 14,no,3
6456,6457,excellent quality. exceeded expectations. it's okay.,73,221,13-04-2023 08:04,April 14,yes,1
6457,6458,met expectations. worst purchase.,75,221,13-04-2023 08:04,April 14,no,2
6458,6459,decent for the price. highly recommend.,76,221,13-04-2023 08:04,April 14,no,4
6459,6460,met expectations. one star.,78,221,13-04-2023 08:04,April 14,yes,2
6460,6461,love this product. fantastic. met expectations.,82,221,13-04-2023 08:04,April 14,yes,1
6461,6462,one star. one star.,84,221,13-04-2023 08:04,April 14,no,2
6462,6463,customer service was bad. awful.,91,221,13-04-2023 08:04,April 14,yes,0
6463,6464,average product. waste of money.,94,221,13-04-2023 08:04,April 14,no,5
6464,6465,nothing special. does not work.,96,221,13-04-2023 08:04,April 14,no,6
6465,6466,terrible product. terrible product.,5,222,13-04-2023 08:04,April 14,yes,2
6466,6467,neither good nor bad. very satisfied.,14,222,13-04-2023 08:04,April 14,yes,1
6467,6468,best purchase ever. best purchase ever.,18,222,13-04-2023 08:04,April 14,no,3
6468,6469,fantastic. works perfectly. some pros and cons.,20,222,13-04-2023 08:04,April 14,yes,1
6469,6470,could be better. easy to use.,21,222,13-04-2023 08:04,April 14,no,2
6470,6471,decent for the price. waste of money.,24,222,13-04-2023 08:04,April 14,no,4
6471,6472,amazing features. love this product.,28,222,13-04-2023 08:04,April 14,yes,2
6472,6473,would not recommend. customer service was bad. works as expected.,30,222,13-04-2023 08:04,April 14,yes,1
6473,6474,average product. works perfectly.,36,222,13-04-2023 08:04,April 14,no,2
6474,6475,neither good nor bad. one star.,38,222,13-04-2023 08:04,April 14,yes,0
6475,6476,wonderful experience. fantastic. average product.,41,222,13-04-2023 08:04,April 14,no,5
6476,6477,decent for the price. terrible product.,43,222,13-04-2023 08:04,April 14,no,6
6477,6478,does not work. waste of money.,47,222,13-04-2023 08:04,April 14,yes,2
6478,6479,customer service was bad. worst purchase.,54,222,13-04-2023 08:04,April 14,yes,1
6479,6480,excellent quality. five stars. decent for the price.,55,222,13-04-2023 08:04,April 14,no,3
6480,6481,fantastic. excellent quality.,57,222,13-04-2023 08:04,April 14,yes,1
6481,6482,broke easily. missing features.,61,222,13-04-2023 08:04,April 14,no,2
6482,6483,poor quality. very disappointed.,66,222,13-04-2023 08:04,April 14,no,4
6483,6484,one star. missing features. some pros and cons.,71,222,13-04-2023 08:04,April 14,yes,2
6484,6485,broke easily. poor quality.,73,222,13-04-2023 08:04,April 14,yes,1
6485,6486,works perfectly. love this product.,75,222,13-04-2023 08:04,April 14,no,2
6486,6487,best purchase ever. easy to use.,76,222,13-04-2023 08:04,April 14,yes,0
6487,6488,awful. difficult to use. neither good nor bad.,87,222,13-04-2023 08:04,April 14,no,5
6488,6489,love this product. fantastic.,91,222,13-04-2023 08:04,April 14,no,6
6489,6490,missing features. waste of money.,96,222,13-04-2023 08:04,April 14,yes,2
6490,6491,met expectations. one star.,4,223,13-04-2023 08:04,April 14,yes,1
6491,6492,poor quality. customer service was bad.,5,223,13-04-2023 08:04,April 14,no,3
6492,6493,poor quality. waste of money.,6,223,13-04-2023 08:04,April 14,yes,1
6493,6494,broke easily. very disappointed.,13,223,13-04-2023 08:04,April 14,no,2
6494,6495,bad experience. poor quality.,14,223,13-04-2023 08:04,April 14,no,4
6495,6496,very satisfied. five stars. could be better.,17,223,13-04-2023 08:04,April 14,yes,2
6496,6497,broke easily. does not work.,19,223,13-04-2023 08:04,April 14,yes,1
6497,6498,waste of money. worst purchase. decent for the price.,20,223,13-04-2023 08:04,April 14,no,2
6498,6499,worst purchase. does not work.,21,223,13-04-2023 08:04,April 14,yes,0
6499,6500,bad experience. broke easily.,22,223,13-04-2023 08:04,April 14,no,5
6500,6501,terrible product. would not recommend.,24,223,13-04-2023 08:04,April 14,no,6
6501,6502,waste of money. worst purchase.,26,223,13-04-2023 08:04,April 14,yes,2
6502,6503,difficult to use. waste of money.,31,223,13-04-2023 08:04,April 14,yes,1
6503,6504,one star. broke easily.,32,223,13-04-2023 08:04,April 14,no,3
6504,6505,exceeded expectations. fantastic.,36,223,13-04-2023 08:04,April 14,yes,1
6505,6506,would not recommend. awful. some pros and cons.,37,223,13-04-2023 08:04,April 14,no,2
6506,6507,wonderful experience. five stars.,41,223,13-04-2023 08:04,April 14,no,4
6507,6508,missing features. difficult to use.,44,223,13-04-2023 08:04,April 14,yes,2
6508,6509,five stars. very satisfied.,47,223,13-04-2023 08:04,April 14,yes,1
6509,6510,some pros and cons. worst purchase.,52,223,13-04-2023 08:04,April 14,no,2
6510,6511,decent for the price. would not recommend.,54,223,13-04-2023 08:04,April 14,yes,0
6511,6512,highly recommend. very satisfied. some pros and cons.,56,223,13-04-2023 08:04,April 14,no,5
6512,6513,would not recommend. would not recommend. could be better.,57,223,13-04-2023 08:04,April 14,no,6
6513,6514,bad experience. worst purchase.,66,223,13-04-2023 08:04,April 14,yes,2
6514,6515,wonderful experience. works perfectly. could be better.,70,223,13-04-2023 08:04,April 14,yes,1
6515,6516,exceeded expectations. wonderful experience.,71,223,13-04-2023 08:04,April 14,no,3
6516,6517,highly recommend. works perfectly.,75,223,13-04-2023 08:04,April 14,yes,1
6517,6518,decent for the price. works perfectly.,76,223,13-04-2023 08:04,April 14,no,2
6518,6519,one star. does not work.,84,223,13-04-2023 08:04,April 14,no,4
6519,6520,exceeded expectations. great value.,91,223,13-04-2023 08:04,April 14,yes,2
6520,6521,would not recommend. customer service was bad.,94,223,13-04-2023 08:04,April 14,yes,1
6521,6522,poor quality. very disappointed.,97,223,13-04-2023 08:04,April 14,no,2
6522,6523,highly recommend. great value.,2,224,13-04-2023 08:04,April 14,yes,0
6523,6524,best purchase ever. five stars. neither good nor bad.,5,224,13-04-2023 08:04,April 14,no,5
6524,6525,works as expected. bad experience.,8,224,13-04-2023 08:04,April 14,no,6
6525,6526,awful. difficult to use.,10,224,13-04-2023 08:04,April 14,yes,2
6526,6527,neither good nor bad. highly recommend.,13,224,13-04-2023 08:04,April 14,yes,1
6527,6528,works perfectly. love this product.,14,224,13-04-2023 08:04,April 14,no,3
6528,6529,would not recommend. bad experience.,21,224,13-04-2023 08:04,April 14,yes,1
6529,6530,it's okay. wonderful experience.,24,224,13-04-2023 08:04,April 14,no,2
6530,6531,exceeded expectations. exceeded expectations.,28,224,13-04-2023 08:04,April 14,no,4
6531,6532,very satisfied. excellent quality.,33,224,13-04-2023 08:04,April 14,yes,2
6532,6533,broke easily. awful.,36,224,13-04-2023 08:04,April 14,yes,1
6533,6534,neither good nor bad. difficult to use.,37,224,13-04-2023 08:04,April 14,no,2
6534,6535,would not recommend. difficult to use.,41,224,13-04-2023 08:04,April 14,yes,0
6535,6536,does not work. difficult to use. some pros and cons.,42,224,13-04-2023 08:04,April 14,no,5
6536,6537,it's okay. fantastic.,44,224,13-04-2023 08:04,April 14,no,6
6537,6538,could be better. does not work.,48,224,13-04-2023 08:04,April 14,yes,2
6538,6539,waste of money. awful. decent for the price.,54,224,13-04-2023 08:04,April 14,yes,1
6539,6540,amazing features. five stars.,56,224,13-04-2023 08:04,April 14,no,3
6540,6541,easy to use. easy to use.,57,224,13-04-2023 08:04,April 14,yes,1
6541,6542,works perfectly. very satisfied.,61,224,13-04-2023 08:04,April 14,no,2
6542,6543,highly recommend. amazing features.,65,224,13-04-2023 08:04,April 14,no,4
6543,6544,waste of money. missing features. works as expected.,66,224,13-04-2023 08:04,April 14,yes,2
6544,6545,awful. very disappointed.,71,224,13-04-2023 08:04,April 14,yes,1
6545,6546,easy to use. best purchase ever.,75,224,13-04-2023 08:04,April 14,no,2
6546,6547,met expectations. highly recommend.,76,224,13-04-2023 08:04,April 14,yes,0
6547,6548,love this product. love this product.,87,224,13-04-2023 08:04,April 14,no,5
6548,6549,could be better. easy to use.,91,224,13-04-2023 08:04,April 14,no,6
6549,6550,neither good nor bad. missing features.,95,224,13-04-2023 08:04,April 14,yes,2
6550,6551,missing features. bad experience. nothing special.,97,224,13-04-2023 08:04,April 14,yes,1
6551,6552,love this product. five stars.,3,225,13-04-2023 08:04,April 14,no,3
6552,6553,highly recommend. highly recommend.,4,225,13-04-2023 08:04,April 14,yes,1
6553,6554,it's okay. bad experience.,5,225,13-04-2023 08:04,April 14,no,2
6554,6555,works perfectly. great value.,11,225,13-04-2023 08:04,April 14,no,4
6555,6556,works as expected. exceeded expectations.,13,225,13-04-2023 08:04,April 14,yes,2
6556,6557,nothing special. poor quality.,14,225,13-04-2023 08:04,April 14,yes,1
6557,6558,could be better. poor quality.,15,225,13-04-2023 08:04,April 14,no,2
6558,6559,could be better. love this product.,16,225,13-04-2023 08:04,April 14,yes,0
6559,6560,five stars. love this product.,17,225,13-04-2023 08:04,April 14,no,5
6560,6561,very satisfied. fantastic.,21,225,13-04-2023 08:04,April 14,no,6
6561,6562,waste of money. broke easily. neither good nor bad.,22,225,13-04-2023 08:04,April 14,yes,2
6562,6563,very satisfied. easy to use.,24,225,13-04-2023 08:04,April 14,yes,1
6563,6564,could be better. best purchase ever.,26,225,13-04-2023 08:04,April 14,no,3
6564,6565,customer service was bad. bad experience.,36,225,13-04-2023 08:04,April 14,yes,1
6565,6566,customer service was bad. missing features.,41,225,13-04-2023 08:04,April 14,no,2
6566,6567,one star. difficult to use. average product.,44,225,13-04-2023 08:04,April 14,no,4
6567,6568,one star. awful.,46,225,13-04-2023 08:04,April 14,yes,2
6568,6569,broke easily. bad experience.,47,225,13-04-2023 08:04,April 14,yes,1
6569,6570,five stars. works perfectly.,52,225,13-04-2023 08:04,April 14,no,2
6570,6571,broke easily. worst purchase.,54,225,13-04-2023 08:04,April 14,yes,0
6571,6572,one star. poor quality.,55,225,13-04-2023 08:04,April 14,no,5
6572,6573,waste of money. broke easily.,56,225,13-04-2023 08:04,April 14,no,6
6573,6574,amazing features. wonderful experience.,57,225,13-04-2023 08:04,April 14,yes,2
6574,6575,terrible product. missing features.,61,225,13-04-2023 08:04,April 14,yes,1
6575,6576,bad experience. customer service was bad. met expectations.,63,225,13-04-2023 08:04,April 14,no,3
6576,6577,poor quality. does not work.,66,225,13-04-2023 08:04,April 14,yes,1
6577,6578,highly recommend. wonderful experience.,71,225,13-04-2023 08:04,April 14,no,2
6578,6579,it's okay. missing features.,72,225,13-04-2023 08:04,April 14,no,4
6579,6580,awful. difficult to use. neither good nor bad.,75,225,13-04-2023 08:04,April 14,yes,2
6580,6581,excellent quality. fantastic.,76,225,13-04-2023 08:04,April 14,yes,1
6581,6582,terrible product. broke easily.,85,225,13-04-2023 08:04,April 14,no,2
6582,6583,does not work. would not recommend.,87,225,13-04-2023 08:04,April 14,yes,0
6583,6584,fantastic. works perfectly.,91,225,13-04-2023 08:04,April 14,no,5
6584,6585,missing features. difficult to use. it's okay.,95,225,13-04-2023 08:04,April 14,no,6
6585,6586,exceeded expectations. great value.,97,225,13-04-2023 08:04,April 14,yes,2
6586,6587,would not recommend. poor quality.,99,225,13-04-2023 08:04,April 14,yes,1
6587,6588,very satisfied. exceeded expectations.,3,226,13-04-2023 08:04,April 14,no,3
6588,6589,easy to use. wonderful experience.,5,226,13-04-2023 08:04,April 14,yes,1
6589,6590,easy to use. works perfectly.,9,226,13-04-2023 08:04,April 14,no,2
6590,6591,very disappointed. waste of money. decent for the price.,13,226,13-04-2023 08:04,April 14,no,4
6591,6592,poor quality. difficult to use.,14,226,13-04-2023 08:04,April 14,yes,2
6592,6593,love this product. highly recommend.,16,226,13-04-2023 08:04,April 14,yes,1
6593,6594,decent for the price. worst purchase.,21,226,13-04-2023 08:04,April 14,no,2
6594,6595,easy to use. great value.,24,226,13-04-2023 08:04,April 14,yes,0
6595,6596,terrible product. waste of money.,31,226,13-04-2023 08:04,April 14,no,5
6596,6597,met expectations. waste of money.,36,226,13-04-2023 08:04,April 14,no,6
6597,6598,does not work. customer service was bad.,41,226,13-04-2023 08:04,April 14,yes,2
6598,6599,bad experience. customer service was bad.,43,226,13-04-2023 08:04,April 14,yes,1
6599,6600,great value. very satisfied.,48,226,13-04-2023 08:04,April 14,no,3
6600,6601,customer service was bad. worst purchase.,52,226,13-04-2023 08:04,April 14,yes,1
6601,6602,amazing features. best purchase ever.,54,226,13-04-2023 08:04,April 14,no,2
6602,6603,some pros and cons. love this product.,57,226,13-04-2023 08:04,April 14,no,4
6603,6604,it's okay. excellent quality.,61,226,13-04-2023 08:04,April 14,yes,2
6604,6605,it's okay. wonderful experience.,65,226,13-04-2023 08:04,April 14,yes,1
6605,6606,wonderful experience. great value.,66,226,13-04-2023 08:04,April 14,no,2
6606,6607,decent for the price. customer service was bad.,69,226,13-04-2023 08:04,April 14,yes,0
6607,6608,bad experience. does not work.,71,226,13-04-2023 08:04,April 14,no,5
6608,6609,amazing features. very satisfied.,75,226,13-04-2023 08:04,April 14,no,6
6609,6610,missing features. does not work. met expectations.,76,226,13-04-2023 08:04,April 14,yes,2
6610,6611,poor quality. missing features.,87,226,13-04-2023 08:04,April 14,yes,1
6611,6612,some pros and cons. does not work.,91,226,13-04-2023 08:04,April 14,no,3
6612,6613,one star. would not recommend.,93,226,13-04-2023 08:04,April 14,yes,1
6613,6614,wonderful experience. very satisfied.,94,226,13-04-2023 08:04,April 14,no,2
6614,6615,works perfectly. works perfectly.,95,226,13-04-2023 08:04,April 14,no,4
6615,6616,average product. terrible product.,96,226,13-04-2023 08:04,April 14,yes,2
6616,6617,poor quality. bad experience. some pros and cons.,97,226,13-04-2023 08:04,April 14,yes,1
6617,6618,wonderful experience. easy to use.,99,226,13-04-2023 08:04,April 14,no,2
6618,6619,works perfectly. five stars.,100,226,13-04-2023 08:04,April 14,yes,0
6619,6620,love this product. easy to use.,3,227,13-04-2023 08:04,April 14,no,5
6620,6621,great value. great value.,4,227,13-04-2023 08:04,April 14,no,6
6621,6622,bad experience. broke easily. could be better.,5,227,13-04-2023 08:04,April 14,yes,2
6622,6623,average product. five stars.,6,227,13-04-2023 08:04,April 14,yes,1
6623,6624,terrible product. worst purchase.,10,227,13-04-2023 08:04,April 14,no,3
6624,6625,love this product. very satisfied.,14,227,13-04-2023 08:04,April 14,yes,1
6625,6626,it's okay. one star.,21,227,13-04-2023 08:04,April 14,no,2
6626,6627,easy to use. great value.,22,227,13-04-2023 08:04,April 14,no,4
6627,6628,love this product. five stars. decent for the price.,24,227,13-04-2023 08:04,April 14,yes,2
6628,6629,great value. five stars. average product.,26,227,13-04-2023 08:04,April 14,yes,1
6629,6630,awful. bad experience.,28,227,13-04-2023 08:04,April 14,no,2
6630,6631,bad experience. very disappointed. nothing special.,30,227,13-04-2023 08:04,April 14,yes,0
6631,6632,wonderful experience. best purchase ever. works as expected.,32,227,13-04-2023 08:04,April 14,no,5
6632,6633,exceeded expectations. great value.,33,227,13-04-2023 08:04,April 14,no,6
6633,6634,works as expected. fantastic.,36,227,13-04-2023 08:04,April 14,yes,2
6634,6635,difficult to use. broke easily. works as expected.,38,227,13-04-2023 08:04,April 14,yes,1
6635,6636,amazing features. highly recommend.,39,227,13-04-2023 08:04,April 14,no,3
6636,6637,some pros and cons. works perfectly.,41,227,13-04-2023 08:04,April 14,yes,1
6637,6638,decent for the price. waste of money.,42,227,13-04-2023 08:04,April 14,no,2
6638,6639,nothing special. worst purchase.,54,227,13-04-2023 08:04,April 14,no,4
6639,6640,exceeded expectations. wonderful experience.,55,227,13-04-2023 08:04,April 14,yes,2
6640,6641,difficult to use. missing features.,57,227,13-04-2023 08:04,April 14,yes,1
6641,6642,very disappointed. does not work.,60,227,13-04-2023 08:04,April 14,no,2
6642,6643,five stars. very satisfied.,61,227,13-04-2023 08:04,April 14,yes,0
6643,6644,poor quality. would not recommend.,62,227,13-04-2023 08:04,April 14,no,5
6644,6645,one star. awful.,66,227,13-04-2023 08:04,April 14,no,6
6645,6646,average product. very disappointed.,67,227,13-04-2023 08:04,April 14,yes,2
6646,6647,broke easily. awful. met expectations.,69,227,13-04-2023 08:04,April 14,yes,1
6647,6648,highly recommend. highly recommend. neither good nor bad.,70,227,13-04-2023 08:04,April 14,no,3
6648,6649,great value. easy to use. some pros and cons.,71,227,13-04-2023 08:04,April 14,yes,1
6649,6650,it's okay. difficult to use.,75,227,13-04-2023 08:04,April 14,no,2
6650,6651,would not recommend. one star. neither good nor bad.,76,227,13-04-2023 08:04,April 14,no,4
6651,6652,best purchase ever. wonderful experience. average product.,87,227,13-04-2023 08:04,April 14,yes,2
6652,6653,poor quality. very disappointed.,91,227,13-04-2023 08:04,April 14,yes,1
6653,6654,amazing features. fantastic. could be better.,99,227,13-04-2023 08:04,April 14,no,2
6654,6655,neither good nor bad. highly recommend.,2,228,13-04-2023 08:04,April 14,yes,0
6655,6656,great value. best purchase ever.,5,228,13-04-2023 08:04,April 14,no,5
6656,6657,broke easily. one star.,10,228,13-04-2023 08:04,April 14,no,6
6657,6658,fantastic. works perfectly. neither good nor bad.,14,228,13-04-2023 08:04,April 14,yes,2
6658,6659,missing features. difficult to use. could be better.,18,228,13-04-2023 08:04,April 14,yes,1
6659,6660,poor quality. does not work.,21,228,13-04-2023 08:04,April 14,no,3
6660,6661,difficult to use. bad experience.,22,228,13-04-2023 08:04,April 14,yes,1
6661,6662,bad experience. missing features.,24,228,13-04-2023 08:04,April 14,no,2
6662,6663,amazing features. works perfectly.,32,228,13-04-2023 08:04,April 14,no,4
6663,6664,fantastic. wonderful experience.,36,228,13-04-2023 08:04,April 14,yes,2
6664,6665,missing features. one star.,41,228,13-04-2023 08:04,April 14,yes,1
6665,6666,amazing features. wonderful experience.,46,228,13-04-2023 08:04,April 14,no,2
6666,6667,five stars. works perfectly. average product.,48,228,13-04-2023 08:04,April 14,yes,0
6667,6668,works perfectly. best purchase ever.,54,228,13-04-2023 08:04,April 14,no,5
6668,6669,decent for the price. amazing features.,55,228,13-04-2023 08:04,April 14,no,6
6669,6670,very disappointed. would not recommend. average product.,57,228,13-04-2023 08:04,April 14,yes,2
6670,6671,very disappointed. would not recommend.,61,228,13-04-2023 08:04,April 14,yes,1
6671,6672,fantastic. excellent quality.,66,228,13-04-2023 08:04,April 14,no,3
6672,6673,it's okay. bad experience.,70,228,13-04-2023 08:04,April 14,yes,1
6673,6674,difficult to use. bad experience.,71,228,13-04-2023 08:04,April 14,no,2
6674,6675,great value. great value. it's okay.,75,228,13-04-2023 08:04,April 14,no,4
6675,6676,nothing special. waste of money.,76,228,13-04-2023 08:04,April 14,yes,2
6676,6677,amazing features. very satisfied.,79,228,13-04-2023 08:04,April 14,yes,1
6677,6678,amazing features. five stars.,91,228,13-04-2023 08:04,April 14,no,2
6678,6679,broke easily. customer service was bad.,96,228,13-04-2023 08:04,April 14,yes,0
6679,6680,neither good nor bad. love this product.,98,228,13-04-2023 08:04,April 14,no,5
6680,6681,waste of money. awful.,2,229,13-04-2023 08:04,April 14,no,6
6681,6682,very disappointed. awful.,3,229,13-04-2023 08:04,April 14,yes,2
6682,6683,works as expected. fantastic.,5,229,13-04-2023 08:04,April 14,yes,1
6683,6684,works as expected. five stars.,6,229,13-04-2023 08:04,April 14,no,3
6684,6685,worst purchase. terrible product. nothing special.,9,229,13-04-2023 08:04,April 14,yes,1
6685,6686,one star. customer service was bad.,10,229,13-04-2023 08:04,April 14,no,2
6686,6687,fantastic. love this product.,12,229,13-04-2023 08:04,April 14,no,4
6687,6688,broke easily. missing features. could be better.,14,229,13-04-2023 08:04,April 14,yes,2
6688,6689,excellent quality. works perfectly. met expectations.,15,229,13-04-2023 08:04,April 14,yes,1
6689,6690,worst purchase. does not work.,21,229,13-04-2023 08:04,April 14,no,2
6690,6691,love this product. works perfectly. decent for the price.,24,229,13-04-2023 08:04,April 14,yes,0
6691,6692,easy to use. excellent quality.,30,229,13-04-2023 08:04,April 14,no,5
6692,6693,works perfectly. best purchase ever.,31,229,13-04-2023 08:04,April 14,no,6
6693,6694,wonderful experience. love this product. nothing special.,36,229,13-04-2023 08:04,April 14,yes,2
6694,6695,terrible product. broke easily.,37,229,13-04-2023 08:04,April 14,yes,1
6695,6696,five stars. works perfectly.,40,229,13-04-2023 08:04,April 14,no,3
6696,6697,nothing special. easy to use.,41,229,13-04-2023 08:04,April 14,yes,1
6697,6698,decent for the price. fantastic.,54,229,13-04-2023 08:04,April 14,no,2
6698,6699,some pros and cons. poor quality.,55,229,13-04-2023 08:04,April 14,no,4
6699,6700,broke easily. one star. neither good nor bad.,56,229,13-04-2023 08:04,April 14,yes,2
6700,6701,bad experience. very disappointed.,57,229,13-04-2023 08:04,April 14,yes,1
6701,6702,poor quality. difficult to use. some pros and cons.,66,229,13-04-2023 08:04,April 14,no,2
6702,6703,fantastic. great value.,71,229,13-04-2023 08:04,April 14,yes,0
6703,6704,very disappointed. worst purchase.,75,229,13-04-2023 08:04,April 14,no,5
6704,6705,customer service was bad. terrible product.,76,229,13-04-2023 08:04,April 14,no,6
6705,6706,terrible product. customer service was bad.,85,229,13-04-2023 08:04,April 14,yes,2
6706,6707,it's okay. fantastic.,91,229,13-04-2023 08:04,April 14,yes,1
6707,6708,met expectations. easy to use.,93,229,13-04-2023 08:04,April 14,no,3
6708,6709,worst purchase. would not recommend. average product.,96,229,13-04-2023 08:04,April 14,yes,1
6709,6710,customer service was bad. customer service was bad. neither good nor bad.,5,230,13-04-2023 08:04,April 14,no,2
6710,6711,works as expected. highly recommend.,12,230,13-04-2023 08:04,April 14,no,4
6711,6712,could be better. wonderful experience.,14,230,13-04-2023 08:04,April 14,yes,2
6712,6713,does not work. would not recommend.,17,230,13-04-2023 08:04,April 14,yes,1
6713,6714,one star. customer service was bad. average product.,21,230,13-04-2023 08:04,April 14,no,2
6714,6715,neither good nor bad. fantastic.,24,230,13-04-2023 08:04,April 14,yes,0
6715,6716,very satisfied. excellent quality. decent for the price.,36,230,13-04-2023 08:04,April 14,no,5
6716,6717,wonderful experience. easy to use.,38,230,13-04-2023 08:04,April 14,no,6
6717,6718,difficult to use. very disappointed. average product.,39,230,13-04-2023 08:04,April 14,yes,2
6718,6719,very disappointed. awful. works as expected.,40,230,13-04-2023 08:04,April 14,yes,1
6719,6720,would not recommend. would not recommend. works as expected.,41,230,13-04-2023 08:04,April 14,no,3
6720,6721,highly recommend. very satisfied.,43,230,13-04-2023 08:04,April 14,yes,1
6721,6722,neither good nor bad. excellent quality.,54,230,13-04-2023 08:04,April 14,no,2
6722,6723,does not work. bad experience. nothing special.,57,230,13-04-2023 08:04,April 14,no,4
6723,6724,awful. missing features.,63,230,13-04-2023 08:04,April 14,yes,2
6724,6725,difficult to use. missing features. works as expected.,66,230,13-04-2023 08:04,April 14,yes,1
6725,6726,exceeded expectations. exceeded expectations.,69,230,13-04-2023 08:04,April 14,no,2
6726,6727,excellent quality. five stars. average product.,71,230,13-04-2023 08:04,April 14,yes,0
6727,6728,works as expected. great value.,75,230,13-04-2023 08:04,April 14,no,5
6728,6729,some pros and cons. worst purchase.,76,230,13-04-2023 08:04,April 14,no,6
6729,6730,best purchase ever. exceeded expectations.,87,230,13-04-2023 08:04,April 14,yes,2
6730,6731,love this product. wonderful experience.,91,230,13-04-2023 08:04,April 14,yes,1
6731,6732,highly recommend. five stars. decent for the price.,4,231,13-04-2023 08:04,April 14,no,3
6732,6733,bad experience. waste of money.,5,231,13-04-2023 08:04,April 14,yes,1
6733,6734,best purchase ever. great value.,13,231,13-04-2023 08:04,April 14,no,2
6734,6735,some pros and cons. highly recommend.,14,231,13-04-2023 08:04,April 14,no,4
6735,6736,bad experience. does not work.,21,231,13-04-2023 08:04,April 14,yes,2
6736,6737,highly recommend. very satisfied.,24,231,13-04-2023 08:04,April 14,yes,1
6737,6738,very satisfied. highly recommend.,35,231,13-04-2023 08:04,April 14,no,2
6738,6739,would not recommend. poor quality.,36,231,13-04-2023 08:04,April 14,yes,0
6739,6740,best purchase ever. highly recommend. average product.,41,231,13-04-2023 08:04,April 14,no,5
6740,6741,easy to use. highly recommend.,43,231,13-04-2023 08:04,April 14,no,6
6741,6742,works as expected. poor quality.,46,231,13-04-2023 08:04,April 14,yes,2
6742,6743,average product. love this product.,52,231,13-04-2023 08:04,April 14,yes,1
6743,6744,exceeded expectations. easy to use. neither good nor bad.,54,231,13-04-2023 08:04,April 14,no,3
6744,6745,terrible product. terrible product.,56,231,13-04-2023 08:04,April 14,yes,1
6745,6746,difficult to use. poor quality.,57,231,13-04-2023 08:04,April 14,no,2
6746,6747,exceeded expectations. fantastic. works as expected.,61,231,13-04-2023 08:04,April 14,no,4
6747,6748,excellent quality. love this product.,66,231,13-04-2023 08:04,April 14,yes,2
6748,6749,wonderful experience. best purchase ever.,70,231,13-04-2023 08:04,April 14,yes,1
6749,6750,waste of money. very disappointed. met expectations.,71,231,13-04-2023 08:04,April 14,no,2
6750,6751,poor quality. worst purchase.,75,231,13-04-2023 08:04,April 14,yes,0
6751,6752,best purchase ever. amazing features. nothing special.,76,231,13-04-2023 08:04,April 14,no,5
6752,6753,five stars. highly recommend. average product.,78,231,13-04-2023 08:04,April 14,no,6
6753,6754,one star. waste of money.,82,231,13-04-2023 08:04,April 14,yes,2
6754,6755,great value. excellent quality. average product.,85,231,13-04-2023 08:04,April 14,yes,1
6755,6756,would not recommend. bad experience. nothing special.,87,231,13-04-2023 08:04,April 14,no,3
6756,6757,would not recommend. poor quality.,91,231,13-04-2023 08:04,April 14,yes,1
6757,6758,great value. highly recommend.,5,232,13-04-2023 08:04,April 14,no,2
6758,6759,neither good nor bad. difficult to use.,9,232,13-04-2023 08:04,April 14,no,4
6759,6760,five stars. excellent quality.,10,232,13-04-2023 08:04,April 14,yes,2
6760,6761,it's okay. works perfectly.,13,232,13-04-2023 08:04,April 14,yes,1
6761,6762,very disappointed. customer service was bad.,14,232,13-04-2023 08:04,April 14,no,2
6762,6763,great value. amazing features.,20,232,13-04-2023 08:04,April 14,yes,0
6763,6764,broke easily. missing features.,21,232,13-04-2023 08:04,April 14,no,5
6764,6765,broke easily. difficult to use.,22,232,13-04-2023 08:04,April 14,no,6
6765,6766,works as expected. does not work.,24,232,13-04-2023 08:04,April 14,yes,2
6766,6767,terrible product. terrible product.,26,232,13-04-2023 08:04,April 14,yes,1
6767,6768,works perfectly. five stars. nothing special.,27,232,13-04-2023 08:04,April 14,no,3
6768,6769,highly recommend. works perfectly.,35,232,13-04-2023 08:04,April 14,yes,1
6769,6770,some pros and cons. highly recommend.,36,232,13-04-2023 08:04,April 14,no,2
6770,6771,works perfectly. fantastic. works as expected.,38,232,13-04-2023 08:04,April 14,no,4
6771,6772,would not recommend. awful. neither good nor bad.,41,232,13-04-2023 08:04,April 14,yes,2
6772,6773,met expectations. does not work.,50,232,13-04-2023 08:04,April 14,yes,1
6773,6774,love this product. works perfectly.,54,232,13-04-2023 08:04,April 14,no,2
6774,6775,neither good nor bad. bad experience.,57,232,13-04-2023 08:04,April 14,yes,0
6775,6776,very satisfied. five stars.,60,232,13-04-2023 08:04,April 14,no,5
6776,6777,amazing features. wonderful experience.,66,232,13-04-2023 08:04,April 14,no,6
6777,6778,terrible product. difficult to use.,69,232,13-04-2023 08:04,April 14,yes,2
6778,6779,neither good nor bad. exceeded expectations.,71,232,13-04-2023 08:04,April 14,yes,1
6779,6780,bad experience. does not work. works as expected.,75,232,13-04-2023 08:04,April 14,no,3
6780,6781,highly recommend. wonderful experience.,76,232,13-04-2023 08:04,April 14,yes,1
6781,6782,very disappointed. would not recommend.,87,232,13-04-2023 08:04,April 14,no,2
6782,6783,terrible product. poor quality. some pros and cons.,91,232,13-04-2023 08:04,April 14,no,4
6783,6784,love this product. five stars.,92,232,13-04-2023 08:04,April 14,yes,2
6784,6785,broke easily. very disappointed. it's okay.,95,232,13-04-2023 08:04,April 14,yes,1
6785,6786,awful. bad experience. nothing special.,98,232,13-04-2023 08:04,April 14,no,2
6786,6787,customer service was bad. missing features.,99,232,13-04-2023 08:04,April 14,yes,0
6787,6788,exceeded expectations. exceeded expectations.,3,233,13-04-2023 08:04,April 14,no,5
6788,6789,best purchase ever. easy to use.,5,233,13-04-2023 08:04,April 14,no,6
6789,6790,nothing special. waste of money.,13,233,13-04-2023 08:04,April 14,yes,2
6790,6791,best purchase ever. wonderful experience.,14,233,13-04-2023 08:04,April 14,yes,1
6791,6792,great value. amazing features.,21,233,13-04-2023 08:04,April 14,no,3
6792,6793,customer service was bad. broke easily.,24,233,13-04-2023 08:04,April 14,yes,1
6793,6794,exceeded expectations. great value.,27,233,13-04-2023 08:04,April 14,no,2
6794,6795,works perfectly. easy to use.,31,233,13-04-2023 08:04,April 14,no,4
6795,6796,exceeded expectations. best purchase ever.,35,233,13-04-2023 08:04,April 14,yes,2
6796,6797,could be better. one star.,36,233,13-04-2023 08:04,April 14,yes,1
6797,6798,difficult to use. broke easily.,41,233,13-04-2023 08:04,April 14,no,2
6798,6799,love this product. amazing features. met expectations.,47,233,13-04-2023 08:04,April 14,yes,0
6799,6800,exceeded expectations. best purchase ever.,50,233,13-04-2023 08:04,April 14,no,5
6800,6801,worst purchase. one star. works as expected.,54,233,13-04-2023 08:04,April 14,no,6
6801,6802,works perfectly. fantastic. nothing special.,55,233,13-04-2023 08:04,April 14,yes,2
6802,6803,wonderful experience. fantastic.,56,233,13-04-2023 08:04,April 14,yes,1
6803,6804,wonderful experience. great value. neither good nor bad.,57,233,13-04-2023 08:04,April 14,no,3
6804,6805,terrible product. waste of money.,62,233,13-04-2023 08:04,April 14,yes,1
6805,6806,awful. awful.,66,233,13-04-2023 08:04,April 14,no,2
6806,6807,one star. worst purchase.,69,233,13-04-2023 08:04,April 14,no,4
6807,6808,very disappointed. waste of money.,71,233,13-04-2023 08:04,April 14,yes,2
6808,6809,broke easily. one star. works as expected.,72,233,13-04-2023 08:04,April 14,yes,1
6809,6810,it's okay. amazing features.,75,233,13-04-2023 08:04,April 14,no,2
6810,6811,awful. difficult to use.,76,233,13-04-2023 08:04,April 14,yes,0
6811,6812,very satisfied. excellent quality.,82,233,13-04-2023 08:04,April 14,no,5
6812,6813,one star. bad experience. some pros and cons.,87,233,13-04-2023 08:04,April 14,no,6
6813,6814,met expectations. awful.,91,233,13-04-2023 08:04,April 14,yes,2
6814,6815,difficult to use. awful.,93,233,13-04-2023 08:04,April 14,yes,1
6815,6816,terrible product. does not work.,96,233,13-04-2023 08:04,April 14,no,3
6816,6817,best purchase ever. works perfectly. works as expected.,3,234,13-04-2023 08:04,April 14,yes,1
6817,6818,five stars. works perfectly.,5,234,13-04-2023 08:04,April 14,no,2
6818,6819,amazing features. amazing features. neither good nor bad.,6,234,13-04-2023 08:04,April 14,no,4
6819,6820,average product. terrible product.,9,234,13-04-2023 08:04,April 14,yes,2
6820,6821,fantastic. works perfectly.,14,234,13-04-2023 08:04,April 14,yes,1
6821,6822,nothing special. broke easily.,16,234,13-04-2023 08:04,April 14,no,2
6822,6823,worst purchase. awful.,17,234,13-04-2023 08:04,April 14,yes,0
6823,6824,great value. very satisfied.,21,234,13-04-2023 08:04,April 14,no,5
6824,6825,worst purchase. poor quality.,24,234,13-04-2023 08:04,April 14,no,6
6825,6826,average product. difficult to use.,31,234,13-04-2023 08:04,April 14,yes,2
6826,6827,works perfectly. excellent quality.,33,234,13-04-2023 08:04,April 14,yes,1
6827,6828,love this product. highly recommend. it's okay.,36,234,13-04-2023 08:04,April 14,no,3
6828,6829,excellent quality. wonderful experience.,38,234,13-04-2023 08:04,April 14,yes,1
6829,6830,works as expected. best purchase ever.,41,234,13-04-2023 08:04,April 14,no,2
6830,6831,average product. wonderful experience.,43,234,13-04-2023 08:04,April 14,no,4
6831,6832,exceeded expectations. easy to use.,46,234,13-04-2023 08:04,April 14,yes,2
6832,6833,would not recommend. bad experience.,48,234,13-04-2023 08:04,April 14,yes,1
6833,6834,highly recommend. love this product. works as expected.,50,234,13-04-2023 08:04,April 14,no,2
6834,6835,waste of money. would not recommend.,54,234,13-04-2023 08:04,April 14,yes,0
6835,6836,worst purchase. bad experience. could be better.,57,234,13-04-2023 08:04,April 14,no,5
6836,6837,works as expected. worst purchase.,66,234,13-04-2023 08:04,April 14,no,6
6837,6838,great value. best purchase ever.,67,234,13-04-2023 08:04,April 14,yes,2
6838,6839,very disappointed. awful.,70,234,13-04-2023 08:04,April 14,yes,1
6839,6840,great value. easy to use. average product.,71,234,13-04-2023 08:04,April 14,no,3
6840,6841,wonderful experience. excellent quality.,73,234,13-04-2023 08:04,April 14,yes,1
6841,6842,worst purchase. does not work.,75,234,13-04-2023 08:04,April 14,no,2
6842,6843,exceeded expectations. five stars. could be better.,76,234,13-04-2023 08:04,April 14,no,4
6843,6844,one star. difficult to use.,79,234,13-04-2023 08:04,April 14,yes,2
6844,6845,customer service was bad. does not work.,91,234,13-04-2023 08:04,April 14,yes,1
6845,6846,nothing special. love this product.,93,234,13-04-2023 08:04,April 14,no,2
6846,6847,best purchase ever. excellent quality. met expectations.,97,234,13-04-2023 08:04,April 14,yes,0
6847,6848,terrible product. customer service was bad.,98,234,13-04-2023 08:04,April 14,no,5
6848,6849,does not work. broke easily.,5,235,13-04-2023 08:04,April 14,no,6
6849,6850,met expectations. customer service was bad.,8,235,13-04-2023 08:04,April 14,yes,2
6850,6851,met expectations. missing features.,11,235,13-04-2023 08:04,April 14,yes,1
6851,6852,fantastic. fantastic.,14,235,13-04-2023 08:04,April 14,no,3
6852,6853,could be better. terrible product.,21,235,13-04-2023 08:04,April 14,yes,1
6853,6854,decent for the price. would not recommend.,22,235,13-04-2023 08:04,April 14,no,2
6854,6855,love this product. works perfectly.,24,235,13-04-2023 08:04,April 14,no,4
6855,6856,works as expected. bad experience.,35,235,13-04-2023 08:04,April 14,yes,2
6856,6857,easy to use. excellent quality.,36,235,13-04-2023 08:04,April 14,yes,1
6857,6858,would not recommend. difficult to use. works as expected.,41,235,13-04-2023 08:04,April 14,no,2
6858,6859,wonderful experience. highly recommend.,46,235,13-04-2023 08:04,April 14,yes,0
6859,6860,one star. customer service was bad.,50,235,13-04-2023 08:04,April 14,no,5
6860,6861,difficult to use. bad experience.,54,235,13-04-2023 08:04,April 14,no,6
6861,6862,some pros and cons. bad experience.,57,235,13-04-2023 08:04,April 14,yes,2
6862,6863,works perfectly. great value.,60,235,13-04-2023 08:04,April 14,yes,1
6863,6864,worst purchase. difficult to use.,66,235,13-04-2023 08:04,April 14,no,3
6864,6865,love this product. easy to use.,69,235,13-04-2023 08:04,April 14,yes,1
6865,6866,works perfectly. amazing features.,71,235,13-04-2023 08:04,April 14,no,2
6866,6867,poor quality. missing features.,72,235,13-04-2023 08:04,April 14,no,4
6867,6868,customer service was bad. terrible product.,75,235,13-04-2023 08:04,April 14,yes,2
6868,6869,would not recommend. would not recommend. it's okay.,76,235,13-04-2023 08:04,April 14,yes,1
6869,6870,five stars. very satisfied. average product.,78,235,13-04-2023 08:04,April 14,no,2
6870,6871,terrible product. bad experience. met expectations.,85,235,13-04-2023 08:04,April 14,yes,0
6871,6872,wonderful experience. best purchase ever.,91,235,13-04-2023 08:04,April 14,no,5
6872,6873,does not work. difficult to use.,94,235,13-04-2023 08:04,April 14,no,6
6873,6874,customer service was bad. terrible product.,97,235,13-04-2023 08:04,April 14,yes,2
6874,6875,some pros and cons. five stars.,5,236,13-04-2023 08:04,April 14,yes,1
6875,6876,very disappointed. would not recommend.,8,236,13-04-2023 08:04,April 14,no,3
6876,6877,difficult to use. does not work.,9,236,13-04-2023 08:04,April 14,yes,1
6877,6878,customer service was bad. bad experience.,14,236,13-04-2023 08:04,April 14,no,2
6878,6879,excellent quality. love this product.,15,236,13-04-2023 08:04,April 14,no,4
6879,6880,customer service was bad. difficult to use. could be better.,16,236,13-04-2023 08:04,April 14,yes,2
6880,6881,works as expected. terrible product.,18,236,13-04-2023 08:04,April 14,yes,1
6881,6882,great value. love this product.,21,236,13-04-2023 08:04,April 14,no,2
6882,6883,met expectations. five stars.,22,236,13-04-2023 08:04,April 14,yes,0
6883,6884,broke easily. terrible product.,24,236,13-04-2023 08:04,April 14,no,5
6884,6885,excellent quality. wonderful experience.,31,236,13-04-2023 08:04,April 14,no,6
6885,6886,it's okay. very disappointed.,33,236,13-04-2023 08:04,April 14,yes,2
6886,6887,waste of money. worst purchase. average product.,35,236,13-04-2023 08:04,April 14,yes,1
6887,6888,best purchase ever. wonderful experience.,36,236,13-04-2023 08:04,April 14,no,3
6888,6889,highly recommend. wonderful experience.,39,236,13-04-2023 08:04,April 14,yes,1
6889,6890,neither good nor bad. difficult to use.,41,236,13-04-2023 08:04,April 14,no,2
6890,6891,works perfectly. easy to use.,50,236,13-04-2023 08:04,April 14,no,4
6891,6892,difficult to use. does not work.,54,236,13-04-2023 08:04,April 14,yes,2
6892,6893,terrible product. bad experience.,57,236,13-04-2023 08:04,April 14,yes,1
6893,6894,would not recommend. waste of money.,66,236,13-04-2023 08:04,April 14,no,2
6894,6895,worst purchase. does not work.,67,236,13-04-2023 08:04,April 14,yes,0
6895,6896,customer service was bad. broke easily.,71,236,13-04-2023 08:04,April 14,no,5
6896,6897,missing features. difficult to use.,75,236,13-04-2023 08:04,April 14,no,6
6897,6898,missing features. waste of money.,76,236,13-04-2023 08:04,April 14,yes,2
6898,6899,fantastic. fantastic.,78,236,13-04-2023 08:04,April 14,yes,1
6899,6900,amazing features. five stars. some pros and cons.,91,236,13-04-2023 08:04,April 14,no,3
6900,6901,excellent quality. fantastic.,5,237,13-04-2023 08:04,April 14,yes,1
6901,6902,wonderful experience. fantastic. it's okay.,6,237,13-04-2023 08:04,April 14,no,2
6902,6903,bad experience. poor quality. it's okay.,14,237,13-04-2023 08:04,April 14,no,4
6903,6904,fantastic. fantastic.,21,237,13-04-2023 08:04,April 14,yes,2
6904,6905,exceeded expectations. five stars. works as expected.,22,237,13-04-2023 08:04,April 14,yes,1
6905,6906,worst purchase. worst purchase. it's okay.,24,237,13-04-2023 08:04,April 14,no,2
6906,6907,terrible product. worst purchase.,32,237,13-04-2023 08:04,April 14,yes,0
6907,6908,fantastic. works perfectly.,33,237,13-04-2023 08:04,April 14,no,5
6908,6909,would not recommend. waste of money.,35,237,13-04-2023 08:04,April 14,no,6
6909,6910,love this product. amazing features.,36,237,13-04-2023 08:04,April 14,yes,2
6910,6911,would not recommend. difficult to use.,41,237,13-04-2023 08:04,April 14,yes,1
6911,6912,neither good nor bad. amazing features.,54,237,13-04-2023 08:04,April 14,no,3
6912,6913,highly recommend. wonderful experience.,56,237,13-04-2023 08:04,April 14,yes,1
6913,6914,one star. worst purchase.,57,237,13-04-2023 08:04,April 14,no,2
6914,6915,five stars. highly recommend. some pros and cons.,66,237,13-04-2023 08:04,April 14,no,4
6915,6916,excellent quality. highly recommend.,71,237,13-04-2023 08:04,April 14,yes,2
6916,6917,nothing special. works perfectly.,75,237,13-04-2023 08:04,April 14,yes,1
6917,6918,would not recommend. very disappointed. nothing special.,76,237,13-04-2023 08:04,April 14,no,2
6918,6919,works as expected. exceeded expectations.,84,237,13-04-2023 08:04,April 14,yes,0
6919,6920,exceeded expectations. great value. works as expected.,85,237,13-04-2023 08:04,April 14,no,5
6920,6921,waste of money. missing features.,91,237,13-04-2023 08:04,April 14,no,6
6921,6922,fantastic. great value.,94,237,13-04-2023 08:04,April 14,yes,2
6922,6923,customer service was bad. difficult to use.,96,237,13-04-2023 08:04,April 14,yes,1
6923,6924,best purchase ever. best purchase ever. works as expected.,3,238,13-04-2023 08:04,April 14,no,3
6924,6925,average product. very satisfied.,5,238,13-04-2023 08:04,April 14,yes,1
6925,6926,does not work. poor quality. average product.,13,238,13-04-2023 08:04,April 14,no,2
6926,6927,amazing features. five stars.,14,238,13-04-2023 08:04,April 14,no,4
6927,6928,waste of money. would not recommend. nothing special.,21,238,13-04-2023 08:04,April 14,yes,2
6928,6929,very satisfied. excellent quality. decent for the price.,24,238,13-04-2023 08:04,April 14,yes,1
6929,6930,highly recommend. fantastic.,26,238,13-04-2023 08:04,April 14,no,2
6930,6931,very disappointed. very disappointed.,27,238,13-04-2023 08:04,April 14,yes,0
6931,6932,very satisfied. love this product.,30,238,13-04-2023 08:04,April 14,no,5
6932,6933,met expectations. customer service was bad.,35,238,13-04-2023 08:04,April 14,no,6
6933,6934,one star. worst purchase. some pros and cons.,36,238,13-04-2023 08:04,April 14,yes,2
6934,6935,exceeded expectations. easy to use. nothing special.,41,238,13-04-2023 08:04,April 14,yes,1
6935,6936,excellent quality. love this product.,42,238,13-04-2023 08:04,April 14,no,3
6936,6937,fantastic. fantastic. decent for the price.,43,238,13-04-2023 08:04,April 14,yes,1
6937,6938,poor quality. worst purchase.,44,238,13-04-2023 08:04,April 14,no,2
6938,6939,would not recommend. worst purchase.,46,238,13-04-2023 08:04,April 14,no,4
6939,6940,exceeded expectations. very satisfied. could be better.,50,238,13-04-2023 08:04,April 14,yes,2
6940,6941,missing features. waste of money. met expectations.,54,238,13-04-2023 08:04,April 14,yes,1
6941,6942,best purchase ever. fantastic.,55,238,13-04-2023 08:04,April 14,no,2
6942,6943,one star. poor quality.,57,238,13-04-2023 08:04,April 14,yes,0
6943,6944,best purchase ever. fantastic.,60,238,13-04-2023 08:04,April 14,no,5
6944,6945,great value. exceeded expectations.,66,238,13-04-2023 08:04,April 14,no,6
6945,6946,excellent quality. best purchase ever.,70,238,13-04-2023 08:04,April 14,yes,2
6946,6947,love this product. highly recommend. decent for the price.,71,238,13-04-2023 08:04,April 14,yes,1
6947,6948,fantastic. wonderful experience. nothing special.,75,238,13-04-2023 08:04,April 14,no,3
6948,6949,five stars. best purchase ever.,76,238,13-04-2023 08:04,April 14,yes,1
6949,6950,waste of money. very disappointed.,84,238,13-04-2023 08:04,April 14,no,2
6950,6951,excellent quality. wonderful experience.,91,238,13-04-2023 08:04,April 14,no,4
6951,6952,best purchase ever. very satisfied. it's okay.,93,238,13-04-2023 08:04,April 14,yes,2
6952,6953,broke easily. missing features. decent for the price.,100,238,13-04-2023 08:04,April 14,yes,1
6953,6954,best purchase ever. five stars.,2,239,13-04-2023 08:04,April 14,no,2
6954,6955,one star. poor quality.,5,239,13-04-2023 08:04,April 14,yes,0
6955,6956,average product. customer service was bad.,8,239,13-04-2023 08:04,April 14,no,5
6956,6957,bad experience. poor quality.,9,239,13-04-2023 08:04,April 14,no,6
6957,6958,difficult to use. worst purchase. could be better.,10,239,13-04-2023 08:04,April 14,yes,2
6958,6959,it's okay. easy to use.,13,239,13-04-2023 08:04,April 14,yes,1
6959,6960,easy to use. excellent quality.,14,239,13-04-2023 08:04,April 14,no,3
6960,6961,it's okay. missing features.,15,239,13-04-2023 08:04,April 14,yes,1
6961,6962,five stars. highly recommend.,17,239,13-04-2023 08:04,April 14,no,2
6962,6963,difficult to use. waste of money.,21,239,13-04-2023 08:04,April 14,no,4
6963,6964,great value. highly recommend. decent for the price.,24,239,13-04-2023 08:04,April 14,yes,2
6964,6965,works perfectly. wonderful experience. nothing special.,27,239,13-04-2023 08:04,April 14,yes,1
6965,6966,wonderful experience. five stars. decent for the price.,28,239,13-04-2023 08:04,April 14,no,2
6966,6967,great value. easy to use.,36,239,13-04-2023 08:04,April 14,yes,0
6967,6968,waste of money. worst purchase.,37,239,13-04-2023 08:04,April 14,no,5
6968,6969,could be better. love this product.,41,239,13-04-2023 08:04,April 14,no,6
6969,6970,great value. best purchase ever. nothing special.,43,239,13-04-2023 08:04,April 14,yes,2
6970,6971,highly recommend. excellent quality. could be better.,46,239,13-04-2023 08:04,April 14,yes,1
6971,6972,one star. worst purchase.,52,239,13-04-2023 08:04,April 14,no,3
6972,6973,waste of money. one star.,54,239,13-04-2023 08:04,April 14,yes,1
6973,6974,five stars. great value. average product.,56,239,13-04-2023 08:04,April 14,no,2
6974,6975,terrible product. terrible product.,57,239,13-04-2023 08:04,April 14,no,4
6975,6976,does not work. missing features.,60,239,13-04-2023 08:04,April 14,yes,2
6976,6977,wonderful experience. excellent quality.,63,239,13-04-2023 08:04,April 14,yes,1
6977,6978,neither good nor bad. bad experience.,66,239,13-04-2023 08:04,April 14,no,2
6978,6979,difficult to use. very disappointed. nothing special.,70,239,13-04-2023 08:04,April 14,yes,0
6979,6980,customer service was bad. would not recommend.,71,239,13-04-2023 08:04,April 14,no,5
6980,6981,easy to use. highly recommend. nothing special.,75,239,13-04-2023 08:04,April 14,no,6
6981,6982,would not recommend. awful. nothing special.,76,239,13-04-2023 08:04,April 14,yes,2
6982,6983,works as expected. terrible product.,79,239,13-04-2023 08:04,April 14,yes,1
6983,6984,it's okay. five stars.,91,239,13-04-2023 08:04,April 14,no,3
6984,6985,bad experience. does not work.,92,239,13-04-2023 08:04,April 14,yes,1
6985,6986,it's okay. wonderful experience.,98,239,13-04-2023 08:04,April 14,no,2
6986,6987,broke easily. customer service was bad. met expectations.,99,239,13-04-2023 08:04,April 14,no,4
6987,6988,broke easily. difficult to use.,100,239,13-04-2023 08:04,April 14,yes,2
6988,6989,customer service was bad. poor quality.,5,240,13-04-2023 08:04,April 14,yes,1
6989,6990,missing features. broke easily.,8,240,13-04-2023 08:04,April 14,no,2
6990,6991,nothing special. missing features.,11,240,13-04-2023 08:04,April 14,yes,0
6991,6992,very satisfied. easy to use. met expectations.,14,240,13-04-2023 08:04,April 14,no,5
6992,6993,amazing features. five stars.,18,240,13-04-2023 08:04,April 14,no,6
6993,6994,five stars. five stars.,20,240,13-04-2023 08:04,April 14,yes,2
6994,6995,worst purchase. terrible product. some pros and cons.,21,240,13-04-2023 08:04,April 14,yes,1
6995,6996,average product. worst purchase.,24,240,13-04-2023 08:04,April 14,no,3
6996,6997,met expectations. poor quality.,28,240,13-04-2023 08:04,April 14,yes,1
6997,6998,works as expected. five stars.,36,240,13-04-2023 08:04,April 14,no,2
6998,6999,fantastic. excellent quality. neither good nor bad.,37,240,13-04-2023 08:04,April 14,no,4
6999,7000,waste of money. worst purchase. works as expected.,38,240,13-04-2023 08:04,April 14,yes,2
7000,7001,fantastic. wonderful experience.,41,240,13-04-2023 08:04,April 14,yes,1
7001,7002,broke easily. awful.,54,240,13-04-2023 08:04,April 14,no,2
7002,7003,met expectations. five stars.,57,240,13-04-2023 08:04,April 14,yes,0
7003,7004,very satisfied. wonderful experience.,66,240,13-04-2023 08:04,April 14,no,5
7004,7005,worst purchase. one star.,70,240,13-04-2023 08:04,April 14,no,6
7005,7006,some pros and cons. works perfectly.,71,240,13-04-2023 08:04,April 14,yes,2
7006,7007,highly recommend. amazing features.,73,240,13-04-2023 08:04,April 14,yes,1
7007,7008,waste of money. poor quality.,75,240,13-04-2023 08:04,April 14,no,3
7008,7009,love this product. highly recommend. nothing special.,76,240,13-04-2023 08:04,April 14,yes,1
7009,7010,poor quality. worst purchase.,78,240,13-04-2023 08:04,April 14,no,2
7010,7011,awful. customer service was bad. some pros and cons.,85,240,13-04-2023 08:04,April 14,no,4
7011,7012,fantastic. best purchase ever.,87,240,13-04-2023 08:04,April 14,yes,2
7012,7013,wonderful experience. love this product. some pros and cons.,91,240,13-04-2023 08:04,April 14,yes,1
7013,7014,broke easily. does not work.,94,240,13-04-2023 08:04,April 14,no,2
7014,7015,decent for the price. worst purchase.,95,240,13-04-2023 08:04,April 14,yes,0
7015,7016,awful. one star.,99,240,13-04-2023 08:04,April 14,no,5
7016,7017,exceeded expectations. works perfectly.,2,241,13-04-2023 08:04,April 14,no,6
7017,7018,best purchase ever. easy to use.,5,241,13-04-2023 08:04,April 14,yes,2
7018,7019,works as expected. easy to use.,14,241,13-04-2023 08:04,April 14,yes,1
7019,7020,difficult to use. difficult to use.,15,241,13-04-2023 08:04,April 14,no,3
7020,7021,neither good nor bad. very satisfied.,16,241,13-04-2023 08:04,April 14,yes,1
7021,7022,amazing features. great value.,20,241,13-04-2023 08:04,April 14,no,2
7022,7023,exceeded expectations. best purchase ever. some pros and cons.,21,241,13-04-2023 08:04,April 14,no,4
7023,7024,would not recommend. bad experience.,22,241,13-04-2023 08:04,April 14,yes,2
7024,7025,it's okay. five stars.,24,241,13-04-2023 08:04,April 14,yes,1
7025,7026,it's okay. five stars.,26,241,13-04-2023 08:04,April 14,no,2
7026,7027,broke easily. terrible product.,27,241,13-04-2023 08:04,April 14,yes,0
7027,7028,love this product. works perfectly.,36,241,13-04-2023 08:04,April 14,no,5
7028,7029,very satisfied. easy to use.,41,241,13-04-2023 08:04,April 14,no,6
7029,7030,could be better. excellent quality.,44,241,13-04-2023 08:04,April 14,yes,2
7030,7031,met expectations. does not work.,46,241,13-04-2023 08:04,April 14,yes,1
7031,7032,best purchase ever. works perfectly.,47,241,13-04-2023 08:04,April 14,no,3
7032,7033,easy to use. excellent quality.,48,241,13-04-2023 08:04,April 14,yes,1
7033,7034,average product. customer service was bad.,54,241,13-04-2023 08:04,April 14,no,2
7034,7035,worst purchase. missing features.,56,241,13-04-2023 08:04,April 14,no,4
7035,7036,customer service was bad. one star.,57,241,13-04-2023 08:04,April 14,yes,2
7036,7037,works as expected. very disappointed.,63,241,13-04-2023 08:04,April 14,yes,1
7037,7038,awful. would not recommend.,66,241,13-04-2023 08:04,April 14,no,2
7038,7039,amazing features. wonderful experience. average product.,69,241,13-04-2023 08:04,April 14,yes,0
7039,7040,would not recommend. terrible product. decent for the price.,71,241,13-04-2023 08:04,April 14,no,5
7040,7041,love this product. five stars.,75,241,13-04-2023 08:04,April 14,no,6
7041,7042,exceeded expectations. excellent quality.,76,241,13-04-2023 08:04,April 14,yes,2
7042,7043,waste of money. one star.,84,241,13-04-2023 08:04,April 14,yes,1
7043,7044,it's okay. five stars.,91,241,13-04-2023 08:04,April 14,no,3
7044,7045,very satisfied. works perfectly.,96,241,13-04-2023 08:04,April 14,yes,1
7045,7046,works perfectly. five stars.,5,242,13-04-2023 08:04,April 14,no,2
7046,7047,works perfectly. excellent quality.,11,242,13-04-2023 08:04,April 14,no,4
7047,7048,very disappointed. difficult to use. average product.,12,242,13-04-2023 08:04,April 14,yes,2
7048,7049,broke easily. very disappointed.,13,242,13-04-2023 08:04,April 14,yes,1
7049,7050,wonderful experience. five stars.,14,242,13-04-2023 08:04,April 14,no,2
7050,7051,terrible product. awful.,19,242,13-04-2023 08:04,April 14,yes,0
7051,7052,five stars. excellent quality. neither good nor bad.,20,242,13-04-2023 08:04,April 14,no,5
7052,7053,met expectations. very disappointed.,21,242,13-04-2023 08:04,April 14,no,6
7053,7054,broke easily. one star.,22,242,13-04-2023 08:04,April 14,yes,2
7054,7055,highly recommend. very satisfied. nothing special.,24,242,13-04-2023 08:04,April 14,yes,1
7055,7056,average product. customer service was bad.,27,242,13-04-2023 08:04,April 14,no,3
7056,7057,neither good nor bad. best purchase ever.,30,242,13-04-2023 08:04,April 14,yes,1
7057,7058,best purchase ever. best purchase ever. average product.,31,242,13-04-2023 08:04,April 14,no,2
7058,7059,bad experience. difficult to use.,33,242,13-04-2023 08:04,April 14,no,4
7059,7060,best purchase ever. works perfectly.,35,242,13-04-2023 08:04,April 14,yes,2
7060,7061,waste of money. terrible product.,36,242,13-04-2023 08:04,April 14,yes,1
7061,7062,best purchase ever. great value.,41,242,13-04-2023 08:04,April 14,no,2
7062,7063,very disappointed. waste of money.,54,242,13-04-2023 08:04,April 14,yes,0
7063,7064,love this product. fantastic.,57,242,13-04-2023 08:04,April 14,no,5
7064,7065,exceeded expectations. highly recommend.,66,242,13-04-2023 08:04,April 14,no,6
7065,7066,broke easily. waste of money.,67,242,13-04-2023 08:04,April 14,yes,2
7066,7067,one star. bad experience. average product.,70,242,13-04-2023 08:04,April 14,yes,1
7067,7068,love this product. best purchase ever.,71,242,13-04-2023 08:04,April 14,no,3
7068,7069,does not work. missing features.,75,242,13-04-2023 08:04,April 14,yes,1
7069,7070,awful. would not recommend.,76,242,13-04-2023 08:04,April 14,no,2
7070,7071,great value. amazing features.,79,242,13-04-2023 08:04,April 14,no,4
7071,7072,average product. fantastic.,91,242,13-04-2023 08:04,April 14,yes,2
7072,7073,easy to use. amazing features. it's okay.,97,242,13-04-2023 08:04,April 14,yes,1
7073,7074,bad experience. broke easily. nothing special.,2,243,13-04-2023 08:04,April 14,no,2
7074,7075,amazing features. easy to use.,5,243,13-04-2023 08:04,April 14,yes,0
7075,7076,works perfectly. five stars.,8,243,13-04-2023 08:04,April 14,no,5
7076,7077,neither good nor bad. difficult to use.,10,243,13-04-2023 08:04,April 14,no,6
7077,7078,easy to use. best purchase ever.,11,243,13-04-2023 08:04,April 14,yes,2
7078,7079,five stars. amazing features.,14,243,13-04-2023 08:04,April 14,yes,1
7079,7080,wonderful experience. fantastic. average product.,19,243,13-04-2023 08:04,April 14,no,3
7080,7081,decent for the price. fantastic.,21,243,13-04-2023 08:04,April 14,yes,1
7081,7082,love this product. easy to use.,24,243,13-04-2023 08:04,April 14,no,2
7082,7083,works perfectly. wonderful experience.,26,243,13-04-2023 08:04,April 14,no,4
7083,7084,neither good nor bad. wonderful experience.,31,243,13-04-2023 08:04,April 14,yes,2
7084,7085,best purchase ever. highly recommend. some pros and cons.,36,243,13-04-2023 08:04,April 14,yes,1
7085,7086,customer service was bad. missing features.,41,243,13-04-2023 08:04,April 14,no,2
7086,7087,very disappointed. worst purchase. decent for the price.,44,243,13-04-2023 08:04,April 14,yes,0
7087,7088,works perfectly. highly recommend. some pros and cons.,54,243,13-04-2023 08:04,April 14,no,5
7088,7089,difficult to use. missing features.,55,243,13-04-2023 08:04,April 14,no,6
7089,7090,waste of money. awful. nothing special.,56,243,13-04-2023 08:04,April 14,yes,2
7090,7091,one star. one star.,57,243,13-04-2023 08:04,April 14,yes,1
7091,7092,amazing features. love this product.,61,243,13-04-2023 08:04,April 14,no,3
7092,7093,works perfectly. wonderful experience.,66,243,13-04-2023 08:04,April 14,yes,1
7093,7094,could be better. broke easily.,71,243,13-04-2023 08:04,April 14,no,2
7094,7095,love this product. excellent quality.,73,243,13-04-2023 08:04,April 14,no,4
7095,7096,missing features. very disappointed.,75,243,13-04-2023 08:04,April 14,yes,2
7096,7097,missing features. does not work. decent for the price.,76,243,13-04-2023 08:04,April 14,yes,1
7097,7098,very satisfied. works perfectly.,82,243,13-04-2023 08:04,April 14,no,2
7098,7099,best purchase ever. works perfectly. some pros and cons.,84,243,13-04-2023 08:04,April 14,yes,0
7099,7100,would not recommend. customer service was bad.,87,243,13-04-2023 08:04,April 14,no,5
7100,7101,difficult to use. worst purchase.,91,243,13-04-2023 08:04,April 14,no,6
7101,7102,it's okay. waste of money.,96,243,13-04-2023 08:04,April 14,yes,2
7102,7103,neither good nor bad. waste of money.,2,244,13-04-2023 08:04,April 14,yes,1
7103,7104,very disappointed. one star.,3,244,13-04-2023 08:04,April 14,no,3
7104,7105,broke easily. does not work.,5,244,13-04-2023 08:04,April 14,yes,1
7105,7106,fantastic. five stars. works as expected.,8,244,13-04-2023 08:04,April 14,no,2
7106,7107,awful. terrible product.,12,244,13-04-2023 08:04,April 14,no,4
7107,7108,excellent quality. very satisfied.,14,244,13-04-2023 08:04,April 14,yes,2
7108,7109,amazing features. easy to use. met expectations.,16,244,13-04-2023 08:04,April 14,yes,1
7109,7110,works perfectly. works perfectly.,18,244,13-04-2023 08:04,April 14,no,2
7110,7111,waste of money. waste of money.,21,244,13-04-2023 08:04,April 14,yes,0
7111,7112,very disappointed. terrible product.,24,244,13-04-2023 08:04,April 14,no,5
7112,7113,love this product. best purchase ever.,33,244,13-04-2023 08:04,April 14,no,6
7113,7114,very disappointed. awful.,35,244,13-04-2023 08:04,April 14,yes,2
7114,7115,fantastic. love this product.,36,244,13-04-2023 08:04,April 14,yes,1
7115,7116,fantastic. excellent quality.,41,244,13-04-2023 08:04,April 14,no,3
7116,7117,neither good nor bad. one star.,43,244,13-04-2023 08:04,April 14,yes,1
7117,7118,amazing features. easy to use.,46,244,13-04-2023 08:04,April 14,no,2
7118,7119,very disappointed. worst purchase.,50,244,13-04-2023 08:04,April 14,no,4
7119,7120,missing features. would not recommend.,54,244,13-04-2023 08:04,April 14,yes,2
7120,7121,would not recommend. very disappointed.,56,244,13-04-2023 08:04,April 14,yes,1
7121,7122,missing features. waste of money.,57,244,13-04-2023 08:04,April 14,no,2
7122,7123,bad experience. very disappointed.,60,244,13-04-2023 08:04,April 14,yes,0
7123,7124,very disappointed. very disappointed. nothing special.,66,244,13-04-2023 08:04,April 14,no,5
7124,7125,could be better. awful.,71,244,13-04-2023 08:04,April 14,no,6
7125,7126,would not recommend. very disappointed.,75,244,13-04-2023 08:04,April 14,yes,2
7126,7127,could be better. wonderful experience.,76,244,13-04-2023 08:04,April 14,yes,1
7127,7128,very satisfied. highly recommend.,84,244,13-04-2023 08:04,April 14,no,3
7128,7129,terrible product. worst purchase.,85,244,13-04-2023 08:04,April 14,yes,1
7129,7130,love this product. very satisfied.,91,244,13-04-2023 08:04,April 14,no,2
7130,7131,one star. poor quality.,3,245,13-04-2023 08:04,April 14,no,4
7131,7132,waste of money. missing features.,5,245,13-04-2023 08:04,April 14,yes,2
7132,7133,it's okay. one star.,11,245,13-04-2023 08:04,April 14,yes,1
7133,7134,exceeded expectations. amazing features. works as expected.,12,245,13-04-2023 08:04,April 14,no,2
7134,7135,met expectations. wonderful experience.,13,245,13-04-2023 08:04,April 14,yes,0
7135,7136,decent for the price. works perfectly.,14,245,13-04-2023 08:04,April 14,no,5
7136,7137,some pros and cons. missing features.,21,245,13-04-2023 08:04,April 14,no,6
7137,7138,terrible product. missing features.,24,245,13-04-2023 08:04,April 14,yes,2
7138,7139,does not work. very disappointed.,36,245,13-04-2023 08:04,April 14,yes,1
7139,7140,it's okay. difficult to use.,41,245,13-04-2023 08:04,April 14,no,3
7140,7141,some pros and cons. great value.,44,245,13-04-2023 08:04,April 14,yes,1
7141,7142,average product. broke easily.,46,245,13-04-2023 08:04,April 14,no,2
7142,7143,would not recommend. bad experience. could be better.,54,245,13-04-2023 08:04,April 14,no,4
7143,7144,highly recommend. five stars.,57,245,13-04-2023 08:04,April 14,yes,2
7144,7145,decent for the price. customer service was bad.,66,245,13-04-2023 08:04,April 14,yes,1
7145,7146,one star. worst purchase.,70,245,13-04-2023 08:04,April 14,no,2
7146,7147,awful. one star.,71,245,13-04-2023 08:04,April 14,yes,0
7147,7148,fantastic. great value.,75,245,13-04-2023 08:04,April 14,no,5
7148,7149,missing features. very disappointed. could be better.,76,245,13-04-2023 08:04,April 14,no,6
7149,7150,waste of money. worst purchase.,79,245,13-04-2023 08:04,April 14,yes,2
7150,7151,does not work. awful.,84,245,13-04-2023 08:04,April 14,yes,1
7151,7152,would not recommend. missing features. some pros and cons.,85,245,13-04-2023 08:04,April 14,no,3
7152,7153,met expectations. excellent quality.,87,245,13-04-2023 08:04,April 14,yes,1
7153,7154,works as expected. amazing features.,91,245,13-04-2023 08:04,April 14,no,2
7154,7155,love this product. wonderful experience.,92,245,13-04-2023 08:04,April 14,no,4
7155,7156,difficult to use. terrible product.,98,245,13-04-2023 08:04,April 14,yes,2
7156,7157,bad experience. awful.,4,246,13-04-2023 08:04,April 14,yes,1
7157,7158,does not work. broke easily.,5,246,13-04-2023 08:04,April 14,no,2
7158,7159,fantastic. works perfectly. works as expected.,14,246,13-04-2023 08:04,April 14,yes,0
7159,7160,poor quality. customer service was bad.,17,246,13-04-2023 08:04,April 14,no,5
7160,7161,easy to use. works perfectly.,21,246,13-04-2023 08:04,April 14,no,6
7161,7162,terrible product. difficult to use.,24,246,13-04-2023 08:04,April 14,yes,2
7162,7163,difficult to use. does not work. could be better.,26,246,13-04-2023 08:04,April 14,yes,1
7163,7164,terrible product. one star. average product.,27,246,13-04-2023 08:04,April 14,no,3
7164,7165,nothing special. waste of money.,31,246,13-04-2023 08:04,April 14,yes,1
7165,7166,difficult to use. waste of money. works as expected.,33,246,13-04-2023 08:04,April 14,no,2
7166,7167,excellent quality. love this product.,36,246,13-04-2023 08:04,April 14,no,4
7167,7168,easy to use. easy to use. decent for the price.,39,246,13-04-2023 08:04,April 14,yes,2
7168,7169,five stars. works perfectly.,40,246,13-04-2023 08:04,April 14,yes,1
7169,7170,fantastic. exceeded expectations.,41,246,13-04-2023 08:04,April 14,no,2
7170,7171,missing features. awful.,42,246,13-04-2023 08:04,April 14,yes,0
7171,7172,customer service was bad. would not recommend. average product.,54,246,13-04-2023 08:04,April 14,no,5
7172,7173,great value. best purchase ever.,55,246,13-04-2023 08:04,April 14,no,6
7173,7174,very disappointed. worst purchase.,57,246,13-04-2023 08:04,April 14,yes,2
7174,7175,amazing features. very satisfied.,66,246,13-04-2023 08:04,April 14,yes,1
7175,7176,worst purchase. bad experience.,67,246,13-04-2023 08:04,April 14,no,3
7176,7177,excellent quality. five stars.,71,246,13-04-2023 08:04,April 14,yes,1
7177,7178,does not work. worst purchase. could be better.,75,246,13-04-2023 08:04,April 14,no,2
7178,7179,met expectations. fantastic.,76,246,13-04-2023 08:04,April 14,no,4
7179,7180,works perfectly. works perfectly.,78,246,13-04-2023 08:04,April 14,yes,2
7180,7181,worst purchase. poor quality. some pros and cons.,79,246,13-04-2023 08:04,April 14,yes,1
7181,7182,broke easily. awful.,82,246,13-04-2023 08:04,April 14,no,2
7182,7183,met expectations. does not work.,87,246,13-04-2023 08:04,April 14,yes,0
7183,7184,best purchase ever. amazing features.,91,246,13-04-2023 08:04,April 14,no,5
7184,7185,love this product. easy to use.,93,246,13-04-2023 08:04,April 14,no,6
7185,7186,broke easily. worst purchase. neither good nor bad.,3,247,13-04-2023 08:04,April 14,yes,2
7186,7187,worst purchase. difficult to use. decent for the price.,5,247,13-04-2023 08:04,April 14,yes,1
7187,7188,broke easily. difficult to use.,6,247,13-04-2023 08:04,April 14,no,3
7188,7189,best purchase ever. easy to use. could be better.,10,247,13-04-2023 08:04,April 14,yes,1
7189,7190,works as expected. awful.,12,247,13-04-2023 08:04,April 14,no,2
7190,7191,awful. terrible product.,14,247,13-04-2023 08:04,April 14,no,4
7191,7192,bad experience. worst purchase.,16,247,13-04-2023 08:04,April 14,yes,2
7192,7193,customer service was bad. broke easily.,20,247,13-04-2023 08:04,April 14,yes,1
7193,7194,works perfectly. exceeded expectations.,21,247,13-04-2023 08:04,April 14,no,2
7194,7195,great value. five stars.,22,247,13-04-2023 08:04,April 14,yes,0
7195,7196,highly recommend. great value.,24,247,13-04-2023 08:04,April 14,no,5
7196,7197,awful. customer service was bad.,27,247,13-04-2023 08:04,April 14,no,6
7197,7198,terrible product. waste of money.,28,247,13-04-2023 08:04,April 14,yes,2
7198,7199,broke easily. worst purchase.,30,247,13-04-2023 08:04,April 14,yes,1
7199,7200,fantastic. exceeded expectations.,32,247,13-04-2023 08:04,April 14,no,3
7200,7201,would not recommend. broke easily.,36,247,13-04-2023 08:04,April 14,yes,1
7201,7202,excellent quality. amazing features. it's okay.,37,247,13-04-2023 08:04,April 14,no,2
7202,7203,waste of money. very disappointed.,40,247,13-04-2023 08:04,April 14,no,4
7203,7204,worst purchase. terrible product. works as expected.,41,247,13-04-2023 08:04,April 14,yes,2
7204,7205,awful. does not work.,42,247,13-04-2023 08:04,April 14,yes,1
7205,7206,highly recommend. great value. some pros and cons.,46,247,13-04-2023 08:04,April 14,no,2
7206,7207,some pros and cons. excellent quality.,54,247,13-04-2023 08:04,April 14,yes,0
7207,7208,fantastic. amazing features.,55,247,13-04-2023 08:04,April 14,no,5
7208,7209,met expectations. great value.,57,247,13-04-2023 08:04,April 14,no,6
7209,7210,one star. bad experience.,60,247,13-04-2023 08:04,April 14,yes,2
7210,7211,wonderful experience. works perfectly.,63,247,13-04-2023 08:04,April 14,yes,1
7211,7212,very disappointed. awful.,66,247,13-04-2023 08:04,April 14,no,3
7212,7213,amazing features. wonderful experience.,67,247,13-04-2023 08:04,April 14,yes,1
7213,7214,broke easily. very disappointed. decent for the price.,69,247,13-04-2023 08:04,April 14,no,2
7214,7215,neither good nor bad. exceeded expectations.,70,247,13-04-2023 08:04,April 14,no,4
7215,7216,wonderful experience. wonderful experience. average product.,71,247,13-04-2023 08:04,April 14,yes,2
7216,7217,excellent quality. five stars. works as expected.,73,247,13-04-2023 08:04,April 14,yes,1
7217,7218,decent for the price. highly recommend.,75,247,13-04-2023 08:04,April 14,no,2
7218,7219,love this product. five stars. met expectations.,76,247,13-04-2023 08:04,April 14,yes,0
7219,7220,customer service was bad. bad experience.,78,247,13-04-2023 08:04,April 14,no,5
7220,7221,neither good nor bad. love this product.,79,247,13-04-2023 08:04,April 14,no,6
7221,7222,average product. wonderful experience.,91,247,13-04-2023 08:04,April 14,yes,2
7222,7223,amazing features. easy to use.,95,247,13-04-2023 08:04,April 14,yes,1
7223,7224,highly recommend. very satisfied. works as expected.,98,247,13-04-2023 08:04,April 14,no,3
7224,7225,bad experience. waste of money.,5,248,13-04-2023 08:04,April 14,yes,1
7225,7226,amazing features. great value.,6,248,13-04-2023 08:04,April 14,no,2
7226,7227,poor quality. bad experience. it's okay.,10,248,13-04-2023 08:04,April 14,no,4
7227,7228,one star. broke easily.,11,248,13-04-2023 08:04,April 14,yes,2
7228,7229,awful. broke easily.,14,248,13-04-2023 08:04,April 14,yes,1
7229,7230,fantastic. five stars.,18,248,13-04-2023 08:04,April 14,no,2
7230,7231,easy to use. love this product.,19,248,13-04-2023 08:04,April 14,yes,0
7231,7232,amazing features. five stars. met expectations.,21,248,13-04-2023 08:04,April 14,no,5
7232,7233,fantastic. exceeded expectations.,24,248,13-04-2023 08:04,April 14,no,6
7233,7234,poor quality. customer service was bad.,26,248,13-04-2023 08:04,April 14,yes,2
7234,7235,some pros and cons. very satisfied.,30,248,13-04-2023 08:04,April 14,yes,1
7235,7236,some pros and cons. very disappointed.,36,248,13-04-2023 08:04,April 14,no,3
7236,7237,fantastic. excellent quality.,41,248,13-04-2023 08:04,April 14,yes,1
7237,7238,would not recommend. worst purchase.,54,248,13-04-2023 08:04,April 14,no,2
7238,7239,poor quality. poor quality. it's okay.,57,248,13-04-2023 08:04,April 14,no,4
7239,7240,met expectations. missing features.,62,248,13-04-2023 08:04,April 14,yes,2
7240,7241,awful. poor quality.,63,248,13-04-2023 08:04,April 14,yes,1
7241,7242,highly recommend. highly recommend.,66,248,13-04-2023 08:04,April 14,no,2
7242,7243,worst purchase. customer service was bad. met expectations.,71,248,13-04-2023 08:04,April 14,yes,0
7243,7244,wonderful experience. works perfectly. neither good nor bad.,75,248,13-04-2023 08:04,April 14,no,5
7244,7245,great value. easy to use. average product.,76,248,13-04-2023 08:04,April 14,no,6
7245,7246,awful. missing features.,79,248,13-04-2023 08:04,April 14,yes,2
7246,7247,wonderful experience. very satisfied. it's okay.,91,248,13-04-2023 08:04,April 14,yes,1
7247,7248,best purchase ever. wonderful experience.,96,248,13-04-2023 08:04,April 14,no,3
7248,7249,highly recommend. five stars. it's okay.,98,248,13-04-2023 08:04,April 14,yes,1
7249,7250,decent for the price. highly recommend.,3,249,13-04-2023 08:04,April 14,no,2
7250,7251,worst purchase. does not work.,5,249,13-04-2023 08:04,April 14,no,4
7251,7252,excellent quality. fantastic.,12,249,13-04-2023 08:04,April 14,yes,2
7252,7253,would not recommend. customer service was bad. average product.,14,249,13-04-2023 08:04,April 14,yes,1
7253,7254,very satisfied. five stars.,18,249,13-04-2023 08:04,April 14,no,2
7254,7255,broke easily. missing features.,19,249,13-04-2023 08:04,April 14,yes,0
7255,7256,awful. one star. neither good nor bad.,20,249,13-04-2023 08:04,April 14,no,5
7256,7257,some pros and cons. highly recommend.,21,249,13-04-2023 08:04,April 14,no,6
7257,7258,met expectations. amazing features.,24,249,13-04-2023 08:04,April 14,yes,2
7258,7259,decent for the price. awful.,27,249,13-04-2023 08:04,April 14,yes,1
7259,7260,exceeded expectations. wonderful experience. average product.,30,249,13-04-2023 08:04,April 14,no,3
7260,7261,bad experience. terrible product. met expectations.,33,249,13-04-2023 08:04,April 14,yes,1
7261,7262,love this product. works perfectly. nothing special.,36,249,13-04-2023 08:04,April 14,no,2
7262,7263,exceeded expectations. excellent quality.,41,249,13-04-2023 08:04,April 14,no,4
7263,7264,fantastic. exceeded expectations.,44,249,13-04-2023 08:04,April 14,yes,2
7264,7265,wonderful experience. highly recommend.,48,249,13-04-2023 08:04,April 14,yes,1
7265,7266,terrible product. difficult to use.,50,249,13-04-2023 08:04,April 14,no,2
7266,7267,easy to use. best purchase ever.,54,249,13-04-2023 08:04,April 14,yes,0
7267,7268,awful. awful.,55,249,13-04-2023 08:04,April 14,no,5
7268,7269,works as expected. customer service was bad.,56,249,13-04-2023 08:04,April 14,no,6
7269,7270,excellent quality. excellent quality.,57,249,13-04-2023 08:04,April 14,yes,2
7270,7271,bad experience. missing features. some pros and cons.,60,249,13-04-2023 08:04,April 14,yes,1
7271,7272,met expectations. very satisfied.,62,249,13-04-2023 08:04,April 14,no,3
7272,7273,some pros and cons. wonderful experience.,63,249,13-04-2023 08:04,April 14,yes,1
7273,7274,some pros and cons. love this product.,66,249,13-04-2023 08:04,April 14,no,2
7274,7275,great value. works perfectly.,69,249,13-04-2023 08:04,April 14,no,4
7275,7276,does not work. one star. works as expected.,71,249,13-04-2023 08:04,April 14,yes,2
7276,7277,waste of money. worst purchase.,73,249,13-04-2023 08:04,April 14,yes,1
7277,7278,missing features. one star. decent for the price.,75,249,13-04-2023 08:04,April 14,no,2
7278,7279,easy to use. very satisfied.,76,249,13-04-2023 08:04,April 14,yes,0
7279,7280,easy to use. exceeded expectations. decent for the price.,84,249,13-04-2023 08:04,April 14,no,5
7280,7281,works perfectly. highly recommend.,91,249,13-04-2023 08:04,April 14,no,6
7281,7282,nothing special. bad experience.,92,249,13-04-2023 08:04,April 14,yes,2
7282,7283,best purchase ever. highly recommend.,99,249,13-04-2023 08:04,April 14,yes,1
7283,7284,worst purchase. missing features.,4,250,13-04-2023 08:04,April 14,no,3
7284,7285,easy to use. fantastic.,5,250,13-04-2023 08:04,April 14,yes,1
7285,7286,highly recommend. highly recommend. met expectations.,6,250,13-04-2023 08:04,April 14,no,2
7286,7287,broke easily. bad experience.,8,250,13-04-2023 08:04,April 14,no,4
7287,7288,amazing features. best purchase ever. some pros and cons.,9,250,13-04-2023 08:04,April 14,yes,2
7288,7289,love this product. best purchase ever. nothing special.,10,250,13-04-2023 08:04,April 14,yes,1
7289,7290,difficult to use. worst purchase.,11,250,13-04-2023 08:04,April 14,no,2
7290,7291,average product. love this product.,14,250,13-04-2023 08:04,April 14,yes,0
7291,7292,neither good nor bad. very disappointed.,21,250,13-04-2023 08:04,April 14,no,5
7292,7293,exceeded expectations. best purchase ever. some pros and cons.,24,250,13-04-2023 08:04,April 14,no,6
7293,7294,waste of money. poor quality.,36,250,13-04-2023 08:04,April 14,yes,2
7294,7295,five stars. works perfectly.,39,250,13-04-2023 08:04,April 14,yes,1
7295,7296,would not recommend. does not work.,41,250,13-04-2023 08:04,April 14,no,3
7296,7297,difficult to use. would not recommend.,46,250,13-04-2023 08:04,April 14,yes,1
7297,7298,five stars. exceeded expectations.,47,250,13-04-2023 08:04,April 14,no,2
7298,7299,worst purchase. does not work. average product.,54,250,13-04-2023 08:04,April 14,no,4
7299,7300,easy to use. highly recommend. nothing special.,57,250,13-04-2023 08:04,April 14,yes,2
7300,7301,amazing features. easy to use.,66,250,13-04-2023 08:04,April 14,yes,1
7301,7302,one star. awful.,71,250,13-04-2023 08:04,April 14,no,2
7302,7303,five stars. love this product.,75,250,13-04-2023 08:04,April 14,yes,0
7303,7304,excellent quality. fantastic.,76,250,13-04-2023 08:04,April 14,no,5
7304,7305,very disappointed. would not recommend.,85,250,13-04-2023 08:04,April 14,no,6
7305,7306,wonderful experience. excellent quality.,91,250,13-04-2023 08:04,April 14,yes,2
7306,7307,broke easily. does not work.,5,251,13-04-2023 08:04,April 14,yes,1
7307,7308,very disappointed. does not work.,8,251,13-04-2023 08:04,April 14,no,3
7308,7309,love this product. best purchase ever.,10,251,13-04-2023 08:04,April 14,yes,1
7309,7310,best purchase ever. very satisfied. neither good nor bad.,14,251,13-04-2023 08:04,April 14,no,2
7310,7311,works perfectly. excellent quality. works as expected.,15,251,13-04-2023 08:04,April 14,no,4
7311,7312,missing features. poor quality. met expectations.,21,251,13-04-2023 08:04,April 14,yes,2
7312,7313,very disappointed. customer service was bad. works as expected.,24,251,13-04-2023 08:04,April 14,yes,1
7313,7314,decent for the price. great value.,36,251,13-04-2023 08:04,April 14,no,2
7314,7315,would not recommend. bad experience.,37,251,13-04-2023 08:04,April 14,yes,0
7315,7316,excellent quality. wonderful experience. met expectations.,40,251,13-04-2023 08:04,April 14,no,5
7316,7317,easy to use. works perfectly.,41,251,13-04-2023 08:04,April 14,no,6
7317,7318,excellent quality. exceeded expectations.,44,251,13-04-2023 08:04,April 14,yes,2
7318,7319,waste of money. missing features.,48,251,13-04-2023 08:04,April 14,yes,1
7319,7320,nothing special. terrible product.,54,251,13-04-2023 08:04,April 14,no,3
7320,7321,highly recommend. highly recommend.,57,251,13-04-2023 08:04,April 14,yes,1
7321,7322,bad experience. does not work.,61,251,13-04-2023 08:04,April 14,no,2
7322,7323,easy to use. excellent quality. decent for the price.,66,251,13-04-2023 08:04,April 14,no,4
7323,7324,great value. love this product.,71,251,13-04-2023 08:04,April 14,yes,2
7324,7325,poor quality. waste of money.,75,251,13-04-2023 08:04,April 14,yes,1
7325,7326,five stars. exceeded expectations.,76,251,13-04-2023 08:04,April 14,no,2
7326,7327,highly recommend. excellent quality.,91,251,13-04-2023 08:04,April 14,yes,0
7327,7328,wonderful experience. very satisfied.,94,251,13-04-2023 08:04,April 14,no,5
7328,7329,awful. missing features.,98,251,13-04-2023 08:04,April 14,no,6
7329,7330,terrible product. worst purchase.,99,251,13-04-2023 08:04,April 14,yes,2
7330,7331,easy to use. excellent quality.,4,252,13-04-2023 08:04,April 14,yes,1
7331,7332,does not work. waste of money.,5,252,13-04-2023 08:04,April 14,no,3
7332,7333,missing features. difficult to use.,14,252,13-04-2023 08:04,April 14,yes,1
7333,7334,fantastic. love this product.,15,252,13-04-2023 08:04,April 14,no,2
7334,7335,highly recommend. exceeded expectations.,21,252,13-04-2023 08:04,April 14,no,4
7335,7336,decent for the price. very disappointed.,24,252,13-04-2023 08:04,April 14,yes,2
7336,7337,awful. awful.,26,252,13-04-2023 08:04,April 14,yes,1
7337,7338,would not recommend. customer service was bad. some pros and cons.,35,252,13-04-2023 08:04,April 14,no,2
7338,7339,worst purchase. waste of money. could be better.,36,252,13-04-2023 08:04,April 14,yes,0
7339,7340,one star. poor quality. it's okay.,41,252,13-04-2023 08:04,April 14,no,5
7340,7341,broke easily. customer service was bad.,44,252,13-04-2023 08:04,April 14,no,6
7341,7342,would not recommend. waste of money.,46,252,13-04-2023 08:04,April 14,yes,2
7342,7343,neither good nor bad. one star.,54,252,13-04-2023 08:04,April 14,yes,1
7343,7344,customer service was bad. waste of money.,56,252,13-04-2023 08:04,April 14,no,3
7344,7345,exceeded expectations. amazing features.,57,252,13-04-2023 08:04,April 14,yes,1
7345,7346,great value. highly recommend.,66,252,13-04-2023 08:04,April 14,no,2
7346,7347,decent for the price. awful.,71,252,13-04-2023 08:04,April 14,no,4
7347,7348,neither good nor bad. missing features.,72,252,13-04-2023 08:04,April 14,yes,2
7348,7349,fantastic. love this product.,75,252,13-04-2023 08:04,April 14,yes,1
7349,7350,works as expected. best purchase ever.,76,252,13-04-2023 08:04,April 14,no,2
7350,7351,waste of money. customer service was bad.,79,252,13-04-2023 08:04,April 14,yes,0
7351,7352,some pros and cons. very disappointed.,82,252,13-04-2023 08:04,April 14,no,5
7352,7353,one star. terrible product. some pros and cons.,91,252,13-04-2023 08:04,April 14,no,6
7353,7354,does not work. difficult to use.,99,252,13-04-2023 08:04,April 14,yes,2
7354,7355,nothing special. awful.,5,253,13-04-2023 08:04,April 14,yes,1
7355,7356,met expectations. waste of money.,8,253,13-04-2023 08:04,April 14,no,3
7356,7357,bad experience. would not recommend.,14,253,13-04-2023 08:04,April 14,yes,1
7357,7358,fantastic. great value.,15,253,13-04-2023 08:04,April 14,no,2
7358,7359,excellent quality. works perfectly. works as expected.,21,253,13-04-2023 08:04,April 14,no,4
7359,7360,bad experience. one star.,22,253,13-04-2023 08:04,April 14,yes,2
7360,7361,wonderful experience. highly recommend. it's okay.,24,253,13-04-2023 08:04,April 14,yes,1
7361,7362,terrible product. broke easily.,27,253,13-04-2023 08:04,April 14,no,2
7362,7363,it's okay. would not recommend.,36,253,13-04-2023 08:04,April 14,yes,0
7363,7364,decent for the price. wonderful experience.,37,253,13-04-2023 08:04,April 14,no,5
7364,7365,terrible product. customer service was bad.,38,253,13-04-2023 08:04,April 14,no,6
7365,7366,works perfectly. best purchase ever.,39,253,13-04-2023 08:04,April 14,yes,2
7366,7367,great value. best purchase ever.,41,253,13-04-2023 08:04,April 14,yes,1
7367,7368,easy to use. easy to use.,42,253,13-04-2023 08:04,April 14,no,3
7368,7369,customer service was bad. one star. some pros and cons.,47,253,13-04-2023 08:04,April 14,yes,1
7369,7370,fantastic. five stars. met expectations.,54,253,13-04-2023 08:04,April 14,no,2
7370,7371,fantastic. best purchase ever. met expectations.,55,253,13-04-2023 08:04,April 14,no,4
7371,7372,one star. missing features.,57,253,13-04-2023 08:04,April 14,yes,2
7372,7373,some pros and cons. excellent quality.,66,253,13-04-2023 08:04,April 14,yes,1
7373,7374,poor quality. awful.,71,253,13-04-2023 08:04,April 14,no,2
7374,7375,fantastic. amazing features.,75,253,13-04-2023 08:04,April 14,yes,0
7375,7376,easy to use. best purchase ever. it's okay.,76,253,13-04-2023 08:04,April 14,no,5
7376,7377,some pros and cons. love this product.,79,253,13-04-2023 08:04,April 14,no,6
7377,7378,missing features. difficult to use.,91,253,13-04-2023 08:04,April 14,yes,2
7378,7379,bad experience. poor quality.,95,253,13-04-2023 08:04,April 14,yes,1
7379,7380,it's okay. very disappointed.,98,253,13-04-2023 08:04,April 14,no,3
7380,7381,poor quality. very disappointed.,2,254,13-04-2023 08:04,April 14,yes,1
7381,7382,does not work. bad experience.,5,254,13-04-2023 08:04,April 14,no,2
7382,7383,works perfectly. works perfectly.,12,254,13-04-2023 08:04,April 14,no,4
7383,7384,highly recommend. highly recommend.,13,254,13-04-2023 08:04,April 14,yes,2
7384,7385,amazing features. fantastic.,14,254,13-04-2023 08:04,April 14,yes,1
7385,7386,missing features. awful.,17,254,13-04-2023 08:04,April 14,no,2
7386,7387,very satisfied. easy to use.,21,254,13-04-2023 08:04,April 14,yes,0
7387,7388,does not work. waste of money.,24,254,13-04-2023 08:04,April 14,no,5
7388,7389,five stars. amazing features.,35,254,13-04-2023 08:04,April 14,no,6
7389,7390,fantastic. excellent quality. nothing special.,36,254,13-04-2023 08:04,April 14,yes,2
7390,7391,wonderful experience. works perfectly.,38,254,13-04-2023 08:04,April 14,yes,1
7391,7392,neither good nor bad. great value.,41,254,13-04-2023 08:04,April 14,no,3
7392,7393,very satisfied. works perfectly.,52,254,13-04-2023 08:04,April 14,yes,1
7393,7394,love this product. wonderful experience.,54,254,13-04-2023 08:04,April 14,no,2
7394,7395,five stars. very satisfied.,57,254,13-04-2023 08:04,April 14,no,4
7395,7396,works as expected. missing features.,60,254,13-04-2023 08:04,April 14,yes,2
7396,7397,great value. works perfectly. some pros and cons.,65,254,13-04-2023 08:04,April 14,yes,1
7397,7398,five stars. five stars.,66,254,13-04-2023 08:04,April 14,no,2
7398,7399,awful. poor quality.,69,254,13-04-2023 08:04,April 14,yes,0
7399,7400,five stars. fantastic. it's okay.,71,254,13-04-2023 08:04,April 14,no,5
7400,7401,amazing features. works perfectly.,75,254,13-04-2023 08:04,April 14,no,6
7401,7402,very disappointed. terrible product.,76,254,13-04-2023 08:04,April 14,yes,2
7402,7403,nothing special. poor quality.,91,254,13-04-2023 08:04,April 14,yes,1
7403,7404,one star. difficult to use. nothing special.,93,254,13-04-2023 08:04,April 14,no,3
7404,7405,works perfectly. highly recommend.,96,254,13-04-2023 08:04,April 14,yes,1
7405,7406,great value. highly recommend.,98,254,13-04-2023 08:04,April 14,no,2
7406,7407,works perfectly. five stars.,4,255,13-04-2023 08:04,April 14,no,4
7407,7408,broke easily. broke easily.,5,255,13-04-2023 08:04,April 14,yes,2
7408,7409,nothing special. works perfectly.,10,255,13-04-2023 08:04,April 14,yes,1
7409,7410,could be better. worst purchase.,11,255,13-04-2023 08:04,April 14,no,2
7410,7411,does not work. missing features.,14,255,13-04-2023 08:04,April 14,yes,0
7411,7412,fantastic. very satisfied. nothing special.,16,255,13-04-2023 08:04,April 14,no,5
7412,7413,awful. would not recommend.,20,255,13-04-2023 08:04,April 14,no,6
7413,7414,some pros and cons. highly recommend.,21,255,13-04-2023 08:04,April 14,yes,2
7414,7415,easy to use. wonderful experience.,24,255,13-04-2023 08:04,April 14,yes,1
7415,7416,excellent quality. great value.,27,255,13-04-2023 08:04,April 14,no,3
7416,7417,love this product. great value. some pros and cons.,30,255,13-04-2023 08:04,April 14,yes,1
7417,7418,fantastic. love this product. neither good nor bad.,31,255,13-04-2023 08:04,April 14,no,2
7418,7419,amazing features. works perfectly.,32,255,13-04-2023 08:04,April 14,no,4
7419,7420,highly recommend. amazing features.,36,255,13-04-2023 08:04,April 14,yes,2
7420,7421,five stars. wonderful experience.,41,255,13-04-2023 08:04,April 14,yes,1
7421,7422,exceeded expectations. easy to use.,43,255,13-04-2023 08:04,April 14,no,2
7422,7423,one star. very disappointed. could be better.,54,255,13-04-2023 08:04,April 14,yes,0
7423,7424,it's okay. customer service was bad.,57,255,13-04-2023 08:04,April 14,no,5
7424,7425,met expectations. terrible product.,65,255,13-04-2023 08:04,April 14,no,6
7425,7426,neither good nor bad. terrible product.,66,255,13-04-2023 08:04,April 14,yes,2
7426,7427,missing features. missing features.,71,255,13-04-2023 08:04,April 14,yes,1
7427,7428,difficult to use. difficult to use.,75,255,13-04-2023 08:04,April 14,no,3
7428,7429,wonderful experience. love this product.,76,255,13-04-2023 08:04,April 14,yes,1
7429,7430,decent for the price. wonderful experience.,79,255,13-04-2023 08:04,April 14,no,2
7430,7431,one star. worst purchase.,91,255,13-04-2023 08:04,April 14,no,4
7431,7432,customer service was bad. bad experience.,92,255,13-04-2023 08:04,April 14,yes,2
7432,7433,poor quality. would not recommend.,94,255,13-04-2023 08:04,April 14,yes,1
7433,7434,fantastic. highly recommend.,95,255,13-04-2023 08:04,April 14,no,2
7434,7435,easy to use. excellent quality.,96,255,13-04-2023 08:04,April 14,yes,0
7435,7436,customer service was bad. poor quality. some pros and cons.,5,256,13-04-2023 08:04,April 14,no,5
7436,7437,very disappointed. broke easily.,12,256,13-04-2023 08:04,April 14,no,6
7437,7438,fantastic. excellent quality. works as expected.,14,256,13-04-2023 08:04,April 14,yes,2
7438,7439,decent for the price. missing features.,18,256,13-04-2023 08:04,April 14,yes,1
7439,7440,broke easily. poor quality.,20,256,13-04-2023 08:04,April 14,no,3
7440,7441,five stars. five stars.,21,256,13-04-2023 08:04,April 14,yes,1
7441,7442,some pros and cons. fantastic.,24,256,13-04-2023 08:04,April 14,no,2
7442,7443,nothing special. fantastic.,30,256,13-04-2023 08:04,April 14,no,4
7443,7444,would not recommend. waste of money.,31,256,13-04-2023 08:04,April 14,yes,2
7444,7445,worst purchase. one star.,36,256,13-04-2023 08:04,April 14,yes,1
7445,7446,it's okay. great value.,39,256,13-04-2023 08:04,April 14,no,2
7446,7447,very disappointed. terrible product. it's okay.,40,256,13-04-2023 08:04,April 14,yes,0
7447,7448,fantastic. exceeded expectations.,41,256,13-04-2023 08:04,April 14,no,5
7448,7449,very satisfied. exceeded expectations.,43,256,13-04-2023 08:04,April 14,no,6
7449,7450,broke easily. bad experience.,50,256,13-04-2023 08:04,April 14,yes,2
7450,7451,one star. waste of money.,52,256,13-04-2023 08:04,April 14,yes,1
7451,7452,wonderful experience. wonderful experience.,54,256,13-04-2023 08:04,April 14,no,3
7452,7453,highly recommend. great value. it's okay.,57,256,13-04-2023 08:04,April 14,yes,1
7453,7454,easy to use. works perfectly.,61,256,13-04-2023 08:04,April 14,no,2
7454,7455,waste of money. customer service was bad.,62,256,13-04-2023 08:04,April 14,no,4
7455,7456,highly recommend. works perfectly. could be better.,65,256,13-04-2023 08:04,April 14,yes,2
7456,7457,excellent quality. exceeded expectations. it's okay.,66,256,13-04-2023 08:04,April 14,yes,1
7457,7458,met expectations. worst purchase.,69,256,13-04-2023 08:04,April 14,no,2
7458,7459,decent for the price. highly recommend.,71,256,13-04-2023 08:04,April 14,yes,0
7459,7460,met expectations. one star.,75,256,13-04-2023 08:04,April 14,no,5
7460,7461,love this product. fantastic. met expectations.,76,256,13-04-2023 08:04,April 14,no,6
7461,7462,one star. one star.,87,256,13-04-2023 08:04,April 14,yes,2
7462,7463,customer service was bad. awful.,91,256,13-04-2023 08:04,April 14,yes,1
7463,7464,average product. waste of money.,94,256,13-04-2023 08:04,April 14,no,3
7464,7465,nothing special. does not work.,3,257,13-04-2023 08:04,April 14,yes,1
7465,7466,terrible product. terrible product.,5,257,13-04-2023 08:04,April 14,no,2
7466,7467,neither good nor bad. very satisfied.,13,257,13-04-2023 08:04,April 14,no,4
7467,7468,best purchase ever. best purchase ever.,14,257,13-04-2023 08:04,April 14,yes,2
7468,7469,fantastic. works perfectly. some pros and cons.,15,257,13-04-2023 08:04,April 14,yes,1
7469,7470,could be better. easy to use.,21,257,13-04-2023 08:04,April 14,no,2
7470,7471,decent for the price. waste of money.,24,257,13-04-2023 08:04,April 14,yes,0
7471,7472,amazing features. love this product.,26,257,13-04-2023 08:04,April 14,no,5
7472,7473,would not recommend. customer service was bad. works as expected.,36,257,13-04-2023 08:04,April 14,no,6
7473,7474,average product. works perfectly.,41,257,13-04-2023 08:04,April 14,yes,2
7474,7475,neither good nor bad. one star.,54,257,13-04-2023 08:04,April 14,yes,1
7475,7476,wonderful experience. fantastic. average product.,57,257,13-04-2023 08:04,April 14,no,3
7476,7477,decent for the price. terrible product.,62,257,13-04-2023 08:04,April 14,yes,1
7477,7478,does not work. waste of money.,63,257,13-04-2023 08:04,April 14,no,2
7478,7479,customer service was bad. worst purchase.,66,257,13-04-2023 08:04,April 14,no,4
7479,7480,excellent quality. five stars. decent for the price.,69,257,13-04-2023 08:04,April 14,yes,2
7480,7481,fantastic. excellent quality.,71,257,13-04-2023 08:04,April 14,yes,1
7481,7482,broke easily. missing features.,75,257,13-04-2023 08:04,April 14,no,2
7482,7483,poor quality. very disappointed.,76,257,13-04-2023 08:04,April 14,yes,0
7483,7484,one star. missing features. some pros and cons.,82,257,13-04-2023 08:04,April 14,no,5
7484,7485,broke easily. poor quality.,91,257,13-04-2023 08:04,April 14,no,6
7485,7486,works perfectly. love this product.,93,257,13-04-2023 08:04,April 14,yes,2
7486,7487,best purchase ever. easy to use.,95,257,13-04-2023 08:04,April 14,yes,1
7487,7488,awful. difficult to use. neither good nor bad.,96,257,13-04-2023 08:04,April 14,no,3
